"id";"name";"brand";"category";"date";"price"
"1076099357";"Severka Dárková krabička čokoládová mléčná zvířátka 3 x 10 g";"Severka";"Heureka.cz|Jídlo a nápoje|Sladkosti|Čokoládové figurky|Severka Dárková krabička čokoládová mléčná zvířátka 3 x 10 g";"2025-10-23";46.0
"1076099357";"Severka Dárková krabička čokoládová mléčná zvířátka 3 x 10 g";"Severka";"Heureka.cz|Jídlo a nápoje|Sladkosti|Čokoládové figurky|Severka Dárková krabička čokoládová mléčná zvířátka 3 x 10 g";"2025-10-23";50.0
"1076099357";"Severka Dárková krabička čokoládová mléčná zvířátka 3 x 10 g";"Severka";"Heureka.cz|Jídlo a nápoje|Sladkosti|Čokoládové figurky|Severka Dárková krabička čokoládová mléčná zvířátka 3 x 10 g";"2025-10-23";52.0
"1076099357";"Severka Dárková krabička čokoládová mléčná zvířátka 3 x 10 g";"Severka";"Heureka.cz|Jídlo a nápoje|Sladkosti|Čokoládové figurky|Severka Dárková krabička čokoládová mléčná zvířátka 3 x 10 g";"2025-10-23";56.0
"1076099357";"Severka Dárková krabička čokoládová mléčná zvířátka 3 x 10 g";"Severka";"Heureka.cz|Jídlo a nápoje|Sladkosti|Čokoládové figurky|Severka Dárková krabička čokoládová mléčná zvířátka 3 x 10 g";"2025-10-23";56.0
"1076099357";"Severka Dárková krabička čokoládová mléčná zvířátka 3 x 10 g";"Severka";"Heureka.cz|Jídlo a nápoje|Sladkosti|Čokoládové figurky|Severka Dárková krabička čokoládová mléčná zvířátka 3 x 10 g";"2025-10-23";58.0
"1076099357";"Severka Dárková krabička čokoládová mléčná zvířátka 3 x 10 g";"Severka";"Heureka.cz|Jídlo a nápoje|Sladkosti|Čokoládové figurky|Severka Dárková krabička čokoládová mléčná zvířátka 3 x 10 g";"2025-11-05";45.0
"1076099357";"Severka Dárková krabička čokoládová mléčná zvířátka 3 x 10 g";"Severka";"Heureka.cz|Jídlo a nápoje|Sladkosti|Čokoládové figurky|Severka Dárková krabička čokoládová mléčná zvířátka 3 x 10 g";"2025-11-05";51.0
"1076099357";"Severka Dárková krabička čokoládová mléčná zvířátka 3 x 10 g";"Severka";"Heureka.cz|Jídlo a nápoje|Sladkosti|Čokoládové figurky|Severka Dárková krabička čokoládová mléčná zvířátka 3 x 10 g";"2025-11-05";52.0
"1076099357";"Severka Dárková krabička čokoládová mléčná zvířátka 3 x 10 g";"Severka";"Heureka.cz|Jídlo a nápoje|Sladkosti|Čokoládové figurky|Severka Dárková krabička čokoládová mléčná zvířátka 3 x 10 g";"2025-11-05";56.0
"1076099357";"Severka Dárková krabička čokoládová mléčná zvířátka 3 x 10 g";"Severka";"Heureka.cz|Jídlo a nápoje|Sladkosti|Čokoládové figurky|Severka Dárková krabička čokoládová mléčná zvířátka 3 x 10 g";"2025-11-05";56.0
"1076099357";"Severka Dárková krabička čokoládová mléčná zvířátka 3 x 10 g";"Severka";"Heureka.cz|Jídlo a nápoje|Sladkosti|Čokoládové figurky|Severka Dárková krabička čokoládová mléčná zvířátka 3 x 10 g";"2025-11-05";58.0
"1076099357";"Severka Dárková krabička čokoládová mléčná zvířátka 3 x 10 g";"Severka";"Heureka.cz|Jídlo a nápoje|Sladkosti|Čokoládové figurky|Severka Dárková krabička čokoládová mléčná zvířátka 3 x 10 g";"2025-11-05";59.0
"1076099357";"Severka Dárková krabička čokoládová mléčná zvířátka 3 x 10 g";"Severka";"Heureka.cz|Jídlo a nápoje|Sladkosti|Čokoládové figurky|Severka Dárková krabička čokoládová mléčná zvířátka 3 x 10 g";"2025-11-06";45.0
"1076099357";"Severka Dárková krabička čokoládová mléčná zvířátka 3 x 10 g";"Severka";"Heureka.cz|Jídlo a nápoje|Sladkosti|Čokoládové figurky|Severka Dárková krabička čokoládová mléčná zvířátka 3 x 10 g";"2025-11-06";51.0
"1076099357";"Severka Dárková krabička čokoládová mléčná zvířátka 3 x 10 g";"Severka";"Heureka.cz|Jídlo a nápoje|Sladkosti|Čokoládové figurky|Severka Dárková krabička čokoládová mléčná zvířátka 3 x 10 g";"2025-11-06";52.0
"1076099357";"Severka Dárková krabička čokoládová mléčná zvířátka 3 x 10 g";"Severka";"Heureka.cz|Jídlo a nápoje|Sladkosti|Čokoládové figurky|Severka Dárková krabička čokoládová mléčná zvířátka 3 x 10 g";"2025-11-06";56.0
"1076099357";"Severka Dárková krabička čokoládová mléčná zvířátka 3 x 10 g";"Severka";"Heureka.cz|Jídlo a nápoje|Sladkosti|Čokoládové figurky|Severka Dárková krabička čokoládová mléčná zvířátka 3 x 10 g";"2025-11-06";56.0
"1076099357";"Severka Dárková krabička čokoládová mléčná zvířátka 3 x 10 g";"Severka";"Heureka.cz|Jídlo a nápoje|Sladkosti|Čokoládové figurky|Severka Dárková krabička čokoládová mléčná zvířátka 3 x 10 g";"2025-11-06";58.0
"1076099357";"Severka Dárková krabička čokoládová mléčná zvířátka 3 x 10 g";"Severka";"Heureka.cz|Jídlo a nápoje|Sladkosti|Čokoládové figurky|Severka Dárková krabička čokoládová mléčná zvířátka 3 x 10 g";"2025-11-06";59.0
"1076099357";"Severka Dárková krabička čokoládová mléčná zvířátka 3 x 10 g";"Severka";"Heureka.cz|Jídlo a nápoje|Sladkosti|Čokoládové figurky|Severka Dárková krabička čokoládová mléčná zvířátka 3 x 10 g";"2025-11-07";45.0
"1076099357";"Severka Dárková krabička čokoládová mléčná zvířátka 3 x 10 g";"Severka";"Heureka.cz|Jídlo a nápoje|Sladkosti|Čokoládové figurky|Severka Dárková krabička čokoládová mléčná zvířátka 3 x 10 g";"2025-11-07";51.0
"1076099357";"Severka Dárková krabička čokoládová mléčná zvířátka 3 x 10 g";"Severka";"Heureka.cz|Jídlo a nápoje|Sladkosti|Čokoládové figurky|Severka Dárková krabička čokoládová mléčná zvířátka 3 x 10 g";"2025-11-07";52.0
"1076099357";"Severka Dárková krabička čokoládová mléčná zvířátka 3 x 10 g";"Severka";"Heureka.cz|Jídlo a nápoje|Sladkosti|Čokoládové figurky|Severka Dárková krabička čokoládová mléčná zvířátka 3 x 10 g";"2025-11-07";56.0
"1076099357";"Severka Dárková krabička čokoládová mléčná zvířátka 3 x 10 g";"Severka";"Heureka.cz|Jídlo a nápoje|Sladkosti|Čokoládové figurky|Severka Dárková krabička čokoládová mléčná zvířátka 3 x 10 g";"2025-11-07";56.0
"1076099357";"Severka Dárková krabička čokoládová mléčná zvířátka 3 x 10 g";"Severka";"Heureka.cz|Jídlo a nápoje|Sladkosti|Čokoládové figurky|Severka Dárková krabička čokoládová mléčná zvířátka 3 x 10 g";"2025-11-07";58.0
"1076099357";"Severka Dárková krabička čokoládová mléčná zvířátka 3 x 10 g";"Severka";"Heureka.cz|Jídlo a nápoje|Sladkosti|Čokoládové figurky|Severka Dárková krabička čokoládová mléčná zvířátka 3 x 10 g";"2025-11-07";59.0
"1076099357";"Severka Dárková krabička čokoládová mléčná zvířátka 3 x 10 g";"Severka";"Heureka.cz|Jídlo a nápoje|Sladkosti|Čokoládové figurky|Severka Dárková krabička čokoládová mléčná zvířátka 3 x 10 g";"2025-11-08";45.0
"1076099357";"Severka Dárková krabička čokoládová mléčná zvířátka 3 x 10 g";"Severka";"Heureka.cz|Jídlo a nápoje|Sladkosti|Čokoládové figurky|Severka Dárková krabička čokoládová mléčná zvířátka 3 x 10 g";"2025-11-08";51.0
"1076099357";"Severka Dárková krabička čokoládová mléčná zvířátka 3 x 10 g";"Severka";"Heureka.cz|Jídlo a nápoje|Sladkosti|Čokoládové figurky|Severka Dárková krabička čokoládová mléčná zvířátka 3 x 10 g";"2025-11-08";52.0
"1076099357";"Severka Dárková krabička čokoládová mléčná zvířátka 3 x 10 g";"Severka";"Heureka.cz|Jídlo a nápoje|Sladkosti|Čokoládové figurky|Severka Dárková krabička čokoládová mléčná zvířátka 3 x 10 g";"2025-11-08";56.0
"1076099357";"Severka Dárková krabička čokoládová mléčná zvířátka 3 x 10 g";"Severka";"Heureka.cz|Jídlo a nápoje|Sladkosti|Čokoládové figurky|Severka Dárková krabička čokoládová mléčná zvířátka 3 x 10 g";"2025-11-08";56.0
"1076099357";"Severka Dárková krabička čokoládová mléčná zvířátka 3 x 10 g";"Severka";"Heureka.cz|Jídlo a nápoje|Sladkosti|Čokoládové figurky|Severka Dárková krabička čokoládová mléčná zvířátka 3 x 10 g";"2025-11-08";58.0
"1076099357";"Severka Dárková krabička čokoládová mléčná zvířátka 3 x 10 g";"Severka";"Heureka.cz|Jídlo a nápoje|Sladkosti|Čokoládové figurky|Severka Dárková krabička čokoládová mléčná zvířátka 3 x 10 g";"2025-11-08";59.0
"1076099357";"Severka Dárková krabička čokoládová mléčná zvířátka 3 x 10 g";"Severka";"Heureka.cz|Jídlo a nápoje|Sladkosti|Čokoládové figurky|Severka Dárková krabička čokoládová mléčná zvířátka 3 x 10 g";"2025-11-09";45.0
"1076099357";"Severka Dárková krabička čokoládová mléčná zvířátka 3 x 10 g";"Severka";"Heureka.cz|Jídlo a nápoje|Sladkosti|Čokoládové figurky|Severka Dárková krabička čokoládová mléčná zvířátka 3 x 10 g";"2025-11-09";51.0
"1076099357";"Severka Dárková krabička čokoládová mléčná zvířátka 3 x 10 g";"Severka";"Heureka.cz|Jídlo a nápoje|Sladkosti|Čokoládové figurky|Severka Dárková krabička čokoládová mléčná zvířátka 3 x 10 g";"2025-11-09";52.0
"1076099357";"Severka Dárková krabička čokoládová mléčná zvířátka 3 x 10 g";"Severka";"Heureka.cz|Jídlo a nápoje|Sladkosti|Čokoládové figurky|Severka Dárková krabička čokoládová mléčná zvířátka 3 x 10 g";"2025-11-09";56.0
"1076099357";"Severka Dárková krabička čokoládová mléčná zvířátka 3 x 10 g";"Severka";"Heureka.cz|Jídlo a nápoje|Sladkosti|Čokoládové figurky|Severka Dárková krabička čokoládová mléčná zvířátka 3 x 10 g";"2025-11-09";56.0
"1076099357";"Severka Dárková krabička čokoládová mléčná zvířátka 3 x 10 g";"Severka";"Heureka.cz|Jídlo a nápoje|Sladkosti|Čokoládové figurky|Severka Dárková krabička čokoládová mléčná zvířátka 3 x 10 g";"2025-11-09";58.0
"1076099357";"Severka Dárková krabička čokoládová mléčná zvířátka 3 x 10 g";"Severka";"Heureka.cz|Jídlo a nápoje|Sladkosti|Čokoládové figurky|Severka Dárková krabička čokoládová mléčná zvířátka 3 x 10 g";"2025-11-09";59.0
"1076099357";"Severka Dárková krabička čokoládová mléčná zvířátka 3 x 10 g";"Severka";"Heureka.cz|Jídlo a nápoje|Sladkosti|Čokoládové figurky|Severka Dárková krabička čokoládová mléčná zvířátka 3 x 10 g";"2025-11-10";45.0
"1076099357";"Severka Dárková krabička čokoládová mléčná zvířátka 3 x 10 g";"Severka";"Heureka.cz|Jídlo a nápoje|Sladkosti|Čokoládové figurky|Severka Dárková krabička čokoládová mléčná zvířátka 3 x 10 g";"2025-11-10";51.0
"1076099357";"Severka Dárková krabička čokoládová mléčná zvířátka 3 x 10 g";"Severka";"Heureka.cz|Jídlo a nápoje|Sladkosti|Čokoládové figurky|Severka Dárková krabička čokoládová mléčná zvířátka 3 x 10 g";"2025-11-10";56.0
"1076099357";"Severka Dárková krabička čokoládová mléčná zvířátka 3 x 10 g";"Severka";"Heureka.cz|Jídlo a nápoje|Sladkosti|Čokoládové figurky|Severka Dárková krabička čokoládová mléčná zvířátka 3 x 10 g";"2025-11-10";58.0
"1076099357";"Severka Dárková krabička čokoládová mléčná zvířátka 3 x 10 g";"Severka";"Heureka.cz|Jídlo a nápoje|Sladkosti|Čokoládové figurky|Severka Dárková krabička čokoládová mléčná zvířátka 3 x 10 g";"2025-11-10";59.0
"1076099357";"Severka Dárková krabička čokoládová mléčná zvířátka 3 x 10 g";"Severka";"Heureka.cz|Jídlo a nápoje|Sladkosti|Čokoládové figurky|Severka Dárková krabička čokoládová mléčná zvířátka 3 x 10 g";"2025-11-11";45.0
"1076099357";"Severka Dárková krabička čokoládová mléčná zvířátka 3 x 10 g";"Severka";"Heureka.cz|Jídlo a nápoje|Sladkosti|Čokoládové figurky|Severka Dárková krabička čokoládová mléčná zvířátka 3 x 10 g";"2025-11-11";51.0
"1076099357";"Severka Dárková krabička čokoládová mléčná zvířátka 3 x 10 g";"Severka";"Heureka.cz|Jídlo a nápoje|Sladkosti|Čokoládové figurky|Severka Dárková krabička čokoládová mléčná zvířátka 3 x 10 g";"2025-11-11";52.0
"1076099357";"Severka Dárková krabička čokoládová mléčná zvířátka 3 x 10 g";"Severka";"Heureka.cz|Jídlo a nápoje|Sladkosti|Čokoládové figurky|Severka Dárková krabička čokoládová mléčná zvířátka 3 x 10 g";"2025-11-11";56.0
"1076099357";"Severka Dárková krabička čokoládová mléčná zvířátka 3 x 10 g";"Severka";"Heureka.cz|Jídlo a nápoje|Sladkosti|Čokoládové figurky|Severka Dárková krabička čokoládová mléčná zvířátka 3 x 10 g";"2025-11-11";58.0
"1076099357";"Severka Dárková krabička čokoládová mléčná zvířátka 3 x 10 g";"Severka";"Heureka.cz|Jídlo a nápoje|Sladkosti|Čokoládové figurky|Severka Dárková krabička čokoládová mléčná zvířátka 3 x 10 g";"2025-11-11";59.0
"1076099357";"Severka Dárková krabička čokoládová mléčná zvířátka 3 x 10 g";"Severka";"Heureka.cz|Jídlo a nápoje|Sladkosti|Čokoládové figurky|Severka Dárková krabička čokoládová mléčná zvířátka 3 x 10 g";"2025-11-12";45.0
"1076099357";"Severka Dárková krabička čokoládová mléčná zvířátka 3 x 10 g";"Severka";"Heureka.cz|Jídlo a nápoje|Sladkosti|Čokoládové figurky|Severka Dárková krabička čokoládová mléčná zvířátka 3 x 10 g";"2025-11-12";51.0
"1076099357";"Severka Dárková krabička čokoládová mléčná zvířátka 3 x 10 g";"Severka";"Heureka.cz|Jídlo a nápoje|Sladkosti|Čokoládové figurky|Severka Dárková krabička čokoládová mléčná zvířátka 3 x 10 g";"2025-11-12";52.0
"1076099357";"Severka Dárková krabička čokoládová mléčná zvířátka 3 x 10 g";"Severka";"Heureka.cz|Jídlo a nápoje|Sladkosti|Čokoládové figurky|Severka Dárková krabička čokoládová mléčná zvířátka 3 x 10 g";"2025-11-12";56.0
"1076099357";"Severka Dárková krabička čokoládová mléčná zvířátka 3 x 10 g";"Severka";"Heureka.cz|Jídlo a nápoje|Sladkosti|Čokoládové figurky|Severka Dárková krabička čokoládová mléčná zvířátka 3 x 10 g";"2025-11-12";58.0
"1076099357";"Severka Dárková krabička čokoládová mléčná zvířátka 3 x 10 g";"Severka";"Heureka.cz|Jídlo a nápoje|Sladkosti|Čokoládové figurky|Severka Dárková krabička čokoládová mléčná zvířátka 3 x 10 g";"2025-11-12";59.0
"1076099357";"Severka Dárková krabička čokoládová mléčná zvířátka 3 x 10 g";"Severka";"Heureka.cz|Jídlo a nápoje|Sladkosti|Čokoládové figurky|Severka Dárková krabička čokoládová mléčná zvířátka 3 x 10 g";"2025-11-13";45.0
"1076099357";"Severka Dárková krabička čokoládová mléčná zvířátka 3 x 10 g";"Severka";"Heureka.cz|Jídlo a nápoje|Sladkosti|Čokoládové figurky|Severka Dárková krabička čokoládová mléčná zvířátka 3 x 10 g";"2025-11-13";51.0
"1076099357";"Severka Dárková krabička čokoládová mléčná zvířátka 3 x 10 g";"Severka";"Heureka.cz|Jídlo a nápoje|Sladkosti|Čokoládové figurky|Severka Dárková krabička čokoládová mléčná zvířátka 3 x 10 g";"2025-11-13";52.0
"1076099357";"Severka Dárková krabička čokoládová mléčná zvířátka 3 x 10 g";"Severka";"Heureka.cz|Jídlo a nápoje|Sladkosti|Čokoládové figurky|Severka Dárková krabička čokoládová mléčná zvířátka 3 x 10 g";"2025-11-13";56.0
"1076099357";"Severka Dárková krabička čokoládová mléčná zvířátka 3 x 10 g";"Severka";"Heureka.cz|Jídlo a nápoje|Sladkosti|Čokoládové figurky|Severka Dárková krabička čokoládová mléčná zvířátka 3 x 10 g";"2025-11-13";58.0
"1076099357";"Severka Dárková krabička čokoládová mléčná zvířátka 3 x 10 g";"Severka";"Heureka.cz|Jídlo a nápoje|Sladkosti|Čokoládové figurky|Severka Dárková krabička čokoládová mléčná zvířátka 3 x 10 g";"2025-11-13";59.0
"1076099357";"Severka Dárková krabička čokoládová mléčná zvířátka 3 x 10 g";"Severka";"Heureka.cz|Jídlo a nápoje|Sladkosti|Čokoládové figurky|Severka Dárková krabička čokoládová mléčná zvířátka 3 x 10 g";"2025-11-14";45.0
"1076099357";"Severka Dárková krabička čokoládová mléčná zvířátka 3 x 10 g";"Severka";"Heureka.cz|Jídlo a nápoje|Sladkosti|Čokoládové figurky|Severka Dárková krabička čokoládová mléčná zvířátka 3 x 10 g";"2025-11-14";51.0
"1076099357";"Severka Dárková krabička čokoládová mléčná zvířátka 3 x 10 g";"Severka";"Heureka.cz|Jídlo a nápoje|Sladkosti|Čokoládové figurky|Severka Dárková krabička čokoládová mléčná zvířátka 3 x 10 g";"2025-11-14";52.0
"1076099357";"Severka Dárková krabička čokoládová mléčná zvířátka 3 x 10 g";"Severka";"Heureka.cz|Jídlo a nápoje|Sladkosti|Čokoládové figurky|Severka Dárková krabička čokoládová mléčná zvířátka 3 x 10 g";"2025-11-14";56.0
"1076099357";"Severka Dárková krabička čokoládová mléčná zvířátka 3 x 10 g";"Severka";"Heureka.cz|Jídlo a nápoje|Sladkosti|Čokoládové figurky|Severka Dárková krabička čokoládová mléčná zvířátka 3 x 10 g";"2025-11-14";58.0
"1076099357";"Severka Dárková krabička čokoládová mléčná zvířátka 3 x 10 g";"Severka";"Heureka.cz|Jídlo a nápoje|Sladkosti|Čokoládové figurky|Severka Dárková krabička čokoládová mléčná zvířátka 3 x 10 g";"2025-11-14";59.0
"1076099357";"Severka Dárková krabička čokoládová mléčná zvířátka 3 x 10 g";"Severka";"Heureka.cz|Jídlo a nápoje|Sladkosti|Čokoládové figurky|Severka Dárková krabička čokoládová mléčná zvířátka 3 x 10 g";"2025-11-15";45.0
"1076099357";"Severka Dárková krabička čokoládová mléčná zvířátka 3 x 10 g";"Severka";"Heureka.cz|Jídlo a nápoje|Sladkosti|Čokoládové figurky|Severka Dárková krabička čokoládová mléčná zvířátka 3 x 10 g";"2025-11-15";51.0
"1076099357";"Severka Dárková krabička čokoládová mléčná zvířátka 3 x 10 g";"Severka";"Heureka.cz|Jídlo a nápoje|Sladkosti|Čokoládové figurky|Severka Dárková krabička čokoládová mléčná zvířátka 3 x 10 g";"2025-11-15";52.0
"1076099357";"Severka Dárková krabička čokoládová mléčná zvířátka 3 x 10 g";"Severka";"Heureka.cz|Jídlo a nápoje|Sladkosti|Čokoládové figurky|Severka Dárková krabička čokoládová mléčná zvířátka 3 x 10 g";"2025-11-15";56.0
"1076099357";"Severka Dárková krabička čokoládová mléčná zvířátka 3 x 10 g";"Severka";"Heureka.cz|Jídlo a nápoje|Sladkosti|Čokoládové figurky|Severka Dárková krabička čokoládová mléčná zvířátka 3 x 10 g";"2025-11-15";58.0
"1076099357";"Severka Dárková krabička čokoládová mléčná zvířátka 3 x 10 g";"Severka";"Heureka.cz|Jídlo a nápoje|Sladkosti|Čokoládové figurky|Severka Dárková krabička čokoládová mléčná zvířátka 3 x 10 g";"2025-11-16";46.0
"1076099357";"Severka Dárková krabička čokoládová mléčná zvířátka 3 x 10 g";"Severka";"Heureka.cz|Jídlo a nápoje|Sladkosti|Čokoládové figurky|Severka Dárková krabička čokoládová mléčná zvířátka 3 x 10 g";"2025-11-16";45.0
"1076099357";"Severka Dárková krabička čokoládová mléčná zvířátka 3 x 10 g";"Severka";"Heureka.cz|Jídlo a nápoje|Sladkosti|Čokoládové figurky|Severka Dárková krabička čokoládová mléčná zvířátka 3 x 10 g";"2025-11-16";51.0
"1076099357";"Severka Dárková krabička čokoládová mléčná zvířátka 3 x 10 g";"Severka";"Heureka.cz|Jídlo a nápoje|Sladkosti|Čokoládové figurky|Severka Dárková krabička čokoládová mléčná zvířátka 3 x 10 g";"2025-11-16";52.0
"1076099357";"Severka Dárková krabička čokoládová mléčná zvířátka 3 x 10 g";"Severka";"Heureka.cz|Jídlo a nápoje|Sladkosti|Čokoládové figurky|Severka Dárková krabička čokoládová mléčná zvířátka 3 x 10 g";"2025-11-16";56.0
"1076099357";"Severka Dárková krabička čokoládová mléčná zvířátka 3 x 10 g";"Severka";"Heureka.cz|Jídlo a nápoje|Sladkosti|Čokoládové figurky|Severka Dárková krabička čokoládová mléčná zvířátka 3 x 10 g";"2025-11-16";58.0
"1076099357";"Severka Dárková krabička čokoládová mléčná zvířátka 3 x 10 g";"Severka";"Heureka.cz|Jídlo a nápoje|Sladkosti|Čokoládové figurky|Severka Dárková krabička čokoládová mléčná zvířátka 3 x 10 g";"2025-11-17";46.0
"1076099357";"Severka Dárková krabička čokoládová mléčná zvířátka 3 x 10 g";"Severka";"Heureka.cz|Jídlo a nápoje|Sladkosti|Čokoládové figurky|Severka Dárková krabička čokoládová mléčná zvířátka 3 x 10 g";"2025-11-17";45.0
"1076099357";"Severka Dárková krabička čokoládová mléčná zvířátka 3 x 10 g";"Severka";"Heureka.cz|Jídlo a nápoje|Sladkosti|Čokoládové figurky|Severka Dárková krabička čokoládová mléčná zvířátka 3 x 10 g";"2025-11-17";51.0
"1076099357";"Severka Dárková krabička čokoládová mléčná zvířátka 3 x 10 g";"Severka";"Heureka.cz|Jídlo a nápoje|Sladkosti|Čokoládové figurky|Severka Dárková krabička čokoládová mléčná zvířátka 3 x 10 g";"2025-11-17";52.0
"1076099357";"Severka Dárková krabička čokoládová mléčná zvířátka 3 x 10 g";"Severka";"Heureka.cz|Jídlo a nápoje|Sladkosti|Čokoládové figurky|Severka Dárková krabička čokoládová mléčná zvířátka 3 x 10 g";"2025-11-17";56.0
"1076099357";"Severka Dárková krabička čokoládová mléčná zvířátka 3 x 10 g";"Severka";"Heureka.cz|Jídlo a nápoje|Sladkosti|Čokoládové figurky|Severka Dárková krabička čokoládová mléčná zvířátka 3 x 10 g";"2025-11-17";58.0
"1076099357";"Severka Dárková krabička čokoládová mléčná zvířátka 3 x 10 g";"Severka";"Heureka.cz|Jídlo a nápoje|Sladkosti|Čokoládové figurky|Severka Dárková krabička čokoládová mléčná zvířátka 3 x 10 g";"2025-11-18";46.0
"1076099357";"Severka Dárková krabička čokoládová mléčná zvířátka 3 x 10 g";"Severka";"Heureka.cz|Jídlo a nápoje|Sladkosti|Čokoládové figurky|Severka Dárková krabička čokoládová mléčná zvířátka 3 x 10 g";"2025-11-18";45.0
"1076099357";"Severka Dárková krabička čokoládová mléčná zvířátka 3 x 10 g";"Severka";"Heureka.cz|Jídlo a nápoje|Sladkosti|Čokoládové figurky|Severka Dárková krabička čokoládová mléčná zvířátka 3 x 10 g";"2025-11-18";51.0
"1076099357";"Severka Dárková krabička čokoládová mléčná zvířátka 3 x 10 g";"Severka";"Heureka.cz|Jídlo a nápoje|Sladkosti|Čokoládové figurky|Severka Dárková krabička čokoládová mléčná zvířátka 3 x 10 g";"2025-11-18";52.0
"1076099357";"Severka Dárková krabička čokoládová mléčná zvířátka 3 x 10 g";"Severka";"Heureka.cz|Jídlo a nápoje|Sladkosti|Čokoládové figurky|Severka Dárková krabička čokoládová mléčná zvířátka 3 x 10 g";"2025-11-18";56.0
"1076099357";"Severka Dárková krabička čokoládová mléčná zvířátka 3 x 10 g";"Severka";"Heureka.cz|Jídlo a nápoje|Sladkosti|Čokoládové figurky|Severka Dárková krabička čokoládová mléčná zvířátka 3 x 10 g";"2025-11-18";58.0
"1076099357";"Severka Dárková krabička čokoládová mléčná zvířátka 3 x 10 g";"Severka";"Heureka.cz|Jídlo a nápoje|Sladkosti|Čokoládové figurky|Severka Dárková krabička čokoládová mléčná zvířátka 3 x 10 g";"2025-11-18";59.0
"1076099357";"Severka Dárková krabička čokoládová mléčná zvířátka 3 x 10 g";"Severka";"Heureka.cz|Jídlo a nápoje|Sladkosti|Čokoládové figurky|Severka Dárková krabička čokoládová mléčná zvířátka 3 x 10 g";"2025-11-19";46.0
"1076099357";"Severka Dárková krabička čokoládová mléčná zvířátka 3 x 10 g";"Severka";"Heureka.cz|Jídlo a nápoje|Sladkosti|Čokoládové figurky|Severka Dárková krabička čokoládová mléčná zvířátka 3 x 10 g";"2025-11-19";45.0
"1076099357";"Severka Dárková krabička čokoládová mléčná zvířátka 3 x 10 g";"Severka";"Heureka.cz|Jídlo a nápoje|Sladkosti|Čokoládové figurky|Severka Dárková krabička čokoládová mléčná zvířátka 3 x 10 g";"2025-11-19";51.0
"1076099357";"Severka Dárková krabička čokoládová mléčná zvířátka 3 x 10 g";"Severka";"Heureka.cz|Jídlo a nápoje|Sladkosti|Čokoládové figurky|Severka Dárková krabička čokoládová mléčná zvířátka 3 x 10 g";"2025-11-19";52.0
"1076099357";"Severka Dárková krabička čokoládová mléčná zvířátka 3 x 10 g";"Severka";"Heureka.cz|Jídlo a nápoje|Sladkosti|Čokoládové figurky|Severka Dárková krabička čokoládová mléčná zvířátka 3 x 10 g";"2025-11-19";56.0
"1076099357";"Severka Dárková krabička čokoládová mléčná zvířátka 3 x 10 g";"Severka";"Heureka.cz|Jídlo a nápoje|Sladkosti|Čokoládové figurky|Severka Dárková krabička čokoládová mléčná zvířátka 3 x 10 g";"2025-11-19";58.0
"1076099357";"Severka Dárková krabička čokoládová mléčná zvířátka 3 x 10 g";"Severka";"Heureka.cz|Jídlo a nápoje|Sladkosti|Čokoládové figurky|Severka Dárková krabička čokoládová mléčná zvířátka 3 x 10 g";"2025-11-19";59.0
"1076099357";"Severka Dárková krabička čokoládová mléčná zvířátka 3 x 10 g";"Severka";"Heureka.cz|Jídlo a nápoje|Sladkosti|Čokoládové figurky|Severka Dárková krabička čokoládová mléčná zvířátka 3 x 10 g";"2025-11-20";46.0
"1076099357";"Severka Dárková krabička čokoládová mléčná zvířátka 3 x 10 g";"Severka";"Heureka.cz|Jídlo a nápoje|Sladkosti|Čokoládové figurky|Severka Dárková krabička čokoládová mléčná zvířátka 3 x 10 g";"2025-11-20";51.0
"1076099357";"Severka Dárková krabička čokoládová mléčná zvířátka 3 x 10 g";"Severka";"Heureka.cz|Jídlo a nápoje|Sladkosti|Čokoládové figurky|Severka Dárková krabička čokoládová mléčná zvířátka 3 x 10 g";"2025-11-20";52.0
"1076099357";"Severka Dárková krabička čokoládová mléčná zvířátka 3 x 10 g";"Severka";"Heureka.cz|Jídlo a nápoje|Sladkosti|Čokoládové figurky|Severka Dárková krabička čokoládová mléčná zvířátka 3 x 10 g";"2025-11-20";56.0
"1076099357";"Severka Dárková krabička čokoládová mléčná zvířátka 3 x 10 g";"Severka";"Heureka.cz|Jídlo a nápoje|Sladkosti|Čokoládové figurky|Severka Dárková krabička čokoládová mléčná zvířátka 3 x 10 g";"2025-11-20";58.0
"1076099357";"Severka Dárková krabička čokoládová mléčná zvířátka 3 x 10 g";"Severka";"Heureka.cz|Jídlo a nápoje|Sladkosti|Čokoládové figurky|Severka Dárková krabička čokoládová mléčná zvířátka 3 x 10 g";"2025-11-20";59.0
"1076099357";"Severka Dárková krabička čokoládová mléčná zvířátka 3 x 10 g";"Severka";"Heureka.cz|Jídlo a nápoje|Sladkosti|Čokoládové figurky|Severka Dárková krabička čokoládová mléčná zvířátka 3 x 10 g";"2025-11-21";46.0
"1076099357";"Severka Dárková krabička čokoládová mléčná zvířátka 3 x 10 g";"Severka";"Heureka.cz|Jídlo a nápoje|Sladkosti|Čokoládové figurky|Severka Dárková krabička čokoládová mléčná zvířátka 3 x 10 g";"2025-11-21";50.0
"1076099357";"Severka Dárková krabička čokoládová mléčná zvířátka 3 x 10 g";"Severka";"Heureka.cz|Jídlo a nápoje|Sladkosti|Čokoládové figurky|Severka Dárková krabička čokoládová mléčná zvířátka 3 x 10 g";"2025-11-21";51.0
"1076099357";"Severka Dárková krabička čokoládová mléčná zvířátka 3 x 10 g";"Severka";"Heureka.cz|Jídlo a nápoje|Sladkosti|Čokoládové figurky|Severka Dárková krabička čokoládová mléčná zvířátka 3 x 10 g";"2025-11-21";52.0
"1076099357";"Severka Dárková krabička čokoládová mléčná zvířátka 3 x 10 g";"Severka";"Heureka.cz|Jídlo a nápoje|Sladkosti|Čokoládové figurky|Severka Dárková krabička čokoládová mléčná zvířátka 3 x 10 g";"2025-11-21";56.0
"1076099357";"Severka Dárková krabička čokoládová mléčná zvířátka 3 x 10 g";"Severka";"Heureka.cz|Jídlo a nápoje|Sladkosti|Čokoládové figurky|Severka Dárková krabička čokoládová mléčná zvířátka 3 x 10 g";"2025-11-21";58.0
"1076099357";"Severka Dárková krabička čokoládová mléčná zvířátka 3 x 10 g";"Severka";"Heureka.cz|Jídlo a nápoje|Sladkosti|Čokoládové figurky|Severka Dárková krabička čokoládová mléčná zvířátka 3 x 10 g";"2025-11-22";46.0
"1076099357";"Severka Dárková krabička čokoládová mléčná zvířátka 3 x 10 g";"Severka";"Heureka.cz|Jídlo a nápoje|Sladkosti|Čokoládové figurky|Severka Dárková krabička čokoládová mléčná zvířátka 3 x 10 g";"2025-11-22";50.0
"1076099357";"Severka Dárková krabička čokoládová mléčná zvířátka 3 x 10 g";"Severka";"Heureka.cz|Jídlo a nápoje|Sladkosti|Čokoládové figurky|Severka Dárková krabička čokoládová mléčná zvířátka 3 x 10 g";"2025-11-22";51.0
"1076099357";"Severka Dárková krabička čokoládová mléčná zvířátka 3 x 10 g";"Severka";"Heureka.cz|Jídlo a nápoje|Sladkosti|Čokoládové figurky|Severka Dárková krabička čokoládová mléčná zvířátka 3 x 10 g";"2025-11-22";52.0
"1076099357";"Severka Dárková krabička čokoládová mléčná zvířátka 3 x 10 g";"Severka";"Heureka.cz|Jídlo a nápoje|Sladkosti|Čokoládové figurky|Severka Dárková krabička čokoládová mléčná zvířátka 3 x 10 g";"2025-11-22";56.0
"1076099357";"Severka Dárková krabička čokoládová mléčná zvířátka 3 x 10 g";"Severka";"Heureka.cz|Jídlo a nápoje|Sladkosti|Čokoládové figurky|Severka Dárková krabička čokoládová mléčná zvířátka 3 x 10 g";"2025-11-22";58.0
"1076099357";"Severka Dárková krabička čokoládová mléčná zvířátka 3 x 10 g";"Severka";"Heureka.cz|Jídlo a nápoje|Sladkosti|Čokoládové figurky|Severka Dárková krabička čokoládová mléčná zvířátka 3 x 10 g";"2025-11-23";46.0
"1076099357";"Severka Dárková krabička čokoládová mléčná zvířátka 3 x 10 g";"Severka";"Heureka.cz|Jídlo a nápoje|Sladkosti|Čokoládové figurky|Severka Dárková krabička čokoládová mléčná zvířátka 3 x 10 g";"2025-11-23";50.0
"1076099357";"Severka Dárková krabička čokoládová mléčná zvířátka 3 x 10 g";"Severka";"Heureka.cz|Jídlo a nápoje|Sladkosti|Čokoládové figurky|Severka Dárková krabička čokoládová mléčná zvířátka 3 x 10 g";"2025-11-23";51.0
"1076099357";"Severka Dárková krabička čokoládová mléčná zvířátka 3 x 10 g";"Severka";"Heureka.cz|Jídlo a nápoje|Sladkosti|Čokoládové figurky|Severka Dárková krabička čokoládová mléčná zvířátka 3 x 10 g";"2025-11-23";52.0
"1076099357";"Severka Dárková krabička čokoládová mléčná zvířátka 3 x 10 g";"Severka";"Heureka.cz|Jídlo a nápoje|Sladkosti|Čokoládové figurky|Severka Dárková krabička čokoládová mléčná zvířátka 3 x 10 g";"2025-11-23";56.0
"1076099357";"Severka Dárková krabička čokoládová mléčná zvířátka 3 x 10 g";"Severka";"Heureka.cz|Jídlo a nápoje|Sladkosti|Čokoládové figurky|Severka Dárková krabička čokoládová mléčná zvířátka 3 x 10 g";"2025-11-23";58.0
"1076099357";"Severka Dárková krabička čokoládová mléčná zvířátka 3 x 10 g";"Severka";"Heureka.cz|Jídlo a nápoje|Sladkosti|Čokoládové figurky|Severka Dárková krabička čokoládová mléčná zvířátka 3 x 10 g";"2025-11-24";46.0
"1076099357";"Severka Dárková krabička čokoládová mléčná zvířátka 3 x 10 g";"Severka";"Heureka.cz|Jídlo a nápoje|Sladkosti|Čokoládové figurky|Severka Dárková krabička čokoládová mléčná zvířátka 3 x 10 g";"2025-11-24";50.0
"1076099357";"Severka Dárková krabička čokoládová mléčná zvířátka 3 x 10 g";"Severka";"Heureka.cz|Jídlo a nápoje|Sladkosti|Čokoládové figurky|Severka Dárková krabička čokoládová mléčná zvířátka 3 x 10 g";"2025-11-24";51.0
"1076099357";"Severka Dárková krabička čokoládová mléčná zvířátka 3 x 10 g";"Severka";"Heureka.cz|Jídlo a nápoje|Sladkosti|Čokoládové figurky|Severka Dárková krabička čokoládová mléčná zvířátka 3 x 10 g";"2025-11-24";52.0
"1076099357";"Severka Dárková krabička čokoládová mléčná zvířátka 3 x 10 g";"Severka";"Heureka.cz|Jídlo a nápoje|Sladkosti|Čokoládové figurky|Severka Dárková krabička čokoládová mléčná zvířátka 3 x 10 g";"2025-11-24";56.0
"1076099357";"Severka Dárková krabička čokoládová mléčná zvířátka 3 x 10 g";"Severka";"Heureka.cz|Jídlo a nápoje|Sladkosti|Čokoládové figurky|Severka Dárková krabička čokoládová mléčná zvířátka 3 x 10 g";"2025-11-24";56.0
"1076099357";"Severka Dárková krabička čokoládová mléčná zvířátka 3 x 10 g";"Severka";"Heureka.cz|Jídlo a nápoje|Sladkosti|Čokoládové figurky|Severka Dárková krabička čokoládová mléčná zvířátka 3 x 10 g";"2025-11-24";58.0
"1076099357";"Severka Dárková krabička čokoládová mléčná zvířátka 3 x 10 g";"Severka";"Heureka.cz|Jídlo a nápoje|Sladkosti|Čokoládové figurky|Severka Dárková krabička čokoládová mléčná zvířátka 3 x 10 g";"2025-11-25";46.0
"1076099357";"Severka Dárková krabička čokoládová mléčná zvířátka 3 x 10 g";"Severka";"Heureka.cz|Jídlo a nápoje|Sladkosti|Čokoládové figurky|Severka Dárková krabička čokoládová mléčná zvířátka 3 x 10 g";"2025-11-25";50.0
"1076099357";"Severka Dárková krabička čokoládová mléčná zvířátka 3 x 10 g";"Severka";"Heureka.cz|Jídlo a nápoje|Sladkosti|Čokoládové figurky|Severka Dárková krabička čokoládová mléčná zvířátka 3 x 10 g";"2025-11-25";51.0
"1076099357";"Severka Dárková krabička čokoládová mléčná zvířátka 3 x 10 g";"Severka";"Heureka.cz|Jídlo a nápoje|Sladkosti|Čokoládové figurky|Severka Dárková krabička čokoládová mléčná zvířátka 3 x 10 g";"2025-11-25";52.0
"1076099357";"Severka Dárková krabička čokoládová mléčná zvířátka 3 x 10 g";"Severka";"Heureka.cz|Jídlo a nápoje|Sladkosti|Čokoládové figurky|Severka Dárková krabička čokoládová mléčná zvířátka 3 x 10 g";"2025-11-25";56.0
"1076099357";"Severka Dárková krabička čokoládová mléčná zvířátka 3 x 10 g";"Severka";"Heureka.cz|Jídlo a nápoje|Sladkosti|Čokoládové figurky|Severka Dárková krabička čokoládová mléčná zvířátka 3 x 10 g";"2025-11-25";56.0
"1076099357";"Severka Dárková krabička čokoládová mléčná zvířátka 3 x 10 g";"Severka";"Heureka.cz|Jídlo a nápoje|Sladkosti|Čokoládové figurky|Severka Dárková krabička čokoládová mléčná zvířátka 3 x 10 g";"2025-11-25";58.0
"1076099357";"Severka Dárková krabička čokoládová mléčná zvířátka 3 x 10 g";"Severka";"Heureka.cz|Jídlo a nápoje|Sladkosti|Čokoládové figurky|Severka Dárková krabička čokoládová mléčná zvířátka 3 x 10 g";"2025-11-26";46.0
"1076099357";"Severka Dárková krabička čokoládová mléčná zvířátka 3 x 10 g";"Severka";"Heureka.cz|Jídlo a nápoje|Sladkosti|Čokoládové figurky|Severka Dárková krabička čokoládová mléčná zvířátka 3 x 10 g";"2025-11-26";50.0
"1076099357";"Severka Dárková krabička čokoládová mléčná zvířátka 3 x 10 g";"Severka";"Heureka.cz|Jídlo a nápoje|Sladkosti|Čokoládové figurky|Severka Dárková krabička čokoládová mléčná zvířátka 3 x 10 g";"2025-11-26";51.0
"1076099357";"Severka Dárková krabička čokoládová mléčná zvířátka 3 x 10 g";"Severka";"Heureka.cz|Jídlo a nápoje|Sladkosti|Čokoládové figurky|Severka Dárková krabička čokoládová mléčná zvířátka 3 x 10 g";"2025-11-26";52.0
"1076099357";"Severka Dárková krabička čokoládová mléčná zvířátka 3 x 10 g";"Severka";"Heureka.cz|Jídlo a nápoje|Sladkosti|Čokoládové figurky|Severka Dárková krabička čokoládová mléčná zvířátka 3 x 10 g";"2025-11-26";56.0
"1076099357";"Severka Dárková krabička čokoládová mléčná zvířátka 3 x 10 g";"Severka";"Heureka.cz|Jídlo a nápoje|Sladkosti|Čokoládové figurky|Severka Dárková krabička čokoládová mléčná zvířátka 3 x 10 g";"2025-11-26";56.0
"1076099357";"Severka Dárková krabička čokoládová mléčná zvířátka 3 x 10 g";"Severka";"Heureka.cz|Jídlo a nápoje|Sladkosti|Čokoládové figurky|Severka Dárková krabička čokoládová mléčná zvířátka 3 x 10 g";"2025-11-26";58.0
"1076099357";"Severka Dárková krabička čokoládová mléčná zvířátka 3 x 10 g";"Severka";"Heureka.cz|Jídlo a nápoje|Sladkosti|Čokoládové figurky|Severka Dárková krabička čokoládová mléčná zvířátka 3 x 10 g";"2025-11-27";46.0
"1076099357";"Severka Dárková krabička čokoládová mléčná zvířátka 3 x 10 g";"Severka";"Heureka.cz|Jídlo a nápoje|Sladkosti|Čokoládové figurky|Severka Dárková krabička čokoládová mléčná zvířátka 3 x 10 g";"2025-11-27";50.0
"1076099357";"Severka Dárková krabička čokoládová mléčná zvířátka 3 x 10 g";"Severka";"Heureka.cz|Jídlo a nápoje|Sladkosti|Čokoládové figurky|Severka Dárková krabička čokoládová mléčná zvířátka 3 x 10 g";"2025-11-27";51.0
"1076099357";"Severka Dárková krabička čokoládová mléčná zvířátka 3 x 10 g";"Severka";"Heureka.cz|Jídlo a nápoje|Sladkosti|Čokoládové figurky|Severka Dárková krabička čokoládová mléčná zvířátka 3 x 10 g";"2025-11-27";52.0
"1076099357";"Severka Dárková krabička čokoládová mléčná zvířátka 3 x 10 g";"Severka";"Heureka.cz|Jídlo a nápoje|Sladkosti|Čokoládové figurky|Severka Dárková krabička čokoládová mléčná zvířátka 3 x 10 g";"2025-11-27";56.0
"1076099357";"Severka Dárková krabička čokoládová mléčná zvířátka 3 x 10 g";"Severka";"Heureka.cz|Jídlo a nápoje|Sladkosti|Čokoládové figurky|Severka Dárková krabička čokoládová mléčná zvířátka 3 x 10 g";"2025-11-27";56.0
"1076099357";"Severka Dárková krabička čokoládová mléčná zvířátka 3 x 10 g";"Severka";"Heureka.cz|Jídlo a nápoje|Sladkosti|Čokoládové figurky|Severka Dárková krabička čokoládová mléčná zvířátka 3 x 10 g";"2025-11-27";58.0
"1076099357";"Severka Dárková krabička čokoládová mléčná zvířátka 3 x 10 g";"Severka";"Heureka.cz|Jídlo a nápoje|Sladkosti|Čokoládové figurky|Severka Dárková krabička čokoládová mléčná zvířátka 3 x 10 g";"2025-11-28";46.0
"1076099357";"Severka Dárková krabička čokoládová mléčná zvířátka 3 x 10 g";"Severka";"Heureka.cz|Jídlo a nápoje|Sladkosti|Čokoládové figurky|Severka Dárková krabička čokoládová mléčná zvířátka 3 x 10 g";"2025-11-28";45.0
"1076099357";"Severka Dárková krabička čokoládová mléčná zvířátka 3 x 10 g";"Severka";"Heureka.cz|Jídlo a nápoje|Sladkosti|Čokoládové figurky|Severka Dárková krabička čokoládová mléčná zvířátka 3 x 10 g";"2025-11-28";50.0
"1076099357";"Severka Dárková krabička čokoládová mléčná zvířátka 3 x 10 g";"Severka";"Heureka.cz|Jídlo a nápoje|Sladkosti|Čokoládové figurky|Severka Dárková krabička čokoládová mléčná zvířátka 3 x 10 g";"2025-11-28";51.0
"1076099357";"Severka Dárková krabička čokoládová mléčná zvířátka 3 x 10 g";"Severka";"Heureka.cz|Jídlo a nápoje|Sladkosti|Čokoládové figurky|Severka Dárková krabička čokoládová mléčná zvířátka 3 x 10 g";"2025-11-28";52.0
"1076099357";"Severka Dárková krabička čokoládová mléčná zvířátka 3 x 10 g";"Severka";"Heureka.cz|Jídlo a nápoje|Sladkosti|Čokoládové figurky|Severka Dárková krabička čokoládová mléčná zvířátka 3 x 10 g";"2025-11-28";56.0
"1076099357";"Severka Dárková krabička čokoládová mléčná zvířátka 3 x 10 g";"Severka";"Heureka.cz|Jídlo a nápoje|Sladkosti|Čokoládové figurky|Severka Dárková krabička čokoládová mléčná zvířátka 3 x 10 g";"2025-11-28";58.0
"1076099357";"Severka Dárková krabička čokoládová mléčná zvířátka 3 x 10 g";"Severka";"Heureka.cz|Jídlo a nápoje|Sladkosti|Čokoládové figurky|Severka Dárková krabička čokoládová mléčná zvířátka 3 x 10 g";"2025-11-29";46.0
"1076099357";"Severka Dárková krabička čokoládová mléčná zvířátka 3 x 10 g";"Severka";"Heureka.cz|Jídlo a nápoje|Sladkosti|Čokoládové figurky|Severka Dárková krabička čokoládová mléčná zvířátka 3 x 10 g";"2025-11-29";45.0
"1076099357";"Severka Dárková krabička čokoládová mléčná zvířátka 3 x 10 g";"Severka";"Heureka.cz|Jídlo a nápoje|Sladkosti|Čokoládové figurky|Severka Dárková krabička čokoládová mléčná zvířátka 3 x 10 g";"2025-11-29";45.0
"1076099357";"Severka Dárková krabička čokoládová mléčná zvířátka 3 x 10 g";"Severka";"Heureka.cz|Jídlo a nápoje|Sladkosti|Čokoládové figurky|Severka Dárková krabička čokoládová mléčná zvířátka 3 x 10 g";"2025-11-29";50.0
"1076099357";"Severka Dárková krabička čokoládová mléčná zvířátka 3 x 10 g";"Severka";"Heureka.cz|Jídlo a nápoje|Sladkosti|Čokoládové figurky|Severka Dárková krabička čokoládová mléčná zvířátka 3 x 10 g";"2025-11-29";51.0
"1076099357";"Severka Dárková krabička čokoládová mléčná zvířátka 3 x 10 g";"Severka";"Heureka.cz|Jídlo a nápoje|Sladkosti|Čokoládové figurky|Severka Dárková krabička čokoládová mléčná zvířátka 3 x 10 g";"2025-11-29";52.0
"1076099357";"Severka Dárková krabička čokoládová mléčná zvířátka 3 x 10 g";"Severka";"Heureka.cz|Jídlo a nápoje|Sladkosti|Čokoládové figurky|Severka Dárková krabička čokoládová mléčná zvířátka 3 x 10 g";"2025-11-29";56.0
"1076099357";"Severka Dárková krabička čokoládová mléčná zvířátka 3 x 10 g";"Severka";"Heureka.cz|Jídlo a nápoje|Sladkosti|Čokoládové figurky|Severka Dárková krabička čokoládová mléčná zvířátka 3 x 10 g";"2025-11-29";58.0
"1076099357";"Severka Dárková krabička čokoládová mléčná zvířátka 3 x 10 g";"Severka";"Heureka.cz|Jídlo a nápoje|Sladkosti|Čokoládové figurky|Severka Dárková krabička čokoládová mléčná zvířátka 3 x 10 g";"2025-11-30";46.0
"1076099357";"Severka Dárková krabička čokoládová mléčná zvířátka 3 x 10 g";"Severka";"Heureka.cz|Jídlo a nápoje|Sladkosti|Čokoládové figurky|Severka Dárková krabička čokoládová mléčná zvířátka 3 x 10 g";"2025-11-30";45.0
"1076099357";"Severka Dárková krabička čokoládová mléčná zvířátka 3 x 10 g";"Severka";"Heureka.cz|Jídlo a nápoje|Sladkosti|Čokoládové figurky|Severka Dárková krabička čokoládová mléčná zvířátka 3 x 10 g";"2025-11-30";51.0
"1076099357";"Severka Dárková krabička čokoládová mléčná zvířátka 3 x 10 g";"Severka";"Heureka.cz|Jídlo a nápoje|Sladkosti|Čokoládové figurky|Severka Dárková krabička čokoládová mléčná zvířátka 3 x 10 g";"2025-11-30";52.0
"1076099357";"Severka Dárková krabička čokoládová mléčná zvířátka 3 x 10 g";"Severka";"Heureka.cz|Jídlo a nápoje|Sladkosti|Čokoládové figurky|Severka Dárková krabička čokoládová mléčná zvířátka 3 x 10 g";"2025-11-30";56.0
"1076099357";"Severka Dárková krabička čokoládová mléčná zvířátka 3 x 10 g";"Severka";"Heureka.cz|Jídlo a nápoje|Sladkosti|Čokoládové figurky|Severka Dárková krabička čokoládová mléčná zvířátka 3 x 10 g";"2025-11-30";58.0
"1076099357";"Severka Dárková krabička čokoládová mléčná zvířátka 3 x 10 g";"Severka";"Heureka.cz|Jídlo a nápoje|Sladkosti|Čokoládové figurky|Severka Dárková krabička čokoládová mléčná zvířátka 3 x 10 g";"2025-12-01";46.0
"1076099357";"Severka Dárková krabička čokoládová mléčná zvířátka 3 x 10 g";"Severka";"Heureka.cz|Jídlo a nápoje|Sladkosti|Čokoládové figurky|Severka Dárková krabička čokoládová mléčná zvířátka 3 x 10 g";"2025-12-01";45.0
"1076099357";"Severka Dárková krabička čokoládová mléčná zvířátka 3 x 10 g";"Severka";"Heureka.cz|Jídlo a nápoje|Sladkosti|Čokoládové figurky|Severka Dárková krabička čokoládová mléčná zvířátka 3 x 10 g";"2025-12-01";50.0
"1076099357";"Severka Dárková krabička čokoládová mléčná zvířátka 3 x 10 g";"Severka";"Heureka.cz|Jídlo a nápoje|Sladkosti|Čokoládové figurky|Severka Dárková krabička čokoládová mléčná zvířátka 3 x 10 g";"2025-12-01";51.0
"1076099357";"Severka Dárková krabička čokoládová mléčná zvířátka 3 x 10 g";"Severka";"Heureka.cz|Jídlo a nápoje|Sladkosti|Čokoládové figurky|Severka Dárková krabička čokoládová mléčná zvířátka 3 x 10 g";"2025-12-01";56.0
"1076099357";"Severka Dárková krabička čokoládová mléčná zvířátka 3 x 10 g";"Severka";"Heureka.cz|Jídlo a nápoje|Sladkosti|Čokoládové figurky|Severka Dárková krabička čokoládová mléčná zvířátka 3 x 10 g";"2025-12-01";56.0
"1076099357";"Severka Dárková krabička čokoládová mléčná zvířátka 3 x 10 g";"Severka";"Heureka.cz|Jídlo a nápoje|Sladkosti|Čokoládové figurky|Severka Dárková krabička čokoládová mléčná zvířátka 3 x 10 g";"2025-12-01";58.0
"1076099357";"Severka Dárková krabička čokoládová mléčná zvířátka 3 x 10 g";"Severka";"Heureka.cz|Jídlo a nápoje|Sladkosti|Čokoládové figurky|Severka Dárková krabička čokoládová mléčná zvířátka 3 x 10 g";"2025-12-02";46.0
"1076099357";"Severka Dárková krabička čokoládová mléčná zvířátka 3 x 10 g";"Severka";"Heureka.cz|Jídlo a nápoje|Sladkosti|Čokoládové figurky|Severka Dárková krabička čokoládová mléčná zvířátka 3 x 10 g";"2025-12-02";0.0
"1076099357";"Severka Dárková krabička čokoládová mléčná zvířátka 3 x 10 g";"Severka";"Heureka.cz|Jídlo a nápoje|Sladkosti|Čokoládové figurky|Severka Dárková krabička čokoládová mléčná zvířátka 3 x 10 g";"2025-12-02";45.0
"1076099357";"Severka Dárková krabička čokoládová mléčná zvířátka 3 x 10 g";"Severka";"Heureka.cz|Jídlo a nápoje|Sladkosti|Čokoládové figurky|Severka Dárková krabička čokoládová mléčná zvířátka 3 x 10 g";"2025-12-02";56.0
"1076099357";"Severka Dárková krabička čokoládová mléčná zvířátka 3 x 10 g";"Severka";"Heureka.cz|Jídlo a nápoje|Sladkosti|Čokoládové figurky|Severka Dárková krabička čokoládová mléčná zvířátka 3 x 10 g";"2025-12-02";56.0
"1076099357";"Severka Dárková krabička čokoládová mléčná zvířátka 3 x 10 g";"Severka";"Heureka.cz|Jídlo a nápoje|Sladkosti|Čokoládové figurky|Severka Dárková krabička čokoládová mléčná zvířátka 3 x 10 g";"2025-12-02";58.0
"1076099357";"Severka Dárková krabička čokoládová mléčná zvířátka 3 x 10 g";"Severka";"Heureka.cz|Jídlo a nápoje|Sladkosti|Čokoládové figurky|Severka Dárková krabička čokoládová mléčná zvířátka 3 x 10 g";"2025-12-03";46.0
"1076099357";"Severka Dárková krabička čokoládová mléčná zvířátka 3 x 10 g";"Severka";"Heureka.cz|Jídlo a nápoje|Sladkosti|Čokoládové figurky|Severka Dárková krabička čokoládová mléčná zvířátka 3 x 10 g";"2025-12-03";0.0
"1076099357";"Severka Dárková krabička čokoládová mléčná zvířátka 3 x 10 g";"Severka";"Heureka.cz|Jídlo a nápoje|Sladkosti|Čokoládové figurky|Severka Dárková krabička čokoládová mléčná zvířátka 3 x 10 g";"2025-12-03";45.0
"1076099357";"Severka Dárková krabička čokoládová mléčná zvířátka 3 x 10 g";"Severka";"Heureka.cz|Jídlo a nápoje|Sladkosti|Čokoládové figurky|Severka Dárková krabička čokoládová mléčná zvířátka 3 x 10 g";"2025-12-03";56.0
"1076099357";"Severka Dárková krabička čokoládová mléčná zvířátka 3 x 10 g";"Severka";"Heureka.cz|Jídlo a nápoje|Sladkosti|Čokoládové figurky|Severka Dárková krabička čokoládová mléčná zvířátka 3 x 10 g";"2025-12-03";56.0
"1076099357";"Severka Dárková krabička čokoládová mléčná zvířátka 3 x 10 g";"Severka";"Heureka.cz|Jídlo a nápoje|Sladkosti|Čokoládové figurky|Severka Dárková krabička čokoládová mléčná zvířátka 3 x 10 g";"2025-12-03";58.0
"1076099357";"Severka Dárková krabička čokoládová mléčná zvířátka 3 x 10 g";"Severka";"Heureka.cz|Jídlo a nápoje|Sladkosti|Čokoládové figurky|Severka Dárková krabička čokoládová mléčná zvířátka 3 x 10 g";"2025-12-04";46.0
"1076099357";"Severka Dárková krabička čokoládová mléčná zvířátka 3 x 10 g";"Severka";"Heureka.cz|Jídlo a nápoje|Sladkosti|Čokoládové figurky|Severka Dárková krabička čokoládová mléčná zvířátka 3 x 10 g";"2025-12-04";0.0
"1076099357";"Severka Dárková krabička čokoládová mléčná zvířátka 3 x 10 g";"Severka";"Heureka.cz|Jídlo a nápoje|Sladkosti|Čokoládové figurky|Severka Dárková krabička čokoládová mléčná zvířátka 3 x 10 g";"2025-12-04";45.0
"1076099357";"Severka Dárková krabička čokoládová mléčná zvířátka 3 x 10 g";"Severka";"Heureka.cz|Jídlo a nápoje|Sladkosti|Čokoládové figurky|Severka Dárková krabička čokoládová mléčná zvířátka 3 x 10 g";"2025-12-04";56.0
"1076099357";"Severka Dárková krabička čokoládová mléčná zvířátka 3 x 10 g";"Severka";"Heureka.cz|Jídlo a nápoje|Sladkosti|Čokoládové figurky|Severka Dárková krabička čokoládová mléčná zvířátka 3 x 10 g";"2025-12-04";56.0
"1076099357";"Severka Dárková krabička čokoládová mléčná zvířátka 3 x 10 g";"Severka";"Heureka.cz|Jídlo a nápoje|Sladkosti|Čokoládové figurky|Severka Dárková krabička čokoládová mléčná zvířátka 3 x 10 g";"2025-12-04";58.0
"1076099357";"Severka Dárková krabička čokoládová mléčná zvířátka 3 x 10 g";"Severka";"Heureka.cz|Jídlo a nápoje|Sladkosti|Čokoládové figurky|Severka Dárková krabička čokoládová mléčná zvířátka 3 x 10 g";"2025-12-05";46.0
"1076099357";"Severka Dárková krabička čokoládová mléčná zvířátka 3 x 10 g";"Severka";"Heureka.cz|Jídlo a nápoje|Sladkosti|Čokoládové figurky|Severka Dárková krabička čokoládová mléčná zvířátka 3 x 10 g";"2025-12-05";0.0
"1076099357";"Severka Dárková krabička čokoládová mléčná zvířátka 3 x 10 g";"Severka";"Heureka.cz|Jídlo a nápoje|Sladkosti|Čokoládové figurky|Severka Dárková krabička čokoládová mléčná zvířátka 3 x 10 g";"2025-12-05";45.0
"1076099357";"Severka Dárková krabička čokoládová mléčná zvířátka 3 x 10 g";"Severka";"Heureka.cz|Jídlo a nápoje|Sladkosti|Čokoládové figurky|Severka Dárková krabička čokoládová mléčná zvířátka 3 x 10 g";"2025-12-05";52.0
"1076099357";"Severka Dárková krabička čokoládová mléčná zvířátka 3 x 10 g";"Severka";"Heureka.cz|Jídlo a nápoje|Sladkosti|Čokoládové figurky|Severka Dárková krabička čokoládová mléčná zvířátka 3 x 10 g";"2025-12-05";53.0
"1076099357";"Severka Dárková krabička čokoládová mléčná zvířátka 3 x 10 g";"Severka";"Heureka.cz|Jídlo a nápoje|Sladkosti|Čokoládové figurky|Severka Dárková krabička čokoládová mléčná zvířátka 3 x 10 g";"2025-12-05";56.0
"1076099357";"Severka Dárková krabička čokoládová mléčná zvířátka 3 x 10 g";"Severka";"Heureka.cz|Jídlo a nápoje|Sladkosti|Čokoládové figurky|Severka Dárková krabička čokoládová mléčná zvířátka 3 x 10 g";"2025-12-05";56.0
"1076099357";"Severka Dárková krabička čokoládová mléčná zvířátka 3 x 10 g";"Severka";"Heureka.cz|Jídlo a nápoje|Sladkosti|Čokoládové figurky|Severka Dárková krabička čokoládová mléčná zvířátka 3 x 10 g";"2025-12-05";58.0
"1076099357";"Severka Dárková krabička čokoládová mléčná zvířátka 3 x 10 g";"Severka";"Heureka.cz|Jídlo a nápoje|Sladkosti|Čokoládové figurky|Severka Dárková krabička čokoládová mléčná zvířátka 3 x 10 g";"2025-12-06";46.0
"1076099357";"Severka Dárková krabička čokoládová mléčná zvířátka 3 x 10 g";"Severka";"Heureka.cz|Jídlo a nápoje|Sladkosti|Čokoládové figurky|Severka Dárková krabička čokoládová mléčná zvířátka 3 x 10 g";"2025-12-06";0.0
"1076099357";"Severka Dárková krabička čokoládová mléčná zvířátka 3 x 10 g";"Severka";"Heureka.cz|Jídlo a nápoje|Sladkosti|Čokoládové figurky|Severka Dárková krabička čokoládová mléčná zvířátka 3 x 10 g";"2025-12-06";45.0
"1076099357";"Severka Dárková krabička čokoládová mléčná zvířátka 3 x 10 g";"Severka";"Heureka.cz|Jídlo a nápoje|Sladkosti|Čokoládové figurky|Severka Dárková krabička čokoládová mléčná zvířátka 3 x 10 g";"2025-12-06";52.0
"1076099357";"Severka Dárková krabička čokoládová mléčná zvířátka 3 x 10 g";"Severka";"Heureka.cz|Jídlo a nápoje|Sladkosti|Čokoládové figurky|Severka Dárková krabička čokoládová mléčná zvířátka 3 x 10 g";"2025-12-06";53.0
"1076099357";"Severka Dárková krabička čokoládová mléčná zvířátka 3 x 10 g";"Severka";"Heureka.cz|Jídlo a nápoje|Sladkosti|Čokoládové figurky|Severka Dárková krabička čokoládová mléčná zvířátka 3 x 10 g";"2025-12-06";56.0
"1076099357";"Severka Dárková krabička čokoládová mléčná zvířátka 3 x 10 g";"Severka";"Heureka.cz|Jídlo a nápoje|Sladkosti|Čokoládové figurky|Severka Dárková krabička čokoládová mléčná zvířátka 3 x 10 g";"2025-12-06";56.0
"1076099357";"Severka Dárková krabička čokoládová mléčná zvířátka 3 x 10 g";"Severka";"Heureka.cz|Jídlo a nápoje|Sladkosti|Čokoládové figurky|Severka Dárková krabička čokoládová mléčná zvířátka 3 x 10 g";"2025-12-06";58.0
"1076099357";"Severka Dárková krabička čokoládová mléčná zvířátka 3 x 10 g";"Severka";"Heureka.cz|Jídlo a nápoje|Sladkosti|Čokoládové figurky|Severka Dárková krabička čokoládová mléčná zvířátka 3 x 10 g";"2025-12-07";46.0
"1076099357";"Severka Dárková krabička čokoládová mléčná zvířátka 3 x 10 g";"Severka";"Heureka.cz|Jídlo a nápoje|Sladkosti|Čokoládové figurky|Severka Dárková krabička čokoládová mléčná zvířátka 3 x 10 g";"2025-12-07";0.0
"1076099357";"Severka Dárková krabička čokoládová mléčná zvířátka 3 x 10 g";"Severka";"Heureka.cz|Jídlo a nápoje|Sladkosti|Čokoládové figurky|Severka Dárková krabička čokoládová mléčná zvířátka 3 x 10 g";"2025-12-07";45.0
"1076099357";"Severka Dárková krabička čokoládová mléčná zvířátka 3 x 10 g";"Severka";"Heureka.cz|Jídlo a nápoje|Sladkosti|Čokoládové figurky|Severka Dárková krabička čokoládová mléčná zvířátka 3 x 10 g";"2025-12-07";52.0
"1076099357";"Severka Dárková krabička čokoládová mléčná zvířátka 3 x 10 g";"Severka";"Heureka.cz|Jídlo a nápoje|Sladkosti|Čokoládové figurky|Severka Dárková krabička čokoládová mléčná zvířátka 3 x 10 g";"2025-12-07";53.0
"1076099357";"Severka Dárková krabička čokoládová mléčná zvířátka 3 x 10 g";"Severka";"Heureka.cz|Jídlo a nápoje|Sladkosti|Čokoládové figurky|Severka Dárková krabička čokoládová mléčná zvířátka 3 x 10 g";"2025-12-07";56.0
"1076099357";"Severka Dárková krabička čokoládová mléčná zvířátka 3 x 10 g";"Severka";"Heureka.cz|Jídlo a nápoje|Sladkosti|Čokoládové figurky|Severka Dárková krabička čokoládová mléčná zvířátka 3 x 10 g";"2025-12-07";56.0
"1076099357";"Severka Dárková krabička čokoládová mléčná zvířátka 3 x 10 g";"Severka";"Heureka.cz|Jídlo a nápoje|Sladkosti|Čokoládové figurky|Severka Dárková krabička čokoládová mléčná zvířátka 3 x 10 g";"2025-12-07";58.0
"1076099357";"Severka Dárková krabička čokoládová mléčná zvířátka 3 x 10 g";"Severka";"Heureka.cz|Jídlo a nápoje|Sladkosti|Čokoládové figurky|Severka Dárková krabička čokoládová mléčná zvířátka 3 x 10 g";"2025-12-08";46.0
"1076099357";"Severka Dárková krabička čokoládová mléčná zvířátka 3 x 10 g";"Severka";"Heureka.cz|Jídlo a nápoje|Sladkosti|Čokoládové figurky|Severka Dárková krabička čokoládová mléčná zvířátka 3 x 10 g";"2025-12-08";0.0
"1076099357";"Severka Dárková krabička čokoládová mléčná zvířátka 3 x 10 g";"Severka";"Heureka.cz|Jídlo a nápoje|Sladkosti|Čokoládové figurky|Severka Dárková krabička čokoládová mléčná zvířátka 3 x 10 g";"2025-12-08";45.0
"1076099357";"Severka Dárková krabička čokoládová mléčná zvířátka 3 x 10 g";"Severka";"Heureka.cz|Jídlo a nápoje|Sladkosti|Čokoládové figurky|Severka Dárková krabička čokoládová mléčná zvířátka 3 x 10 g";"2025-12-08";52.0
"1076099357";"Severka Dárková krabička čokoládová mléčná zvířátka 3 x 10 g";"Severka";"Heureka.cz|Jídlo a nápoje|Sladkosti|Čokoládové figurky|Severka Dárková krabička čokoládová mléčná zvířátka 3 x 10 g";"2025-12-08";53.0
"1076099357";"Severka Dárková krabička čokoládová mléčná zvířátka 3 x 10 g";"Severka";"Heureka.cz|Jídlo a nápoje|Sladkosti|Čokoládové figurky|Severka Dárková krabička čokoládová mléčná zvířátka 3 x 10 g";"2025-12-08";56.0
"1076099357";"Severka Dárková krabička čokoládová mléčná zvířátka 3 x 10 g";"Severka";"Heureka.cz|Jídlo a nápoje|Sladkosti|Čokoládové figurky|Severka Dárková krabička čokoládová mléčná zvířátka 3 x 10 g";"2025-12-08";56.0
"1076099357";"Severka Dárková krabička čokoládová mléčná zvířátka 3 x 10 g";"Severka";"Heureka.cz|Jídlo a nápoje|Sladkosti|Čokoládové figurky|Severka Dárková krabička čokoládová mléčná zvířátka 3 x 10 g";"2025-12-08";58.0
"1081623806";"Lindt Teddy Medvídek v modrém svetru 200 g";"Lindt";"Heureka.cz|Jídlo a nápoje|Sladkosti|Čokoládové figurky|Lindt Teddy Medvídek v modrém svetru 200 g";"2025-10-23";239.0
"1081623806";"Lindt Teddy Medvídek v modrém svetru 200 g";"Lindt";"Heureka.cz|Jídlo a nápoje|Sladkosti|Čokoládové figurky|Lindt Teddy Medvídek v modrém svetru 200 g";"2025-10-23";240.0
"1081623806";"Lindt Teddy Medvídek v modrém svetru 200 g";"Lindt";"Heureka.cz|Jídlo a nápoje|Sladkosti|Čokoládové figurky|Lindt Teddy Medvídek v modrém svetru 200 g";"2025-10-23";299.0
"1081623806";"Lindt Teddy Medvídek v modrém svetru 200 g";"Lindt";"Heureka.cz|Jídlo a nápoje|Sladkosti|Čokoládové figurky|Lindt Teddy Medvídek v modrém svetru 200 g";"2025-10-23";300.0
"1081623806";"Lindt Teddy Medvídek v modrém svetru 200 g";"Lindt";"Heureka.cz|Jídlo a nápoje|Sladkosti|Čokoládové figurky|Lindt Teddy Medvídek v modrém svetru 200 g";"2025-11-05";239.0
"1081623806";"Lindt Teddy Medvídek v modrém svetru 200 g";"Lindt";"Heureka.cz|Jídlo a nápoje|Sladkosti|Čokoládové figurky|Lindt Teddy Medvídek v modrém svetru 200 g";"2025-11-05";242.0
"1081623806";"Lindt Teddy Medvídek v modrém svetru 200 g";"Lindt";"Heureka.cz|Jídlo a nápoje|Sladkosti|Čokoládové figurky|Lindt Teddy Medvídek v modrém svetru 200 g";"2025-11-05";299.0
"1081623806";"Lindt Teddy Medvídek v modrém svetru 200 g";"Lindt";"Heureka.cz|Jídlo a nápoje|Sladkosti|Čokoládové figurky|Lindt Teddy Medvídek v modrém svetru 200 g";"2025-11-05";300.0
"1081623806";"Lindt Teddy Medvídek v modrém svetru 200 g";"Lindt";"Heureka.cz|Jídlo a nápoje|Sladkosti|Čokoládové figurky|Lindt Teddy Medvídek v modrém svetru 200 g";"2025-11-06";239.0
"1081623806";"Lindt Teddy Medvídek v modrém svetru 200 g";"Lindt";"Heureka.cz|Jídlo a nápoje|Sladkosti|Čokoládové figurky|Lindt Teddy Medvídek v modrém svetru 200 g";"2025-11-06";242.0
"1081623806";"Lindt Teddy Medvídek v modrém svetru 200 g";"Lindt";"Heureka.cz|Jídlo a nápoje|Sladkosti|Čokoládové figurky|Lindt Teddy Medvídek v modrém svetru 200 g";"2025-11-06";299.0
"1081623806";"Lindt Teddy Medvídek v modrém svetru 200 g";"Lindt";"Heureka.cz|Jídlo a nápoje|Sladkosti|Čokoládové figurky|Lindt Teddy Medvídek v modrém svetru 200 g";"2025-11-06";300.0
"1081623806";"Lindt Teddy Medvídek v modrém svetru 200 g";"Lindt";"Heureka.cz|Jídlo a nápoje|Sladkosti|Čokoládové figurky|Lindt Teddy Medvídek v modrém svetru 200 g";"2025-11-07";239.0
"1081623806";"Lindt Teddy Medvídek v modrém svetru 200 g";"Lindt";"Heureka.cz|Jídlo a nápoje|Sladkosti|Čokoládové figurky|Lindt Teddy Medvídek v modrém svetru 200 g";"2025-11-07";242.0
"1081623806";"Lindt Teddy Medvídek v modrém svetru 200 g";"Lindt";"Heureka.cz|Jídlo a nápoje|Sladkosti|Čokoládové figurky|Lindt Teddy Medvídek v modrém svetru 200 g";"2025-11-07";299.0
"1081623806";"Lindt Teddy Medvídek v modrém svetru 200 g";"Lindt";"Heureka.cz|Jídlo a nápoje|Sladkosti|Čokoládové figurky|Lindt Teddy Medvídek v modrém svetru 200 g";"2025-11-07";300.0
"1081623806";"Lindt Teddy Medvídek v modrém svetru 200 g";"Lindt";"Heureka.cz|Jídlo a nápoje|Sladkosti|Čokoládové figurky|Lindt Teddy Medvídek v modrém svetru 200 g";"2025-11-08";239.0
"1081623806";"Lindt Teddy Medvídek v modrém svetru 200 g";"Lindt";"Heureka.cz|Jídlo a nápoje|Sladkosti|Čokoládové figurky|Lindt Teddy Medvídek v modrém svetru 200 g";"2025-11-08";242.0
"1081623806";"Lindt Teddy Medvídek v modrém svetru 200 g";"Lindt";"Heureka.cz|Jídlo a nápoje|Sladkosti|Čokoládové figurky|Lindt Teddy Medvídek v modrém svetru 200 g";"2025-11-08";299.0
"1081623806";"Lindt Teddy Medvídek v modrém svetru 200 g";"Lindt";"Heureka.cz|Jídlo a nápoje|Sladkosti|Čokoládové figurky|Lindt Teddy Medvídek v modrém svetru 200 g";"2025-11-08";300.0
"1081623806";"Lindt Teddy Medvídek v modrém svetru 200 g";"Lindt";"Heureka.cz|Jídlo a nápoje|Sladkosti|Čokoládové figurky|Lindt Teddy Medvídek v modrém svetru 200 g";"2025-11-09";239.0
"1081623806";"Lindt Teddy Medvídek v modrém svetru 200 g";"Lindt";"Heureka.cz|Jídlo a nápoje|Sladkosti|Čokoládové figurky|Lindt Teddy Medvídek v modrém svetru 200 g";"2025-11-09";242.0
"1081623806";"Lindt Teddy Medvídek v modrém svetru 200 g";"Lindt";"Heureka.cz|Jídlo a nápoje|Sladkosti|Čokoládové figurky|Lindt Teddy Medvídek v modrém svetru 200 g";"2025-11-09";299.0
"1081623806";"Lindt Teddy Medvídek v modrém svetru 200 g";"Lindt";"Heureka.cz|Jídlo a nápoje|Sladkosti|Čokoládové figurky|Lindt Teddy Medvídek v modrém svetru 200 g";"2025-11-09";300.0
"1081623806";"Lindt Teddy Medvídek v modrém svetru 200 g";"Lindt";"Heureka.cz|Jídlo a nápoje|Sladkosti|Čokoládové figurky|Lindt Teddy Medvídek v modrém svetru 200 g";"2025-11-10";239.0
"1081623806";"Lindt Teddy Medvídek v modrém svetru 200 g";"Lindt";"Heureka.cz|Jídlo a nápoje|Sladkosti|Čokoládové figurky|Lindt Teddy Medvídek v modrém svetru 200 g";"2025-11-10";242.0
"1081623806";"Lindt Teddy Medvídek v modrém svetru 200 g";"Lindt";"Heureka.cz|Jídlo a nápoje|Sladkosti|Čokoládové figurky|Lindt Teddy Medvídek v modrém svetru 200 g";"2025-11-10";299.0
"1081623806";"Lindt Teddy Medvídek v modrém svetru 200 g";"Lindt";"Heureka.cz|Jídlo a nápoje|Sladkosti|Čokoládové figurky|Lindt Teddy Medvídek v modrém svetru 200 g";"2025-11-10";300.0
"1081623806";"Lindt Teddy Medvídek v modrém svetru 200 g";"Lindt";"Heureka.cz|Jídlo a nápoje|Sladkosti|Čokoládové figurky|Lindt Teddy Medvídek v modrém svetru 200 g";"2025-11-11";239.0
"1081623806";"Lindt Teddy Medvídek v modrém svetru 200 g";"Lindt";"Heureka.cz|Jídlo a nápoje|Sladkosti|Čokoládové figurky|Lindt Teddy Medvídek v modrém svetru 200 g";"2025-11-11";242.0
"1081623806";"Lindt Teddy Medvídek v modrém svetru 200 g";"Lindt";"Heureka.cz|Jídlo a nápoje|Sladkosti|Čokoládové figurky|Lindt Teddy Medvídek v modrém svetru 200 g";"2025-11-11";299.0
"1081623806";"Lindt Teddy Medvídek v modrém svetru 200 g";"Lindt";"Heureka.cz|Jídlo a nápoje|Sladkosti|Čokoládové figurky|Lindt Teddy Medvídek v modrém svetru 200 g";"2025-11-11";300.0
"1081623806";"Lindt Teddy Medvídek v modrém svetru 200 g";"Lindt";"Heureka.cz|Jídlo a nápoje|Sladkosti|Čokoládové figurky|Lindt Teddy Medvídek v modrém svetru 200 g";"2025-11-12";239.0
"1081623806";"Lindt Teddy Medvídek v modrém svetru 200 g";"Lindt";"Heureka.cz|Jídlo a nápoje|Sladkosti|Čokoládové figurky|Lindt Teddy Medvídek v modrém svetru 200 g";"2025-11-12";242.0
"1081623806";"Lindt Teddy Medvídek v modrém svetru 200 g";"Lindt";"Heureka.cz|Jídlo a nápoje|Sladkosti|Čokoládové figurky|Lindt Teddy Medvídek v modrém svetru 200 g";"2025-11-12";299.0
"1081623806";"Lindt Teddy Medvídek v modrém svetru 200 g";"Lindt";"Heureka.cz|Jídlo a nápoje|Sladkosti|Čokoládové figurky|Lindt Teddy Medvídek v modrém svetru 200 g";"2025-11-12";300.0
"1081623806";"Lindt Teddy Medvídek v modrém svetru 200 g";"Lindt";"Heureka.cz|Jídlo a nápoje|Sladkosti|Čokoládové figurky|Lindt Teddy Medvídek v modrém svetru 200 g";"2025-11-13";239.0
"1081623806";"Lindt Teddy Medvídek v modrém svetru 200 g";"Lindt";"Heureka.cz|Jídlo a nápoje|Sladkosti|Čokoládové figurky|Lindt Teddy Medvídek v modrém svetru 200 g";"2025-11-13";242.0
"1081623806";"Lindt Teddy Medvídek v modrém svetru 200 g";"Lindt";"Heureka.cz|Jídlo a nápoje|Sladkosti|Čokoládové figurky|Lindt Teddy Medvídek v modrém svetru 200 g";"2025-11-13";299.0
"1081623806";"Lindt Teddy Medvídek v modrém svetru 200 g";"Lindt";"Heureka.cz|Jídlo a nápoje|Sladkosti|Čokoládové figurky|Lindt Teddy Medvídek v modrém svetru 200 g";"2025-11-13";300.0
"1081623806";"Lindt Teddy Medvídek v modrém svetru 200 g";"Lindt";"Heureka.cz|Jídlo a nápoje|Sladkosti|Čokoládové figurky|Lindt Teddy Medvídek v modrém svetru 200 g";"2025-11-14";239.0
"1081623806";"Lindt Teddy Medvídek v modrém svetru 200 g";"Lindt";"Heureka.cz|Jídlo a nápoje|Sladkosti|Čokoládové figurky|Lindt Teddy Medvídek v modrém svetru 200 g";"2025-11-14";242.0
"1081623806";"Lindt Teddy Medvídek v modrém svetru 200 g";"Lindt";"Heureka.cz|Jídlo a nápoje|Sladkosti|Čokoládové figurky|Lindt Teddy Medvídek v modrém svetru 200 g";"2025-11-14";299.0
"1081623806";"Lindt Teddy Medvídek v modrém svetru 200 g";"Lindt";"Heureka.cz|Jídlo a nápoje|Sladkosti|Čokoládové figurky|Lindt Teddy Medvídek v modrém svetru 200 g";"2025-11-14";300.0
"1081623806";"Lindt Teddy Medvídek v modrém svetru 200 g";"Lindt";"Heureka.cz|Jídlo a nápoje|Sladkosti|Čokoládové figurky|Lindt Teddy Medvídek v modrém svetru 200 g";"2025-11-15";239.0
"1081623806";"Lindt Teddy Medvídek v modrém svetru 200 g";"Lindt";"Heureka.cz|Jídlo a nápoje|Sladkosti|Čokoládové figurky|Lindt Teddy Medvídek v modrém svetru 200 g";"2025-11-15";242.0
"1081623806";"Lindt Teddy Medvídek v modrém svetru 200 g";"Lindt";"Heureka.cz|Jídlo a nápoje|Sladkosti|Čokoládové figurky|Lindt Teddy Medvídek v modrém svetru 200 g";"2025-11-15";299.0
"1081623806";"Lindt Teddy Medvídek v modrém svetru 200 g";"Lindt";"Heureka.cz|Jídlo a nápoje|Sladkosti|Čokoládové figurky|Lindt Teddy Medvídek v modrém svetru 200 g";"2025-11-15";300.0
"1081623806";"Lindt Teddy Medvídek v modrém svetru 200 g";"Lindt";"Heureka.cz|Jídlo a nápoje|Sladkosti|Čokoládové figurky|Lindt Teddy Medvídek v modrém svetru 200 g";"2025-11-16";239.0
"1081623806";"Lindt Teddy Medvídek v modrém svetru 200 g";"Lindt";"Heureka.cz|Jídlo a nápoje|Sladkosti|Čokoládové figurky|Lindt Teddy Medvídek v modrém svetru 200 g";"2025-11-16";242.0
"1081623806";"Lindt Teddy Medvídek v modrém svetru 200 g";"Lindt";"Heureka.cz|Jídlo a nápoje|Sladkosti|Čokoládové figurky|Lindt Teddy Medvídek v modrém svetru 200 g";"2025-11-16";299.0
"1081623806";"Lindt Teddy Medvídek v modrém svetru 200 g";"Lindt";"Heureka.cz|Jídlo a nápoje|Sladkosti|Čokoládové figurky|Lindt Teddy Medvídek v modrém svetru 200 g";"2025-11-16";300.0
"1081623806";"Lindt Teddy Medvídek v modrém svetru 200 g";"Lindt";"Heureka.cz|Jídlo a nápoje|Sladkosti|Čokoládové figurky|Lindt Teddy Medvídek v modrém svetru 200 g";"2025-11-17";239.0
"1081623806";"Lindt Teddy Medvídek v modrém svetru 200 g";"Lindt";"Heureka.cz|Jídlo a nápoje|Sladkosti|Čokoládové figurky|Lindt Teddy Medvídek v modrém svetru 200 g";"2025-11-17";242.0
"1081623806";"Lindt Teddy Medvídek v modrém svetru 200 g";"Lindt";"Heureka.cz|Jídlo a nápoje|Sladkosti|Čokoládové figurky|Lindt Teddy Medvídek v modrém svetru 200 g";"2025-11-17";299.0
"1081623806";"Lindt Teddy Medvídek v modrém svetru 200 g";"Lindt";"Heureka.cz|Jídlo a nápoje|Sladkosti|Čokoládové figurky|Lindt Teddy Medvídek v modrém svetru 200 g";"2025-11-17";300.0
"1081623806";"Lindt Teddy Medvídek v modrém svetru 200 g";"Lindt";"Heureka.cz|Jídlo a nápoje|Sladkosti|Čokoládové figurky|Lindt Teddy Medvídek v modrém svetru 200 g";"2025-11-18";239.0
"1081623806";"Lindt Teddy Medvídek v modrém svetru 200 g";"Lindt";"Heureka.cz|Jídlo a nápoje|Sladkosti|Čokoládové figurky|Lindt Teddy Medvídek v modrém svetru 200 g";"2025-11-18";299.0
"1081623806";"Lindt Teddy Medvídek v modrém svetru 200 g";"Lindt";"Heureka.cz|Jídlo a nápoje|Sladkosti|Čokoládové figurky|Lindt Teddy Medvídek v modrém svetru 200 g";"2025-11-18";300.0
"1081623806";"Lindt Teddy Medvídek v modrém svetru 200 g";"Lindt";"Heureka.cz|Jídlo a nápoje|Sladkosti|Čokoládové figurky|Lindt Teddy Medvídek v modrém svetru 200 g";"2025-11-19";239.0
"1081623806";"Lindt Teddy Medvídek v modrém svetru 200 g";"Lindt";"Heureka.cz|Jídlo a nápoje|Sladkosti|Čokoládové figurky|Lindt Teddy Medvídek v modrém svetru 200 g";"2025-11-19";299.0
"1081623806";"Lindt Teddy Medvídek v modrém svetru 200 g";"Lindt";"Heureka.cz|Jídlo a nápoje|Sladkosti|Čokoládové figurky|Lindt Teddy Medvídek v modrém svetru 200 g";"2025-11-19";300.0
"1081623806";"Lindt Teddy Medvídek v modrém svetru 200 g";"Lindt";"Heureka.cz|Jídlo a nápoje|Sladkosti|Čokoládové figurky|Lindt Teddy Medvídek v modrém svetru 200 g";"2025-11-20";239.0
"1081623806";"Lindt Teddy Medvídek v modrém svetru 200 g";"Lindt";"Heureka.cz|Jídlo a nápoje|Sladkosti|Čokoládové figurky|Lindt Teddy Medvídek v modrém svetru 200 g";"2025-11-20";299.0
"1081623806";"Lindt Teddy Medvídek v modrém svetru 200 g";"Lindt";"Heureka.cz|Jídlo a nápoje|Sladkosti|Čokoládové figurky|Lindt Teddy Medvídek v modrém svetru 200 g";"2025-11-20";300.0
"1081623806";"Lindt Teddy Medvídek v modrém svetru 200 g";"Lindt";"Heureka.cz|Jídlo a nápoje|Sladkosti|Čokoládové figurky|Lindt Teddy Medvídek v modrém svetru 200 g";"2025-11-21";239.0
"1081623806";"Lindt Teddy Medvídek v modrém svetru 200 g";"Lindt";"Heureka.cz|Jídlo a nápoje|Sladkosti|Čokoládové figurky|Lindt Teddy Medvídek v modrém svetru 200 g";"2025-11-21";299.0
"1081623806";"Lindt Teddy Medvídek v modrém svetru 200 g";"Lindt";"Heureka.cz|Jídlo a nápoje|Sladkosti|Čokoládové figurky|Lindt Teddy Medvídek v modrém svetru 200 g";"2025-11-21";300.0
"1081623806";"Lindt Teddy Medvídek v modrém svetru 200 g";"Lindt";"Heureka.cz|Jídlo a nápoje|Sladkosti|Čokoládové figurky|Lindt Teddy Medvídek v modrém svetru 200 g";"2025-11-22";239.0
"1081623806";"Lindt Teddy Medvídek v modrém svetru 200 g";"Lindt";"Heureka.cz|Jídlo a nápoje|Sladkosti|Čokoládové figurky|Lindt Teddy Medvídek v modrém svetru 200 g";"2025-11-22";299.0
"1081623806";"Lindt Teddy Medvídek v modrém svetru 200 g";"Lindt";"Heureka.cz|Jídlo a nápoje|Sladkosti|Čokoládové figurky|Lindt Teddy Medvídek v modrém svetru 200 g";"2025-11-22";300.0
"1081623806";"Lindt Teddy Medvídek v modrém svetru 200 g";"Lindt";"Heureka.cz|Jídlo a nápoje|Sladkosti|Čokoládové figurky|Lindt Teddy Medvídek v modrém svetru 200 g";"2025-11-23";239.0
"1081623806";"Lindt Teddy Medvídek v modrém svetru 200 g";"Lindt";"Heureka.cz|Jídlo a nápoje|Sladkosti|Čokoládové figurky|Lindt Teddy Medvídek v modrém svetru 200 g";"2025-11-23";299.0
"1081623806";"Lindt Teddy Medvídek v modrém svetru 200 g";"Lindt";"Heureka.cz|Jídlo a nápoje|Sladkosti|Čokoládové figurky|Lindt Teddy Medvídek v modrém svetru 200 g";"2025-11-23";300.0
"1081623806";"Lindt Teddy Medvídek v modrém svetru 200 g";"Lindt";"Heureka.cz|Jídlo a nápoje|Sladkosti|Čokoládové figurky|Lindt Teddy Medvídek v modrém svetru 200 g";"2025-11-24";239.0
"1081623806";"Lindt Teddy Medvídek v modrém svetru 200 g";"Lindt";"Heureka.cz|Jídlo a nápoje|Sladkosti|Čokoládové figurky|Lindt Teddy Medvídek v modrém svetru 200 g";"2025-11-24";299.0
"1081623806";"Lindt Teddy Medvídek v modrém svetru 200 g";"Lindt";"Heureka.cz|Jídlo a nápoje|Sladkosti|Čokoládové figurky|Lindt Teddy Medvídek v modrém svetru 200 g";"2025-11-24";300.0
"1081623806";"Lindt Teddy Medvídek v modrém svetru 200 g";"Lindt";"Heureka.cz|Jídlo a nápoje|Sladkosti|Čokoládové figurky|Lindt Teddy Medvídek v modrém svetru 200 g";"2025-11-25";239.0
"1081623806";"Lindt Teddy Medvídek v modrém svetru 200 g";"Lindt";"Heureka.cz|Jídlo a nápoje|Sladkosti|Čokoládové figurky|Lindt Teddy Medvídek v modrém svetru 200 g";"2025-11-25";299.0
"1081623806";"Lindt Teddy Medvídek v modrém svetru 200 g";"Lindt";"Heureka.cz|Jídlo a nápoje|Sladkosti|Čokoládové figurky|Lindt Teddy Medvídek v modrém svetru 200 g";"2025-11-25";300.0
"1081623806";"Lindt Teddy Medvídek v modrém svetru 200 g";"Lindt";"Heureka.cz|Jídlo a nápoje|Sladkosti|Čokoládové figurky|Lindt Teddy Medvídek v modrém svetru 200 g";"2025-11-26";239.0
"1081623806";"Lindt Teddy Medvídek v modrém svetru 200 g";"Lindt";"Heureka.cz|Jídlo a nápoje|Sladkosti|Čokoládové figurky|Lindt Teddy Medvídek v modrém svetru 200 g";"2025-11-26";299.0
"1081623806";"Lindt Teddy Medvídek v modrém svetru 200 g";"Lindt";"Heureka.cz|Jídlo a nápoje|Sladkosti|Čokoládové figurky|Lindt Teddy Medvídek v modrém svetru 200 g";"2025-11-26";300.0
"1081623806";"Lindt Teddy Medvídek v modrém svetru 200 g";"Lindt";"Heureka.cz|Jídlo a nápoje|Sladkosti|Čokoládové figurky|Lindt Teddy Medvídek v modrém svetru 200 g";"2025-11-27";239.0
"1081623806";"Lindt Teddy Medvídek v modrém svetru 200 g";"Lindt";"Heureka.cz|Jídlo a nápoje|Sladkosti|Čokoládové figurky|Lindt Teddy Medvídek v modrém svetru 200 g";"2025-11-27";299.0
"1081623806";"Lindt Teddy Medvídek v modrém svetru 200 g";"Lindt";"Heureka.cz|Jídlo a nápoje|Sladkosti|Čokoládové figurky|Lindt Teddy Medvídek v modrém svetru 200 g";"2025-11-27";300.0
"1081623806";"Lindt Teddy Medvídek v modrém svetru 200 g";"Lindt";"Heureka.cz|Jídlo a nápoje|Sladkosti|Čokoládové figurky|Lindt Teddy Medvídek v modrém svetru 200 g";"2025-11-28";180.0
"1081623806";"Lindt Teddy Medvídek v modrém svetru 200 g";"Lindt";"Heureka.cz|Jídlo a nápoje|Sladkosti|Čokoládové figurky|Lindt Teddy Medvídek v modrém svetru 200 g";"2025-11-28";239.0
"1081623806";"Lindt Teddy Medvídek v modrém svetru 200 g";"Lindt";"Heureka.cz|Jídlo a nápoje|Sladkosti|Čokoládové figurky|Lindt Teddy Medvídek v modrém svetru 200 g";"2025-11-28";299.0
"1081623806";"Lindt Teddy Medvídek v modrém svetru 200 g";"Lindt";"Heureka.cz|Jídlo a nápoje|Sladkosti|Čokoládové figurky|Lindt Teddy Medvídek v modrém svetru 200 g";"2025-11-29";180.0
"1081623806";"Lindt Teddy Medvídek v modrém svetru 200 g";"Lindt";"Heureka.cz|Jídlo a nápoje|Sladkosti|Čokoládové figurky|Lindt Teddy Medvídek v modrém svetru 200 g";"2025-11-29";239.0
"1081623806";"Lindt Teddy Medvídek v modrém svetru 200 g";"Lindt";"Heureka.cz|Jídlo a nápoje|Sladkosti|Čokoládové figurky|Lindt Teddy Medvídek v modrém svetru 200 g";"2025-11-29";299.0
"1081623806";"Lindt Teddy Medvídek v modrém svetru 200 g";"Lindt";"Heureka.cz|Jídlo a nápoje|Sladkosti|Čokoládové figurky|Lindt Teddy Medvídek v modrém svetru 200 g";"2025-11-30";180.0
"1081623806";"Lindt Teddy Medvídek v modrém svetru 200 g";"Lindt";"Heureka.cz|Jídlo a nápoje|Sladkosti|Čokoládové figurky|Lindt Teddy Medvídek v modrém svetru 200 g";"2025-11-30";239.0
"1081623806";"Lindt Teddy Medvídek v modrém svetru 200 g";"Lindt";"Heureka.cz|Jídlo a nápoje|Sladkosti|Čokoládové figurky|Lindt Teddy Medvídek v modrém svetru 200 g";"2025-11-30";299.0
"1081623806";"Lindt Teddy Medvídek v modrém svetru 200 g";"Lindt";"Heureka.cz|Jídlo a nápoje|Sladkosti|Čokoládové figurky|Lindt Teddy Medvídek v modrém svetru 200 g";"2025-12-01";180.0
"1081623806";"Lindt Teddy Medvídek v modrém svetru 200 g";"Lindt";"Heureka.cz|Jídlo a nápoje|Sladkosti|Čokoládové figurky|Lindt Teddy Medvídek v modrém svetru 200 g";"2025-12-01";239.0
"1081623806";"Lindt Teddy Medvídek v modrém svetru 200 g";"Lindt";"Heureka.cz|Jídlo a nápoje|Sladkosti|Čokoládové figurky|Lindt Teddy Medvídek v modrém svetru 200 g";"2025-12-01";299.0
"1081623806";"Lindt Teddy Medvídek v modrém svetru 200 g";"Lindt";"Heureka.cz|Jídlo a nápoje|Sladkosti|Čokoládové figurky|Lindt Teddy Medvídek v modrém svetru 200 g";"2025-12-02";239.0
"1081623806";"Lindt Teddy Medvídek v modrém svetru 200 g";"Lindt";"Heureka.cz|Jídlo a nápoje|Sladkosti|Čokoládové figurky|Lindt Teddy Medvídek v modrém svetru 200 g";"2025-12-02";299.0
"1081623806";"Lindt Teddy Medvídek v modrém svetru 200 g";"Lindt";"Heureka.cz|Jídlo a nápoje|Sladkosti|Čokoládové figurky|Lindt Teddy Medvídek v modrém svetru 200 g";"2025-12-03";239.0
"1081623806";"Lindt Teddy Medvídek v modrém svetru 200 g";"Lindt";"Heureka.cz|Jídlo a nápoje|Sladkosti|Čokoládové figurky|Lindt Teddy Medvídek v modrém svetru 200 g";"2025-12-03";299.0
"1081623806";"Lindt Teddy Medvídek v modrém svetru 200 g";"Lindt";"Heureka.cz|Jídlo a nápoje|Sladkosti|Čokoládové figurky|Lindt Teddy Medvídek v modrém svetru 200 g";"2025-12-04";239.0
"1081623806";"Lindt Teddy Medvídek v modrém svetru 200 g";"Lindt";"Heureka.cz|Jídlo a nápoje|Sladkosti|Čokoládové figurky|Lindt Teddy Medvídek v modrém svetru 200 g";"2025-12-04";299.0
"1081623806";"Lindt Teddy Medvídek v modrém svetru 200 g";"Lindt";"Heureka.cz|Jídlo a nápoje|Sladkosti|Čokoládové figurky|Lindt Teddy Medvídek v modrém svetru 200 g";"2025-12-04";300.0
"1081623806";"Lindt Teddy Medvídek v modrém svetru 200 g";"Lindt";"Heureka.cz|Jídlo a nápoje|Sladkosti|Čokoládové figurky|Lindt Teddy Medvídek v modrém svetru 200 g";"2025-12-05";239.0
"1081623806";"Lindt Teddy Medvídek v modrém svetru 200 g";"Lindt";"Heureka.cz|Jídlo a nápoje|Sladkosti|Čokoládové figurky|Lindt Teddy Medvídek v modrém svetru 200 g";"2025-12-05";299.0
"1081623806";"Lindt Teddy Medvídek v modrém svetru 200 g";"Lindt";"Heureka.cz|Jídlo a nápoje|Sladkosti|Čokoládové figurky|Lindt Teddy Medvídek v modrém svetru 200 g";"2025-12-05";300.0
"1081623806";"Lindt Teddy Medvídek v modrém svetru 200 g";"Lindt";"Heureka.cz|Jídlo a nápoje|Sladkosti|Čokoládové figurky|Lindt Teddy Medvídek v modrém svetru 200 g";"2025-12-06";239.0
"1081623806";"Lindt Teddy Medvídek v modrém svetru 200 g";"Lindt";"Heureka.cz|Jídlo a nápoje|Sladkosti|Čokoládové figurky|Lindt Teddy Medvídek v modrém svetru 200 g";"2025-12-06";249.0
"1081623806";"Lindt Teddy Medvídek v modrém svetru 200 g";"Lindt";"Heureka.cz|Jídlo a nápoje|Sladkosti|Čokoládové figurky|Lindt Teddy Medvídek v modrém svetru 200 g";"2025-12-06";299.0
"1081623806";"Lindt Teddy Medvídek v modrém svetru 200 g";"Lindt";"Heureka.cz|Jídlo a nápoje|Sladkosti|Čokoládové figurky|Lindt Teddy Medvídek v modrém svetru 200 g";"2025-12-06";300.0
"1081623806";"Lindt Teddy Medvídek v modrém svetru 200 g";"Lindt";"Heureka.cz|Jídlo a nápoje|Sladkosti|Čokoládové figurky|Lindt Teddy Medvídek v modrém svetru 200 g";"2025-12-07";239.0
"1081623806";"Lindt Teddy Medvídek v modrém svetru 200 g";"Lindt";"Heureka.cz|Jídlo a nápoje|Sladkosti|Čokoládové figurky|Lindt Teddy Medvídek v modrém svetru 200 g";"2025-12-07";249.0
"1081623806";"Lindt Teddy Medvídek v modrém svetru 200 g";"Lindt";"Heureka.cz|Jídlo a nápoje|Sladkosti|Čokoládové figurky|Lindt Teddy Medvídek v modrém svetru 200 g";"2025-12-07";299.0
"1081623806";"Lindt Teddy Medvídek v modrém svetru 200 g";"Lindt";"Heureka.cz|Jídlo a nápoje|Sladkosti|Čokoládové figurky|Lindt Teddy Medvídek v modrém svetru 200 g";"2025-12-07";300.0
"1081623806";"Lindt Teddy Medvídek v modrém svetru 200 g";"Lindt";"Heureka.cz|Jídlo a nápoje|Sladkosti|Čokoládové figurky|Lindt Teddy Medvídek v modrém svetru 200 g";"2025-12-08";239.0
"1081623806";"Lindt Teddy Medvídek v modrém svetru 200 g";"Lindt";"Heureka.cz|Jídlo a nápoje|Sladkosti|Čokoládové figurky|Lindt Teddy Medvídek v modrém svetru 200 g";"2025-12-08";249.0
"1081623806";"Lindt Teddy Medvídek v modrém svetru 200 g";"Lindt";"Heureka.cz|Jídlo a nápoje|Sladkosti|Čokoládové figurky|Lindt Teddy Medvídek v modrém svetru 200 g";"2025-12-08";299.0
"1081623806";"Lindt Teddy Medvídek v modrém svetru 200 g";"Lindt";"Heureka.cz|Jídlo a nápoje|Sladkosti|Čokoládové figurky|Lindt Teddy Medvídek v modrém svetru 200 g";"2025-12-08";300.0
"1084356918";"Lindt Teddy mléčný 100 g";"Lindt";"Heureka.cz|Jídlo a nápoje|Sladkosti|Čokoládové figurky|Lindt Teddy mléčný 100 g";"2025-10-23";125.0
"1084356918";"Lindt Teddy mléčný 100 g";"Lindt";"Heureka.cz|Jídlo a nápoje|Sladkosti|Čokoládové figurky|Lindt Teddy mléčný 100 g";"2025-10-23";200.0
"1084356918";"Lindt Teddy mléčný 100 g";"Lindt";"Heureka.cz|Jídlo a nápoje|Sladkosti|Čokoládové figurky|Lindt Teddy mléčný 100 g";"2025-11-05";125.0
"1084356918";"Lindt Teddy mléčný 100 g";"Lindt";"Heureka.cz|Jídlo a nápoje|Sladkosti|Čokoládové figurky|Lindt Teddy mléčný 100 g";"2025-11-06";115.0
"1084356918";"Lindt Teddy mléčný 100 g";"Lindt";"Heureka.cz|Jídlo a nápoje|Sladkosti|Čokoládové figurky|Lindt Teddy mléčný 100 g";"2025-11-06";125.0
"1084356918";"Lindt Teddy mléčný 100 g";"Lindt";"Heureka.cz|Jídlo a nápoje|Sladkosti|Čokoládové figurky|Lindt Teddy mléčný 100 g";"2025-11-07";115.0
"1084356918";"Lindt Teddy mléčný 100 g";"Lindt";"Heureka.cz|Jídlo a nápoje|Sladkosti|Čokoládové figurky|Lindt Teddy mléčný 100 g";"2025-11-07";125.0
"1084356918";"Lindt Teddy mléčný 100 g";"Lindt";"Heureka.cz|Jídlo a nápoje|Sladkosti|Čokoládové figurky|Lindt Teddy mléčný 100 g";"2025-11-08";0.0
"1084356918";"Lindt Teddy mléčný 100 g";"Lindt";"Heureka.cz|Jídlo a nápoje|Sladkosti|Čokoládové figurky|Lindt Teddy mléčný 100 g";"2025-11-08";125.0
"1084356918";"Lindt Teddy mléčný 100 g";"Lindt";"Heureka.cz|Jídlo a nápoje|Sladkosti|Čokoládové figurky|Lindt Teddy mléčný 100 g";"2025-11-09";0.0
"1084356918";"Lindt Teddy mléčný 100 g";"Lindt";"Heureka.cz|Jídlo a nápoje|Sladkosti|Čokoládové figurky|Lindt Teddy mléčný 100 g";"2025-11-09";125.0
"1084356918";"Lindt Teddy mléčný 100 g";"Lindt";"Heureka.cz|Jídlo a nápoje|Sladkosti|Čokoládové figurky|Lindt Teddy mléčný 100 g";"2025-11-10";30.0
"1084356918";"Lindt Teddy mléčný 100 g";"Lindt";"Heureka.cz|Jídlo a nápoje|Sladkosti|Čokoládové figurky|Lindt Teddy mléčný 100 g";"2025-11-10";0.0
"1084356918";"Lindt Teddy mléčný 100 g";"Lindt";"Heureka.cz|Jídlo a nápoje|Sladkosti|Čokoládové figurky|Lindt Teddy mléčný 100 g";"2025-11-10";125.0
"1084356918";"Lindt Teddy mléčný 100 g";"Lindt";"Heureka.cz|Jídlo a nápoje|Sladkosti|Čokoládové figurky|Lindt Teddy mléčný 100 g";"2025-11-11";30.0
"1084356918";"Lindt Teddy mléčný 100 g";"Lindt";"Heureka.cz|Jídlo a nápoje|Sladkosti|Čokoládové figurky|Lindt Teddy mléčný 100 g";"2025-11-11";100.0
"1084356918";"Lindt Teddy mléčný 100 g";"Lindt";"Heureka.cz|Jídlo a nápoje|Sladkosti|Čokoládové figurky|Lindt Teddy mléčný 100 g";"2025-11-11";125.0
"1084356918";"Lindt Teddy mléčný 100 g";"Lindt";"Heureka.cz|Jídlo a nápoje|Sladkosti|Čokoládové figurky|Lindt Teddy mléčný 100 g";"2025-11-12";30.0
"1084356918";"Lindt Teddy mléčný 100 g";"Lindt";"Heureka.cz|Jídlo a nápoje|Sladkosti|Čokoládové figurky|Lindt Teddy mléčný 100 g";"2025-11-12";100.0
"1084356918";"Lindt Teddy mléčný 100 g";"Lindt";"Heureka.cz|Jídlo a nápoje|Sladkosti|Čokoládové figurky|Lindt Teddy mléčný 100 g";"2025-11-12";125.0
"1084356918";"Lindt Teddy mléčný 100 g";"Lindt";"Heureka.cz|Jídlo a nápoje|Sladkosti|Čokoládové figurky|Lindt Teddy mléčný 100 g";"2025-11-13";30.0
"1084356918";"Lindt Teddy mléčný 100 g";"Lindt";"Heureka.cz|Jídlo a nápoje|Sladkosti|Čokoládové figurky|Lindt Teddy mléčný 100 g";"2025-11-13";100.0
"1084356918";"Lindt Teddy mléčný 100 g";"Lindt";"Heureka.cz|Jídlo a nápoje|Sladkosti|Čokoládové figurky|Lindt Teddy mléčný 100 g";"2025-11-13";125.0
"1084356918";"Lindt Teddy mléčný 100 g";"Lindt";"Heureka.cz|Jídlo a nápoje|Sladkosti|Čokoládové figurky|Lindt Teddy mléčný 100 g";"2025-11-13";139.0
"1084356918";"Lindt Teddy mléčný 100 g";"Lindt";"Heureka.cz|Jídlo a nápoje|Sladkosti|Čokoládové figurky|Lindt Teddy mléčný 100 g";"2025-11-14";30.0
"1084356918";"Lindt Teddy mléčný 100 g";"Lindt";"Heureka.cz|Jídlo a nápoje|Sladkosti|Čokoládové figurky|Lindt Teddy mléčný 100 g";"2025-11-14";100.0
"1084356918";"Lindt Teddy mléčný 100 g";"Lindt";"Heureka.cz|Jídlo a nápoje|Sladkosti|Čokoládové figurky|Lindt Teddy mléčný 100 g";"2025-11-14";125.0
"1084356918";"Lindt Teddy mléčný 100 g";"Lindt";"Heureka.cz|Jídlo a nápoje|Sladkosti|Čokoládové figurky|Lindt Teddy mléčný 100 g";"2025-11-14";139.0
"1084356918";"Lindt Teddy mléčný 100 g";"Lindt";"Heureka.cz|Jídlo a nápoje|Sladkosti|Čokoládové figurky|Lindt Teddy mléčný 100 g";"2025-11-15";100.0
"1084356918";"Lindt Teddy mléčný 100 g";"Lindt";"Heureka.cz|Jídlo a nápoje|Sladkosti|Čokoládové figurky|Lindt Teddy mléčný 100 g";"2025-11-15";125.0
"1084356918";"Lindt Teddy mléčný 100 g";"Lindt";"Heureka.cz|Jídlo a nápoje|Sladkosti|Čokoládové figurky|Lindt Teddy mléčný 100 g";"2025-11-15";139.0
"1084356918";"Lindt Teddy mléčný 100 g";"Lindt";"Heureka.cz|Jídlo a nápoje|Sladkosti|Čokoládové figurky|Lindt Teddy mléčný 100 g";"2025-11-16";100.0
"1084356918";"Lindt Teddy mléčný 100 g";"Lindt";"Heureka.cz|Jídlo a nápoje|Sladkosti|Čokoládové figurky|Lindt Teddy mléčný 100 g";"2025-11-16";125.0
"1084356918";"Lindt Teddy mléčný 100 g";"Lindt";"Heureka.cz|Jídlo a nápoje|Sladkosti|Čokoládové figurky|Lindt Teddy mléčný 100 g";"2025-11-16";139.0
"1084356918";"Lindt Teddy mléčný 100 g";"Lindt";"Heureka.cz|Jídlo a nápoje|Sladkosti|Čokoládové figurky|Lindt Teddy mléčný 100 g";"2025-11-17";100.0
"1084356918";"Lindt Teddy mléčný 100 g";"Lindt";"Heureka.cz|Jídlo a nápoje|Sladkosti|Čokoládové figurky|Lindt Teddy mléčný 100 g";"2025-11-17";125.0
"1084356918";"Lindt Teddy mléčný 100 g";"Lindt";"Heureka.cz|Jídlo a nápoje|Sladkosti|Čokoládové figurky|Lindt Teddy mléčný 100 g";"2025-11-17";139.0
"1084356918";"Lindt Teddy mléčný 100 g";"Lindt";"Heureka.cz|Jídlo a nápoje|Sladkosti|Čokoládové figurky|Lindt Teddy mléčný 100 g";"2025-11-17";153.0
"1084356918";"Lindt Teddy mléčný 100 g";"Lindt";"Heureka.cz|Jídlo a nápoje|Sladkosti|Čokoládové figurky|Lindt Teddy mléčný 100 g";"2025-11-17";160.0
"1084356918";"Lindt Teddy mléčný 100 g";"Lindt";"Heureka.cz|Jídlo a nápoje|Sladkosti|Čokoládové figurky|Lindt Teddy mléčný 100 g";"2025-11-18";100.0
"1084356918";"Lindt Teddy mléčný 100 g";"Lindt";"Heureka.cz|Jídlo a nápoje|Sladkosti|Čokoládové figurky|Lindt Teddy mléčný 100 g";"2025-11-18";125.0
"1084356918";"Lindt Teddy mléčný 100 g";"Lindt";"Heureka.cz|Jídlo a nápoje|Sladkosti|Čokoládové figurky|Lindt Teddy mléčný 100 g";"2025-11-18";139.0
"1084356918";"Lindt Teddy mléčný 100 g";"Lindt";"Heureka.cz|Jídlo a nápoje|Sladkosti|Čokoládové figurky|Lindt Teddy mléčný 100 g";"2025-11-18";153.0
"1084356918";"Lindt Teddy mléčný 100 g";"Lindt";"Heureka.cz|Jídlo a nápoje|Sladkosti|Čokoládové figurky|Lindt Teddy mléčný 100 g";"2025-11-18";160.0
"1084356918";"Lindt Teddy mléčný 100 g";"Lindt";"Heureka.cz|Jídlo a nápoje|Sladkosti|Čokoládové figurky|Lindt Teddy mléčný 100 g";"2025-11-19";201.0
"1084356918";"Lindt Teddy mléčný 100 g";"Lindt";"Heureka.cz|Jídlo a nápoje|Sladkosti|Čokoládové figurky|Lindt Teddy mléčný 100 g";"2025-11-19";100.0
"1084356918";"Lindt Teddy mléčný 100 g";"Lindt";"Heureka.cz|Jídlo a nápoje|Sladkosti|Čokoládové figurky|Lindt Teddy mléčný 100 g";"2025-11-19";125.0
"1084356918";"Lindt Teddy mléčný 100 g";"Lindt";"Heureka.cz|Jídlo a nápoje|Sladkosti|Čokoládové figurky|Lindt Teddy mléčný 100 g";"2025-11-19";160.0
"1084356918";"Lindt Teddy mléčný 100 g";"Lindt";"Heureka.cz|Jídlo a nápoje|Sladkosti|Čokoládové figurky|Lindt Teddy mléčný 100 g";"2025-11-20";201.0
"1084356918";"Lindt Teddy mléčný 100 g";"Lindt";"Heureka.cz|Jídlo a nápoje|Sladkosti|Čokoládové figurky|Lindt Teddy mléčný 100 g";"2025-11-20";100.0
"1084356918";"Lindt Teddy mléčný 100 g";"Lindt";"Heureka.cz|Jídlo a nápoje|Sladkosti|Čokoládové figurky|Lindt Teddy mléčný 100 g";"2025-11-20";125.0
"1084356918";"Lindt Teddy mléčný 100 g";"Lindt";"Heureka.cz|Jídlo a nápoje|Sladkosti|Čokoládové figurky|Lindt Teddy mléčný 100 g";"2025-11-20";160.0
"1084356918";"Lindt Teddy mléčný 100 g";"Lindt";"Heureka.cz|Jídlo a nápoje|Sladkosti|Čokoládové figurky|Lindt Teddy mléčný 100 g";"2025-11-21";201.0
"1084356918";"Lindt Teddy mléčný 100 g";"Lindt";"Heureka.cz|Jídlo a nápoje|Sladkosti|Čokoládové figurky|Lindt Teddy mléčný 100 g";"2025-11-21";100.0
"1084356918";"Lindt Teddy mléčný 100 g";"Lindt";"Heureka.cz|Jídlo a nápoje|Sladkosti|Čokoládové figurky|Lindt Teddy mléčný 100 g";"2025-11-21";125.0
"1084356918";"Lindt Teddy mléčný 100 g";"Lindt";"Heureka.cz|Jídlo a nápoje|Sladkosti|Čokoládové figurky|Lindt Teddy mléčný 100 g";"2025-11-21";160.0
"1084356918";"Lindt Teddy mléčný 100 g";"Lindt";"Heureka.cz|Jídlo a nápoje|Sladkosti|Čokoládové figurky|Lindt Teddy mléčný 100 g";"2025-11-22";201.0
"1084356918";"Lindt Teddy mléčný 100 g";"Lindt";"Heureka.cz|Jídlo a nápoje|Sladkosti|Čokoládové figurky|Lindt Teddy mléčný 100 g";"2025-11-22";100.0
"1084356918";"Lindt Teddy mléčný 100 g";"Lindt";"Heureka.cz|Jídlo a nápoje|Sladkosti|Čokoládové figurky|Lindt Teddy mléčný 100 g";"2025-11-22";125.0
"1084356918";"Lindt Teddy mléčný 100 g";"Lindt";"Heureka.cz|Jídlo a nápoje|Sladkosti|Čokoládové figurky|Lindt Teddy mléčný 100 g";"2025-11-22";150.0
"1084356918";"Lindt Teddy mléčný 100 g";"Lindt";"Heureka.cz|Jídlo a nápoje|Sladkosti|Čokoládové figurky|Lindt Teddy mléčný 100 g";"2025-11-23";201.0
"1084356918";"Lindt Teddy mléčný 100 g";"Lindt";"Heureka.cz|Jídlo a nápoje|Sladkosti|Čokoládové figurky|Lindt Teddy mléčný 100 g";"2025-11-23";100.0
"1084356918";"Lindt Teddy mléčný 100 g";"Lindt";"Heureka.cz|Jídlo a nápoje|Sladkosti|Čokoládové figurky|Lindt Teddy mléčný 100 g";"2025-11-23";125.0
"1084356918";"Lindt Teddy mléčný 100 g";"Lindt";"Heureka.cz|Jídlo a nápoje|Sladkosti|Čokoládové figurky|Lindt Teddy mléčný 100 g";"2025-11-23";150.0
"1084356918";"Lindt Teddy mléčný 100 g";"Lindt";"Heureka.cz|Jídlo a nápoje|Sladkosti|Čokoládové figurky|Lindt Teddy mléčný 100 g";"2025-11-24";201.0
"1084356918";"Lindt Teddy mléčný 100 g";"Lindt";"Heureka.cz|Jídlo a nápoje|Sladkosti|Čokoládové figurky|Lindt Teddy mléčný 100 g";"2025-11-24";125.0
"1084356918";"Lindt Teddy mléčný 100 g";"Lindt";"Heureka.cz|Jídlo a nápoje|Sladkosti|Čokoládové figurky|Lindt Teddy mléčný 100 g";"2025-11-24";150.0
"1084356918";"Lindt Teddy mléčný 100 g";"Lindt";"Heureka.cz|Jídlo a nápoje|Sladkosti|Čokoládové figurky|Lindt Teddy mléčný 100 g";"2025-11-25";201.0
"1084356918";"Lindt Teddy mléčný 100 g";"Lindt";"Heureka.cz|Jídlo a nápoje|Sladkosti|Čokoládové figurky|Lindt Teddy mléčný 100 g";"2025-11-25";125.0
"1084356918";"Lindt Teddy mléčný 100 g";"Lindt";"Heureka.cz|Jídlo a nápoje|Sladkosti|Čokoládové figurky|Lindt Teddy mléčný 100 g";"2025-11-25";150.0
"1084356918";"Lindt Teddy mléčný 100 g";"Lindt";"Heureka.cz|Jídlo a nápoje|Sladkosti|Čokoládové figurky|Lindt Teddy mléčný 100 g";"2025-11-27";201.0
"1084356918";"Lindt Teddy mléčný 100 g";"Lindt";"Heureka.cz|Jídlo a nápoje|Sladkosti|Čokoládové figurky|Lindt Teddy mléčný 100 g";"2025-11-27";125.0
"1084356918";"Lindt Teddy mléčný 100 g";"Lindt";"Heureka.cz|Jídlo a nápoje|Sladkosti|Čokoládové figurky|Lindt Teddy mléčný 100 g";"2025-11-27";150.0
"1084356918";"Lindt Teddy mléčný 100 g";"Lindt";"Heureka.cz|Jídlo a nápoje|Sladkosti|Čokoládové figurky|Lindt Teddy mléčný 100 g";"2025-11-28";201.0
"1084356918";"Lindt Teddy mléčný 100 g";"Lindt";"Heureka.cz|Jídlo a nápoje|Sladkosti|Čokoládové figurky|Lindt Teddy mléčný 100 g";"2025-11-28";111.0
"1084356918";"Lindt Teddy mléčný 100 g";"Lindt";"Heureka.cz|Jídlo a nápoje|Sladkosti|Čokoládové figurky|Lindt Teddy mléčný 100 g";"2025-11-28";125.0
"1084356918";"Lindt Teddy mléčný 100 g";"Lindt";"Heureka.cz|Jídlo a nápoje|Sladkosti|Čokoládové figurky|Lindt Teddy mléčný 100 g";"2025-11-28";150.0
"1084356918";"Lindt Teddy mléčný 100 g";"Lindt";"Heureka.cz|Jídlo a nápoje|Sladkosti|Čokoládové figurky|Lindt Teddy mléčný 100 g";"2025-11-29";201.0
"1084356918";"Lindt Teddy mléčný 100 g";"Lindt";"Heureka.cz|Jídlo a nápoje|Sladkosti|Čokoládové figurky|Lindt Teddy mléčný 100 g";"2025-11-29";111.0
"1084356918";"Lindt Teddy mléčný 100 g";"Lindt";"Heureka.cz|Jídlo a nápoje|Sladkosti|Čokoládové figurky|Lindt Teddy mléčný 100 g";"2025-11-29";125.0
"1084356918";"Lindt Teddy mléčný 100 g";"Lindt";"Heureka.cz|Jídlo a nápoje|Sladkosti|Čokoládové figurky|Lindt Teddy mléčný 100 g";"2025-11-29";150.0
"1084356918";"Lindt Teddy mléčný 100 g";"Lindt";"Heureka.cz|Jídlo a nápoje|Sladkosti|Čokoládové figurky|Lindt Teddy mléčný 100 g";"2025-11-30";111.0
"1084356918";"Lindt Teddy mléčný 100 g";"Lindt";"Heureka.cz|Jídlo a nápoje|Sladkosti|Čokoládové figurky|Lindt Teddy mléčný 100 g";"2025-11-30";125.0
"1084356918";"Lindt Teddy mléčný 100 g";"Lindt";"Heureka.cz|Jídlo a nápoje|Sladkosti|Čokoládové figurky|Lindt Teddy mléčný 100 g";"2025-11-30";150.0
"1084356918";"Lindt Teddy mléčný 100 g";"Lindt";"Heureka.cz|Jídlo a nápoje|Sladkosti|Čokoládové figurky|Lindt Teddy mléčný 100 g";"2025-11-30";201.0
"1084356918";"Lindt Teddy mléčný 100 g";"Lindt";"Heureka.cz|Jídlo a nápoje|Sladkosti|Čokoládové figurky|Lindt Teddy mléčný 100 g";"2025-12-01";111.0
"1084356918";"Lindt Teddy mléčný 100 g";"Lindt";"Heureka.cz|Jídlo a nápoje|Sladkosti|Čokoládové figurky|Lindt Teddy mléčný 100 g";"2025-12-01";125.0
"1084356918";"Lindt Teddy mléčný 100 g";"Lindt";"Heureka.cz|Jídlo a nápoje|Sladkosti|Čokoládové figurky|Lindt Teddy mléčný 100 g";"2025-12-01";150.0
"1084356918";"Lindt Teddy mléčný 100 g";"Lindt";"Heureka.cz|Jídlo a nápoje|Sladkosti|Čokoládové figurky|Lindt Teddy mléčný 100 g";"2025-12-02";111.0
"1084356918";"Lindt Teddy mléčný 100 g";"Lindt";"Heureka.cz|Jídlo a nápoje|Sladkosti|Čokoládové figurky|Lindt Teddy mléčný 100 g";"2025-12-02";125.0
"1084356918";"Lindt Teddy mléčný 100 g";"Lindt";"Heureka.cz|Jídlo a nápoje|Sladkosti|Čokoládové figurky|Lindt Teddy mléčný 100 g";"2025-12-02";150.0
"1084356918";"Lindt Teddy mléčný 100 g";"Lindt";"Heureka.cz|Jídlo a nápoje|Sladkosti|Čokoládové figurky|Lindt Teddy mléčný 100 g";"2025-12-03";111.0
"1084356918";"Lindt Teddy mléčný 100 g";"Lindt";"Heureka.cz|Jídlo a nápoje|Sladkosti|Čokoládové figurky|Lindt Teddy mléčný 100 g";"2025-12-03";125.0
"1084356918";"Lindt Teddy mléčný 100 g";"Lindt";"Heureka.cz|Jídlo a nápoje|Sladkosti|Čokoládové figurky|Lindt Teddy mléčný 100 g";"2025-12-03";150.0
"1084356918";"Lindt Teddy mléčný 100 g";"Lindt";"Heureka.cz|Jídlo a nápoje|Sladkosti|Čokoládové figurky|Lindt Teddy mléčný 100 g";"2025-12-04";111.0
"1084356918";"Lindt Teddy mléčný 100 g";"Lindt";"Heureka.cz|Jídlo a nápoje|Sladkosti|Čokoládové figurky|Lindt Teddy mléčný 100 g";"2025-12-04";125.0
"1084356918";"Lindt Teddy mléčný 100 g";"Lindt";"Heureka.cz|Jídlo a nápoje|Sladkosti|Čokoládové figurky|Lindt Teddy mléčný 100 g";"2025-12-04";150.0
"1084356918";"Lindt Teddy mléčný 100 g";"Lindt";"Heureka.cz|Jídlo a nápoje|Sladkosti|Čokoládové figurky|Lindt Teddy mléčný 100 g";"2025-12-05";111.0
"1084356918";"Lindt Teddy mléčný 100 g";"Lindt";"Heureka.cz|Jídlo a nápoje|Sladkosti|Čokoládové figurky|Lindt Teddy mléčný 100 g";"2025-12-05";125.0
"1084356918";"Lindt Teddy mléčný 100 g";"Lindt";"Heureka.cz|Jídlo a nápoje|Sladkosti|Čokoládové figurky|Lindt Teddy mléčný 100 g";"2025-12-05";130.0
"1084356918";"Lindt Teddy mléčný 100 g";"Lindt";"Heureka.cz|Jídlo a nápoje|Sladkosti|Čokoládové figurky|Lindt Teddy mléčný 100 g";"2025-12-06";111.0
"1084356918";"Lindt Teddy mléčný 100 g";"Lindt";"Heureka.cz|Jídlo a nápoje|Sladkosti|Čokoládové figurky|Lindt Teddy mléčný 100 g";"2025-12-06";125.0
"1084356918";"Lindt Teddy mléčný 100 g";"Lindt";"Heureka.cz|Jídlo a nápoje|Sladkosti|Čokoládové figurky|Lindt Teddy mléčný 100 g";"2025-12-06";130.0
"1084356918";"Lindt Teddy mléčný 100 g";"Lindt";"Heureka.cz|Jídlo a nápoje|Sladkosti|Čokoládové figurky|Lindt Teddy mléčný 100 g";"2025-12-07";111.0
"1084356918";"Lindt Teddy mléčný 100 g";"Lindt";"Heureka.cz|Jídlo a nápoje|Sladkosti|Čokoládové figurky|Lindt Teddy mléčný 100 g";"2025-12-07";125.0
"1084356918";"Lindt Teddy mléčný 100 g";"Lindt";"Heureka.cz|Jídlo a nápoje|Sladkosti|Čokoládové figurky|Lindt Teddy mléčný 100 g";"2025-12-07";130.0
"1084356918";"Lindt Teddy mléčný 100 g";"Lindt";"Heureka.cz|Jídlo a nápoje|Sladkosti|Čokoládové figurky|Lindt Teddy mléčný 100 g";"2025-12-08";111.0
"1084356918";"Lindt Teddy mléčný 100 g";"Lindt";"Heureka.cz|Jídlo a nápoje|Sladkosti|Čokoládové figurky|Lindt Teddy mléčný 100 g";"2025-12-08";130.0
"1084536532";"Lindt Mini andělé mléčná čokoláda 5 x 10 g";"Lindt";"Heureka.cz|Jídlo a nápoje|Sladkosti|Čokoládové figurky|Lindt Mini andělé mléčná čokoláda 5 x 10 g";"2025-10-23";85.0
"1084536532";"Lindt Mini andělé mléčná čokoláda 5 x 10 g";"Lindt";"Heureka.cz|Jídlo a nápoje|Sladkosti|Čokoládové figurky|Lindt Mini andělé mléčná čokoláda 5 x 10 g";"2025-10-23";90.0
"1084536532";"Lindt Mini andělé mléčná čokoláda 5 x 10 g";"Lindt";"Heureka.cz|Jídlo a nápoje|Sladkosti|Čokoládové figurky|Lindt Mini andělé mléčná čokoláda 5 x 10 g";"2025-10-23";90.0
"1084536532";"Lindt Mini andělé mléčná čokoláda 5 x 10 g";"Lindt";"Heureka.cz|Jídlo a nápoje|Sladkosti|Čokoládové figurky|Lindt Mini andělé mléčná čokoláda 5 x 10 g";"2025-10-23";119.0
"1084536532";"Lindt Mini andělé mléčná čokoláda 5 x 10 g";"Lindt";"Heureka.cz|Jídlo a nápoje|Sladkosti|Čokoládové figurky|Lindt Mini andělé mléčná čokoláda 5 x 10 g";"2025-11-05";85.0
"1084536532";"Lindt Mini andělé mléčná čokoláda 5 x 10 g";"Lindt";"Heureka.cz|Jídlo a nápoje|Sladkosti|Čokoládové figurky|Lindt Mini andělé mléčná čokoláda 5 x 10 g";"2025-11-05";95.0
"1084536532";"Lindt Mini andělé mléčná čokoláda 5 x 10 g";"Lindt";"Heureka.cz|Jídlo a nápoje|Sladkosti|Čokoládové figurky|Lindt Mini andělé mléčná čokoláda 5 x 10 g";"2025-11-05";99.0
"1084536532";"Lindt Mini andělé mléčná čokoláda 5 x 10 g";"Lindt";"Heureka.cz|Jídlo a nápoje|Sladkosti|Čokoládové figurky|Lindt Mini andělé mléčná čokoláda 5 x 10 g";"2025-11-05";110.0
"1084536532";"Lindt Mini andělé mléčná čokoláda 5 x 10 g";"Lindt";"Heureka.cz|Jídlo a nápoje|Sladkosti|Čokoládové figurky|Lindt Mini andělé mléčná čokoláda 5 x 10 g";"2025-11-05";130.0
"1084536532";"Lindt Mini andělé mléčná čokoláda 5 x 10 g";"Lindt";"Heureka.cz|Jídlo a nápoje|Sladkosti|Čokoládové figurky|Lindt Mini andělé mléčná čokoláda 5 x 10 g";"2025-11-06";85.0
"1084536532";"Lindt Mini andělé mléčná čokoláda 5 x 10 g";"Lindt";"Heureka.cz|Jídlo a nápoje|Sladkosti|Čokoládové figurky|Lindt Mini andělé mléčná čokoláda 5 x 10 g";"2025-11-06";95.0
"1084536532";"Lindt Mini andělé mléčná čokoláda 5 x 10 g";"Lindt";"Heureka.cz|Jídlo a nápoje|Sladkosti|Čokoládové figurky|Lindt Mini andělé mléčná čokoláda 5 x 10 g";"2025-11-06";99.0
"1084536532";"Lindt Mini andělé mléčná čokoláda 5 x 10 g";"Lindt";"Heureka.cz|Jídlo a nápoje|Sladkosti|Čokoládové figurky|Lindt Mini andělé mléčná čokoláda 5 x 10 g";"2025-11-06";108.0
"1084536532";"Lindt Mini andělé mléčná čokoláda 5 x 10 g";"Lindt";"Heureka.cz|Jídlo a nápoje|Sladkosti|Čokoládové figurky|Lindt Mini andělé mléčná čokoláda 5 x 10 g";"2025-11-06";130.0
"1084536532";"Lindt Mini andělé mléčná čokoláda 5 x 10 g";"Lindt";"Heureka.cz|Jídlo a nápoje|Sladkosti|Čokoládové figurky|Lindt Mini andělé mléčná čokoláda 5 x 10 g";"2025-11-07";85.0
"1084536532";"Lindt Mini andělé mléčná čokoláda 5 x 10 g";"Lindt";"Heureka.cz|Jídlo a nápoje|Sladkosti|Čokoládové figurky|Lindt Mini andělé mléčná čokoláda 5 x 10 g";"2025-11-07";95.0
"1084536532";"Lindt Mini andělé mléčná čokoláda 5 x 10 g";"Lindt";"Heureka.cz|Jídlo a nápoje|Sladkosti|Čokoládové figurky|Lindt Mini andělé mléčná čokoláda 5 x 10 g";"2025-11-07";99.0
"1084536532";"Lindt Mini andělé mléčná čokoláda 5 x 10 g";"Lindt";"Heureka.cz|Jídlo a nápoje|Sladkosti|Čokoládové figurky|Lindt Mini andělé mléčná čokoláda 5 x 10 g";"2025-11-07";110.0
"1084536532";"Lindt Mini andělé mléčná čokoláda 5 x 10 g";"Lindt";"Heureka.cz|Jídlo a nápoje|Sladkosti|Čokoládové figurky|Lindt Mini andělé mléčná čokoláda 5 x 10 g";"2025-11-07";130.0
"1084536532";"Lindt Mini andělé mléčná čokoláda 5 x 10 g";"Lindt";"Heureka.cz|Jídlo a nápoje|Sladkosti|Čokoládové figurky|Lindt Mini andělé mléčná čokoláda 5 x 10 g";"2025-11-09";85.0
"1084536532";"Lindt Mini andělé mléčná čokoláda 5 x 10 g";"Lindt";"Heureka.cz|Jídlo a nápoje|Sladkosti|Čokoládové figurky|Lindt Mini andělé mléčná čokoláda 5 x 10 g";"2025-11-09";95.0
"1084536532";"Lindt Mini andělé mléčná čokoláda 5 x 10 g";"Lindt";"Heureka.cz|Jídlo a nápoje|Sladkosti|Čokoládové figurky|Lindt Mini andělé mléčná čokoláda 5 x 10 g";"2025-11-09";99.0
"1084536532";"Lindt Mini andělé mléčná čokoláda 5 x 10 g";"Lindt";"Heureka.cz|Jídlo a nápoje|Sladkosti|Čokoládové figurky|Lindt Mini andělé mléčná čokoláda 5 x 10 g";"2025-11-09";108.0
"1084536532";"Lindt Mini andělé mléčná čokoláda 5 x 10 g";"Lindt";"Heureka.cz|Jídlo a nápoje|Sladkosti|Čokoládové figurky|Lindt Mini andělé mléčná čokoláda 5 x 10 g";"2025-11-09";130.0
"1084536532";"Lindt Mini andělé mléčná čokoláda 5 x 10 g";"Lindt";"Heureka.cz|Jídlo a nápoje|Sladkosti|Čokoládové figurky|Lindt Mini andělé mléčná čokoláda 5 x 10 g";"2025-11-10";85.0
"1084536532";"Lindt Mini andělé mléčná čokoláda 5 x 10 g";"Lindt";"Heureka.cz|Jídlo a nápoje|Sladkosti|Čokoládové figurky|Lindt Mini andělé mléčná čokoláda 5 x 10 g";"2025-11-10";95.0
"1084536532";"Lindt Mini andělé mléčná čokoláda 5 x 10 g";"Lindt";"Heureka.cz|Jídlo a nápoje|Sladkosti|Čokoládové figurky|Lindt Mini andělé mléčná čokoláda 5 x 10 g";"2025-11-10";99.0
"1084536532";"Lindt Mini andělé mléčná čokoláda 5 x 10 g";"Lindt";"Heureka.cz|Jídlo a nápoje|Sladkosti|Čokoládové figurky|Lindt Mini andělé mléčná čokoláda 5 x 10 g";"2025-11-10";108.0
"1084536532";"Lindt Mini andělé mléčná čokoláda 5 x 10 g";"Lindt";"Heureka.cz|Jídlo a nápoje|Sladkosti|Čokoládové figurky|Lindt Mini andělé mléčná čokoláda 5 x 10 g";"2025-11-10";130.0
"1084536532";"Lindt Mini andělé mléčná čokoláda 5 x 10 g";"Lindt";"Heureka.cz|Jídlo a nápoje|Sladkosti|Čokoládové figurky|Lindt Mini andělé mléčná čokoláda 5 x 10 g";"2025-11-11";95.0
"1084536532";"Lindt Mini andělé mléčná čokoláda 5 x 10 g";"Lindt";"Heureka.cz|Jídlo a nápoje|Sladkosti|Čokoládové figurky|Lindt Mini andělé mléčná čokoláda 5 x 10 g";"2025-11-11";99.0
"1084536532";"Lindt Mini andělé mléčná čokoláda 5 x 10 g";"Lindt";"Heureka.cz|Jídlo a nápoje|Sladkosti|Čokoládové figurky|Lindt Mini andělé mléčná čokoláda 5 x 10 g";"2025-11-11";108.0
"1084536532";"Lindt Mini andělé mléčná čokoláda 5 x 10 g";"Lindt";"Heureka.cz|Jídlo a nápoje|Sladkosti|Čokoládové figurky|Lindt Mini andělé mléčná čokoláda 5 x 10 g";"2025-11-11";130.0
"1084536532";"Lindt Mini andělé mléčná čokoláda 5 x 10 g";"Lindt";"Heureka.cz|Jídlo a nápoje|Sladkosti|Čokoládové figurky|Lindt Mini andělé mléčná čokoláda 5 x 10 g";"2025-11-12";99.0
"1084536532";"Lindt Mini andělé mléčná čokoláda 5 x 10 g";"Lindt";"Heureka.cz|Jídlo a nápoje|Sladkosti|Čokoládové figurky|Lindt Mini andělé mléčná čokoláda 5 x 10 g";"2025-11-12";105.0
"1084536532";"Lindt Mini andělé mléčná čokoláda 5 x 10 g";"Lindt";"Heureka.cz|Jídlo a nápoje|Sladkosti|Čokoládové figurky|Lindt Mini andělé mléčná čokoláda 5 x 10 g";"2025-11-12";108.0
"1084536532";"Lindt Mini andělé mléčná čokoláda 5 x 10 g";"Lindt";"Heureka.cz|Jídlo a nápoje|Sladkosti|Čokoládové figurky|Lindt Mini andělé mléčná čokoláda 5 x 10 g";"2025-11-12";130.0
"1084536532";"Lindt Mini andělé mléčná čokoláda 5 x 10 g";"Lindt";"Heureka.cz|Jídlo a nápoje|Sladkosti|Čokoládové figurky|Lindt Mini andělé mléčná čokoláda 5 x 10 g";"2025-11-13";99.0
"1084536532";"Lindt Mini andělé mléčná čokoláda 5 x 10 g";"Lindt";"Heureka.cz|Jídlo a nápoje|Sladkosti|Čokoládové figurky|Lindt Mini andělé mléčná čokoláda 5 x 10 g";"2025-11-13";105.0
"1084536532";"Lindt Mini andělé mléčná čokoláda 5 x 10 g";"Lindt";"Heureka.cz|Jídlo a nápoje|Sladkosti|Čokoládové figurky|Lindt Mini andělé mléčná čokoláda 5 x 10 g";"2025-11-13";108.0
"1084536532";"Lindt Mini andělé mléčná čokoláda 5 x 10 g";"Lindt";"Heureka.cz|Jídlo a nápoje|Sladkosti|Čokoládové figurky|Lindt Mini andělé mléčná čokoláda 5 x 10 g";"2025-11-13";130.0
"1084536532";"Lindt Mini andělé mléčná čokoláda 5 x 10 g";"Lindt";"Heureka.cz|Jídlo a nápoje|Sladkosti|Čokoládové figurky|Lindt Mini andělé mléčná čokoláda 5 x 10 g";"2025-11-14";99.0
"1084536532";"Lindt Mini andělé mléčná čokoláda 5 x 10 g";"Lindt";"Heureka.cz|Jídlo a nápoje|Sladkosti|Čokoládové figurky|Lindt Mini andělé mléčná čokoláda 5 x 10 g";"2025-11-14";105.0
"1084536532";"Lindt Mini andělé mléčná čokoláda 5 x 10 g";"Lindt";"Heureka.cz|Jídlo a nápoje|Sladkosti|Čokoládové figurky|Lindt Mini andělé mléčná čokoláda 5 x 10 g";"2025-11-14";108.0
"1084536532";"Lindt Mini andělé mléčná čokoláda 5 x 10 g";"Lindt";"Heureka.cz|Jídlo a nápoje|Sladkosti|Čokoládové figurky|Lindt Mini andělé mléčná čokoláda 5 x 10 g";"2025-11-14";130.0
"1084536532";"Lindt Mini andělé mléčná čokoláda 5 x 10 g";"Lindt";"Heureka.cz|Jídlo a nápoje|Sladkosti|Čokoládové figurky|Lindt Mini andělé mléčná čokoláda 5 x 10 g";"2025-11-15";105.0
"1084536532";"Lindt Mini andělé mléčná čokoláda 5 x 10 g";"Lindt";"Heureka.cz|Jídlo a nápoje|Sladkosti|Čokoládové figurky|Lindt Mini andělé mléčná čokoláda 5 x 10 g";"2025-11-15";108.0
"1084536532";"Lindt Mini andělé mléčná čokoláda 5 x 10 g";"Lindt";"Heureka.cz|Jídlo a nápoje|Sladkosti|Čokoládové figurky|Lindt Mini andělé mléčná čokoláda 5 x 10 g";"2025-11-15";109.0
"1084536532";"Lindt Mini andělé mléčná čokoláda 5 x 10 g";"Lindt";"Heureka.cz|Jídlo a nápoje|Sladkosti|Čokoládové figurky|Lindt Mini andělé mléčná čokoláda 5 x 10 g";"2025-11-15";110.0
"1084536532";"Lindt Mini andělé mléčná čokoláda 5 x 10 g";"Lindt";"Heureka.cz|Jídlo a nápoje|Sladkosti|Čokoládové figurky|Lindt Mini andělé mléčná čokoláda 5 x 10 g";"2025-11-16";105.0
"1084536532";"Lindt Mini andělé mléčná čokoláda 5 x 10 g";"Lindt";"Heureka.cz|Jídlo a nápoje|Sladkosti|Čokoládové figurky|Lindt Mini andělé mléčná čokoláda 5 x 10 g";"2025-11-16";108.0
"1084536532";"Lindt Mini andělé mléčná čokoláda 5 x 10 g";"Lindt";"Heureka.cz|Jídlo a nápoje|Sladkosti|Čokoládové figurky|Lindt Mini andělé mléčná čokoláda 5 x 10 g";"2025-11-16";109.0
"1084536532";"Lindt Mini andělé mléčná čokoláda 5 x 10 g";"Lindt";"Heureka.cz|Jídlo a nápoje|Sladkosti|Čokoládové figurky|Lindt Mini andělé mléčná čokoláda 5 x 10 g";"2025-11-16";110.0
"1084536532";"Lindt Mini andělé mléčná čokoláda 5 x 10 g";"Lindt";"Heureka.cz|Jídlo a nápoje|Sladkosti|Čokoládové figurky|Lindt Mini andělé mléčná čokoláda 5 x 10 g";"2025-11-17";105.0
"1084536532";"Lindt Mini andělé mléčná čokoláda 5 x 10 g";"Lindt";"Heureka.cz|Jídlo a nápoje|Sladkosti|Čokoládové figurky|Lindt Mini andělé mléčná čokoláda 5 x 10 g";"2025-11-17";108.0
"1084536532";"Lindt Mini andělé mléčná čokoláda 5 x 10 g";"Lindt";"Heureka.cz|Jídlo a nápoje|Sladkosti|Čokoládové figurky|Lindt Mini andělé mléčná čokoláda 5 x 10 g";"2025-11-17";109.0
"1084536532";"Lindt Mini andělé mléčná čokoláda 5 x 10 g";"Lindt";"Heureka.cz|Jídlo a nápoje|Sladkosti|Čokoládové figurky|Lindt Mini andělé mléčná čokoláda 5 x 10 g";"2025-11-17";110.0
"1084536532";"Lindt Mini andělé mléčná čokoláda 5 x 10 g";"Lindt";"Heureka.cz|Jídlo a nápoje|Sladkosti|Čokoládové figurky|Lindt Mini andělé mléčná čokoláda 5 x 10 g";"2025-11-18";105.0
"1084536532";"Lindt Mini andělé mléčná čokoláda 5 x 10 g";"Lindt";"Heureka.cz|Jídlo a nápoje|Sladkosti|Čokoládové figurky|Lindt Mini andělé mléčná čokoláda 5 x 10 g";"2025-11-18";108.0
"1084536532";"Lindt Mini andělé mléčná čokoláda 5 x 10 g";"Lindt";"Heureka.cz|Jídlo a nápoje|Sladkosti|Čokoládové figurky|Lindt Mini andělé mléčná čokoláda 5 x 10 g";"2025-11-18";109.0
"1084536532";"Lindt Mini andělé mléčná čokoláda 5 x 10 g";"Lindt";"Heureka.cz|Jídlo a nápoje|Sladkosti|Čokoládové figurky|Lindt Mini andělé mléčná čokoláda 5 x 10 g";"2025-11-18";110.0
"1084536532";"Lindt Mini andělé mléčná čokoláda 5 x 10 g";"Lindt";"Heureka.cz|Jídlo a nápoje|Sladkosti|Čokoládové figurky|Lindt Mini andělé mléčná čokoláda 5 x 10 g";"2025-11-19";105.0
"1084536532";"Lindt Mini andělé mléčná čokoláda 5 x 10 g";"Lindt";"Heureka.cz|Jídlo a nápoje|Sladkosti|Čokoládové figurky|Lindt Mini andělé mléčná čokoláda 5 x 10 g";"2025-11-19";108.0
"1084536532";"Lindt Mini andělé mléčná čokoláda 5 x 10 g";"Lindt";"Heureka.cz|Jídlo a nápoje|Sladkosti|Čokoládové figurky|Lindt Mini andělé mléčná čokoláda 5 x 10 g";"2025-11-19";109.0
"1084536532";"Lindt Mini andělé mléčná čokoláda 5 x 10 g";"Lindt";"Heureka.cz|Jídlo a nápoje|Sladkosti|Čokoládové figurky|Lindt Mini andělé mléčná čokoláda 5 x 10 g";"2025-11-19";110.0
"1084536532";"Lindt Mini andělé mléčná čokoláda 5 x 10 g";"Lindt";"Heureka.cz|Jídlo a nápoje|Sladkosti|Čokoládové figurky|Lindt Mini andělé mléčná čokoláda 5 x 10 g";"2025-11-20";85.0
"1084536532";"Lindt Mini andělé mléčná čokoláda 5 x 10 g";"Lindt";"Heureka.cz|Jídlo a nápoje|Sladkosti|Čokoládové figurky|Lindt Mini andělé mléčná čokoláda 5 x 10 g";"2025-11-20";87.0
"1084536532";"Lindt Mini andělé mléčná čokoláda 5 x 10 g";"Lindt";"Heureka.cz|Jídlo a nápoje|Sladkosti|Čokoládové figurky|Lindt Mini andělé mléčná čokoláda 5 x 10 g";"2025-11-20";105.0
"1084536532";"Lindt Mini andělé mléčná čokoláda 5 x 10 g";"Lindt";"Heureka.cz|Jídlo a nápoje|Sladkosti|Čokoládové figurky|Lindt Mini andělé mléčná čokoláda 5 x 10 g";"2025-11-20";108.0
"1084536532";"Lindt Mini andělé mléčná čokoláda 5 x 10 g";"Lindt";"Heureka.cz|Jídlo a nápoje|Sladkosti|Čokoládové figurky|Lindt Mini andělé mléčná čokoláda 5 x 10 g";"2025-11-20";110.0
"1084536532";"Lindt Mini andělé mléčná čokoláda 5 x 10 g";"Lindt";"Heureka.cz|Jídlo a nápoje|Sladkosti|Čokoládové figurky|Lindt Mini andělé mléčná čokoláda 5 x 10 g";"2025-11-21";85.0
"1084536532";"Lindt Mini andělé mléčná čokoláda 5 x 10 g";"Lindt";"Heureka.cz|Jídlo a nápoje|Sladkosti|Čokoládové figurky|Lindt Mini andělé mléčná čokoláda 5 x 10 g";"2025-11-21";87.0
"1084536532";"Lindt Mini andělé mléčná čokoláda 5 x 10 g";"Lindt";"Heureka.cz|Jídlo a nápoje|Sladkosti|Čokoládové figurky|Lindt Mini andělé mléčná čokoláda 5 x 10 g";"2025-11-21";105.0
"1084536532";"Lindt Mini andělé mléčná čokoláda 5 x 10 g";"Lindt";"Heureka.cz|Jídlo a nápoje|Sladkosti|Čokoládové figurky|Lindt Mini andělé mléčná čokoláda 5 x 10 g";"2025-11-21";108.0
"1084536532";"Lindt Mini andělé mléčná čokoláda 5 x 10 g";"Lindt";"Heureka.cz|Jídlo a nápoje|Sladkosti|Čokoládové figurky|Lindt Mini andělé mléčná čokoláda 5 x 10 g";"2025-11-21";110.0
"1084536532";"Lindt Mini andělé mléčná čokoláda 5 x 10 g";"Lindt";"Heureka.cz|Jídlo a nápoje|Sladkosti|Čokoládové figurky|Lindt Mini andělé mléčná čokoláda 5 x 10 g";"2025-11-22";87.0
"1084536532";"Lindt Mini andělé mléčná čokoláda 5 x 10 g";"Lindt";"Heureka.cz|Jídlo a nápoje|Sladkosti|Čokoládové figurky|Lindt Mini andělé mléčná čokoláda 5 x 10 g";"2025-11-22";105.0
"1084536532";"Lindt Mini andělé mléčná čokoláda 5 x 10 g";"Lindt";"Heureka.cz|Jídlo a nápoje|Sladkosti|Čokoládové figurky|Lindt Mini andělé mléčná čokoláda 5 x 10 g";"2025-11-22";110.0
"1084536532";"Lindt Mini andělé mléčná čokoláda 5 x 10 g";"Lindt";"Heureka.cz|Jídlo a nápoje|Sladkosti|Čokoládové figurky|Lindt Mini andělé mléčná čokoláda 5 x 10 g";"2025-11-22";139.0
"1084536532";"Lindt Mini andělé mléčná čokoláda 5 x 10 g";"Lindt";"Heureka.cz|Jídlo a nápoje|Sladkosti|Čokoládové figurky|Lindt Mini andělé mléčná čokoláda 5 x 10 g";"2025-11-23";87.0
"1084536532";"Lindt Mini andělé mléčná čokoláda 5 x 10 g";"Lindt";"Heureka.cz|Jídlo a nápoje|Sladkosti|Čokoládové figurky|Lindt Mini andělé mléčná čokoláda 5 x 10 g";"2025-11-23";105.0
"1084536532";"Lindt Mini andělé mléčná čokoláda 5 x 10 g";"Lindt";"Heureka.cz|Jídlo a nápoje|Sladkosti|Čokoládové figurky|Lindt Mini andělé mléčná čokoláda 5 x 10 g";"2025-11-23";110.0
"1084536532";"Lindt Mini andělé mléčná čokoláda 5 x 10 g";"Lindt";"Heureka.cz|Jídlo a nápoje|Sladkosti|Čokoládové figurky|Lindt Mini andělé mléčná čokoláda 5 x 10 g";"2025-11-23";139.0
"1084536532";"Lindt Mini andělé mléčná čokoláda 5 x 10 g";"Lindt";"Heureka.cz|Jídlo a nápoje|Sladkosti|Čokoládové figurky|Lindt Mini andělé mléčná čokoláda 5 x 10 g";"2025-11-24";87.0
"1084536532";"Lindt Mini andělé mléčná čokoláda 5 x 10 g";"Lindt";"Heureka.cz|Jídlo a nápoje|Sladkosti|Čokoládové figurky|Lindt Mini andělé mléčná čokoláda 5 x 10 g";"2025-11-24";105.0
"1084536532";"Lindt Mini andělé mléčná čokoláda 5 x 10 g";"Lindt";"Heureka.cz|Jídlo a nápoje|Sladkosti|Čokoládové figurky|Lindt Mini andělé mléčná čokoláda 5 x 10 g";"2025-11-24";110.0
"1084536532";"Lindt Mini andělé mléčná čokoláda 5 x 10 g";"Lindt";"Heureka.cz|Jídlo a nápoje|Sladkosti|Čokoládové figurky|Lindt Mini andělé mléčná čokoláda 5 x 10 g";"2025-11-24";139.0
"1084536532";"Lindt Mini andělé mléčná čokoláda 5 x 10 g";"Lindt";"Heureka.cz|Jídlo a nápoje|Sladkosti|Čokoládové figurky|Lindt Mini andělé mléčná čokoláda 5 x 10 g";"2025-11-25";87.0
"1084536532";"Lindt Mini andělé mléčná čokoláda 5 x 10 g";"Lindt";"Heureka.cz|Jídlo a nápoje|Sladkosti|Čokoládové figurky|Lindt Mini andělé mléčná čokoláda 5 x 10 g";"2025-11-25";110.0
"1084536532";"Lindt Mini andělé mléčná čokoláda 5 x 10 g";"Lindt";"Heureka.cz|Jídlo a nápoje|Sladkosti|Čokoládové figurky|Lindt Mini andělé mléčná čokoláda 5 x 10 g";"2025-11-25";139.0
"1084536532";"Lindt Mini andělé mléčná čokoláda 5 x 10 g";"Lindt";"Heureka.cz|Jídlo a nápoje|Sladkosti|Čokoládové figurky|Lindt Mini andělé mléčná čokoláda 5 x 10 g";"2025-11-26";87.0
"1084536532";"Lindt Mini andělé mléčná čokoláda 5 x 10 g";"Lindt";"Heureka.cz|Jídlo a nápoje|Sladkosti|Čokoládové figurky|Lindt Mini andělé mléčná čokoláda 5 x 10 g";"2025-11-26";109.0
"1084536532";"Lindt Mini andělé mléčná čokoláda 5 x 10 g";"Lindt";"Heureka.cz|Jídlo a nápoje|Sladkosti|Čokoládové figurky|Lindt Mini andělé mléčná čokoláda 5 x 10 g";"2025-11-26";110.0
"1084536532";"Lindt Mini andělé mléčná čokoláda 5 x 10 g";"Lindt";"Heureka.cz|Jídlo a nápoje|Sladkosti|Čokoládové figurky|Lindt Mini andělé mléčná čokoláda 5 x 10 g";"2025-11-26";110.0
"1084536532";"Lindt Mini andělé mléčná čokoláda 5 x 10 g";"Lindt";"Heureka.cz|Jídlo a nápoje|Sladkosti|Čokoládové figurky|Lindt Mini andělé mléčná čokoláda 5 x 10 g";"2025-11-27";87.0
"1084536532";"Lindt Mini andělé mléčná čokoláda 5 x 10 g";"Lindt";"Heureka.cz|Jídlo a nápoje|Sladkosti|Čokoládové figurky|Lindt Mini andělé mléčná čokoláda 5 x 10 g";"2025-11-27";108.0
"1084536532";"Lindt Mini andělé mléčná čokoláda 5 x 10 g";"Lindt";"Heureka.cz|Jídlo a nápoje|Sladkosti|Čokoládové figurky|Lindt Mini andělé mléčná čokoláda 5 x 10 g";"2025-11-27";109.0
"1084536532";"Lindt Mini andělé mléčná čokoláda 5 x 10 g";"Lindt";"Heureka.cz|Jídlo a nápoje|Sladkosti|Čokoládové figurky|Lindt Mini andělé mléčná čokoláda 5 x 10 g";"2025-11-27";110.0
"1084536532";"Lindt Mini andělé mléčná čokoláda 5 x 10 g";"Lindt";"Heureka.cz|Jídlo a nápoje|Sladkosti|Čokoládové figurky|Lindt Mini andělé mléčná čokoláda 5 x 10 g";"2025-11-28";0.0
"1084536532";"Lindt Mini andělé mléčná čokoláda 5 x 10 g";"Lindt";"Heureka.cz|Jídlo a nápoje|Sladkosti|Čokoládové figurky|Lindt Mini andělé mléčná čokoláda 5 x 10 g";"2025-11-28";87.0
"1084536532";"Lindt Mini andělé mléčná čokoláda 5 x 10 g";"Lindt";"Heureka.cz|Jídlo a nápoje|Sladkosti|Čokoládové figurky|Lindt Mini andělé mléčná čokoláda 5 x 10 g";"2025-11-28";109.0
"1084536532";"Lindt Mini andělé mléčná čokoláda 5 x 10 g";"Lindt";"Heureka.cz|Jídlo a nápoje|Sladkosti|Čokoládové figurky|Lindt Mini andělé mléčná čokoláda 5 x 10 g";"2025-11-28";110.0
"1084536532";"Lindt Mini andělé mléčná čokoláda 5 x 10 g";"Lindt";"Heureka.cz|Jídlo a nápoje|Sladkosti|Čokoládové figurky|Lindt Mini andělé mléčná čokoláda 5 x 10 g";"2025-11-29";87.0
"1084536532";"Lindt Mini andělé mléčná čokoláda 5 x 10 g";"Lindt";"Heureka.cz|Jídlo a nápoje|Sladkosti|Čokoládové figurky|Lindt Mini andělé mléčná čokoláda 5 x 10 g";"2025-11-29";110.0
"1084536532";"Lindt Mini andělé mléčná čokoláda 5 x 10 g";"Lindt";"Heureka.cz|Jídlo a nápoje|Sladkosti|Čokoládové figurky|Lindt Mini andělé mléčná čokoláda 5 x 10 g";"2025-11-30";87.0
"1084536532";"Lindt Mini andělé mléčná čokoláda 5 x 10 g";"Lindt";"Heureka.cz|Jídlo a nápoje|Sladkosti|Čokoládové figurky|Lindt Mini andělé mléčná čokoláda 5 x 10 g";"2025-11-30";110.0
"1084536532";"Lindt Mini andělé mléčná čokoláda 5 x 10 g";"Lindt";"Heureka.cz|Jídlo a nápoje|Sladkosti|Čokoládové figurky|Lindt Mini andělé mléčná čokoláda 5 x 10 g";"2025-12-01";87.0
"1084536532";"Lindt Mini andělé mléčná čokoláda 5 x 10 g";"Lindt";"Heureka.cz|Jídlo a nápoje|Sladkosti|Čokoládové figurky|Lindt Mini andělé mléčná čokoláda 5 x 10 g";"2025-12-01";110.0
"1084536532";"Lindt Mini andělé mléčná čokoláda 5 x 10 g";"Lindt";"Heureka.cz|Jídlo a nápoje|Sladkosti|Čokoládové figurky|Lindt Mini andělé mléčná čokoláda 5 x 10 g";"2025-12-02";100.0
"1084536532";"Lindt Mini andělé mléčná čokoláda 5 x 10 g";"Lindt";"Heureka.cz|Jídlo a nápoje|Sladkosti|Čokoládové figurky|Lindt Mini andělé mléčná čokoláda 5 x 10 g";"2025-12-02";109.0
"1084536532";"Lindt Mini andělé mléčná čokoláda 5 x 10 g";"Lindt";"Heureka.cz|Jídlo a nápoje|Sladkosti|Čokoládové figurky|Lindt Mini andělé mléčná čokoláda 5 x 10 g";"2025-12-03";100.0
"1084536532";"Lindt Mini andělé mléčná čokoláda 5 x 10 g";"Lindt";"Heureka.cz|Jídlo a nápoje|Sladkosti|Čokoládové figurky|Lindt Mini andělé mléčná čokoláda 5 x 10 g";"2025-12-03";109.0
"1084536532";"Lindt Mini andělé mléčná čokoláda 5 x 10 g";"Lindt";"Heureka.cz|Jídlo a nápoje|Sladkosti|Čokoládové figurky|Lindt Mini andělé mléčná čokoláda 5 x 10 g";"2025-12-04";100.0
"1084536532";"Lindt Mini andělé mléčná čokoláda 5 x 10 g";"Lindt";"Heureka.cz|Jídlo a nápoje|Sladkosti|Čokoládové figurky|Lindt Mini andělé mléčná čokoláda 5 x 10 g";"2025-12-04";109.0
"1084536532";"Lindt Mini andělé mléčná čokoláda 5 x 10 g";"Lindt";"Heureka.cz|Jídlo a nápoje|Sladkosti|Čokoládové figurky|Lindt Mini andělé mléčná čokoláda 5 x 10 g";"2025-12-04";129.0
"1084536532";"Lindt Mini andělé mléčná čokoláda 5 x 10 g";"Lindt";"Heureka.cz|Jídlo a nápoje|Sladkosti|Čokoládové figurky|Lindt Mini andělé mléčná čokoláda 5 x 10 g";"2025-12-05";95.0
"1084536532";"Lindt Mini andělé mléčná čokoláda 5 x 10 g";"Lindt";"Heureka.cz|Jídlo a nápoje|Sladkosti|Čokoládové figurky|Lindt Mini andělé mléčná čokoláda 5 x 10 g";"2025-12-05";109.0
"1084536532";"Lindt Mini andělé mléčná čokoláda 5 x 10 g";"Lindt";"Heureka.cz|Jídlo a nápoje|Sladkosti|Čokoládové figurky|Lindt Mini andělé mléčná čokoláda 5 x 10 g";"2025-12-05";129.0
"1084536532";"Lindt Mini andělé mléčná čokoláda 5 x 10 g";"Lindt";"Heureka.cz|Jídlo a nápoje|Sladkosti|Čokoládové figurky|Lindt Mini andělé mléčná čokoláda 5 x 10 g";"2025-12-05";129.0
"1084536532";"Lindt Mini andělé mléčná čokoláda 5 x 10 g";"Lindt";"Heureka.cz|Jídlo a nápoje|Sladkosti|Čokoládové figurky|Lindt Mini andělé mléčná čokoláda 5 x 10 g";"2025-12-06";109.0
"1084536532";"Lindt Mini andělé mléčná čokoláda 5 x 10 g";"Lindt";"Heureka.cz|Jídlo a nápoje|Sladkosti|Čokoládové figurky|Lindt Mini andělé mléčná čokoláda 5 x 10 g";"2025-12-06";129.0
"1084536532";"Lindt Mini andělé mléčná čokoláda 5 x 10 g";"Lindt";"Heureka.cz|Jídlo a nápoje|Sladkosti|Čokoládové figurky|Lindt Mini andělé mléčná čokoláda 5 x 10 g";"2025-12-06";129.0
"1084536532";"Lindt Mini andělé mléčná čokoláda 5 x 10 g";"Lindt";"Heureka.cz|Jídlo a nápoje|Sladkosti|Čokoládové figurky|Lindt Mini andělé mléčná čokoláda 5 x 10 g";"2025-12-06";130.0
"1084536532";"Lindt Mini andělé mléčná čokoláda 5 x 10 g";"Lindt";"Heureka.cz|Jídlo a nápoje|Sladkosti|Čokoládové figurky|Lindt Mini andělé mléčná čokoláda 5 x 10 g";"2025-12-07";109.0
"1084536532";"Lindt Mini andělé mléčná čokoláda 5 x 10 g";"Lindt";"Heureka.cz|Jídlo a nápoje|Sladkosti|Čokoládové figurky|Lindt Mini andělé mléčná čokoláda 5 x 10 g";"2025-12-07";129.0
"1084536532";"Lindt Mini andělé mléčná čokoláda 5 x 10 g";"Lindt";"Heureka.cz|Jídlo a nápoje|Sladkosti|Čokoládové figurky|Lindt Mini andělé mléčná čokoláda 5 x 10 g";"2025-12-07";150.0
"1084536532";"Lindt Mini andělé mléčná čokoláda 5 x 10 g";"Lindt";"Heureka.cz|Jídlo a nápoje|Sladkosti|Čokoládové figurky|Lindt Mini andělé mléčná čokoláda 5 x 10 g";"2025-12-08";109.0
"1084536532";"Lindt Mini andělé mléčná čokoláda 5 x 10 g";"Lindt";"Heureka.cz|Jídlo a nápoje|Sladkosti|Čokoládové figurky|Lindt Mini andělé mléčná čokoláda 5 x 10 g";"2025-12-08";129.0
"1084536532";"Lindt Mini andělé mléčná čokoláda 5 x 10 g";"Lindt";"Heureka.cz|Jídlo a nápoje|Sladkosti|Čokoládové figurky|Lindt Mini andělé mléčná čokoláda 5 x 10 g";"2025-12-08";150.0
"1153464850";"Heilemann mléčná čokoláda dárková sada Nářadí 100 g";"Heilemann";"Heureka.cz|Jídlo a nápoje|Sladkosti|Čokoládové figurky|Heilemann mléčná čokoláda dárková sada Nářadí 100 g";"2025-10-23";199.0
"1153464850";"Heilemann mléčná čokoláda dárková sada Nářadí 100 g";"Heilemann";"Heureka.cz|Jídlo a nápoje|Sladkosti|Čokoládové figurky|Heilemann mléčná čokoláda dárková sada Nářadí 100 g";"2025-10-23";215.0
"1153464850";"Heilemann mléčná čokoláda dárková sada Nářadí 100 g";"Heilemann";"Heureka.cz|Jídlo a nápoje|Sladkosti|Čokoládové figurky|Heilemann mléčná čokoláda dárková sada Nářadí 100 g";"2025-11-05";256.0
"1153464850";"Heilemann mléčná čokoláda dárková sada Nářadí 100 g";"Heilemann";"Heureka.cz|Jídlo a nápoje|Sladkosti|Čokoládové figurky|Heilemann mléčná čokoláda dárková sada Nářadí 100 g";"2025-11-05";0.0
"1153464850";"Heilemann mléčná čokoláda dárková sada Nářadí 100 g";"Heilemann";"Heureka.cz|Jídlo a nápoje|Sladkosti|Čokoládové figurky|Heilemann mléčná čokoláda dárková sada Nářadí 100 g";"2025-11-05";215.0
"1153464850";"Heilemann mléčná čokoláda dárková sada Nářadí 100 g";"Heilemann";"Heureka.cz|Jídlo a nápoje|Sladkosti|Čokoládové figurky|Heilemann mléčná čokoláda dárková sada Nářadí 100 g";"2025-11-06";0.0
"1153464850";"Heilemann mléčná čokoláda dárková sada Nářadí 100 g";"Heilemann";"Heureka.cz|Jídlo a nápoje|Sladkosti|Čokoládové figurky|Heilemann mléčná čokoláda dárková sada Nářadí 100 g";"2025-11-06";215.0
"1153464850";"Heilemann mléčná čokoláda dárková sada Nářadí 100 g";"Heilemann";"Heureka.cz|Jídlo a nápoje|Sladkosti|Čokoládové figurky|Heilemann mléčná čokoláda dárková sada Nářadí 100 g";"2025-11-07";189.0
"1153464850";"Heilemann mléčná čokoláda dárková sada Nářadí 100 g";"Heilemann";"Heureka.cz|Jídlo a nápoje|Sladkosti|Čokoládové figurky|Heilemann mléčná čokoláda dárková sada Nářadí 100 g";"2025-11-07";215.0
"1153464850";"Heilemann mléčná čokoláda dárková sada Nářadí 100 g";"Heilemann";"Heureka.cz|Jídlo a nápoje|Sladkosti|Čokoládové figurky|Heilemann mléčná čokoláda dárková sada Nářadí 100 g";"2025-11-08";215.0
"1153464850";"Heilemann mléčná čokoláda dárková sada Nářadí 100 g";"Heilemann";"Heureka.cz|Jídlo a nápoje|Sladkosti|Čokoládové figurky|Heilemann mléčná čokoláda dárková sada Nářadí 100 g";"2025-11-09";215.0
"1153464850";"Heilemann mléčná čokoláda dárková sada Nářadí 100 g";"Heilemann";"Heureka.cz|Jídlo a nápoje|Sladkosti|Čokoládové figurky|Heilemann mléčná čokoláda dárková sada Nářadí 100 g";"2025-11-10";215.0
"1153464850";"Heilemann mléčná čokoláda dárková sada Nářadí 100 g";"Heilemann";"Heureka.cz|Jídlo a nápoje|Sladkosti|Čokoládové figurky|Heilemann mléčná čokoláda dárková sada Nářadí 100 g";"2025-11-11";189.0
"1153464850";"Heilemann mléčná čokoláda dárková sada Nářadí 100 g";"Heilemann";"Heureka.cz|Jídlo a nápoje|Sladkosti|Čokoládové figurky|Heilemann mléčná čokoláda dárková sada Nářadí 100 g";"2025-11-11";215.0
"1153464850";"Heilemann mléčná čokoláda dárková sada Nářadí 100 g";"Heilemann";"Heureka.cz|Jídlo a nápoje|Sladkosti|Čokoládové figurky|Heilemann mléčná čokoláda dárková sada Nářadí 100 g";"2025-11-12";189.0
"1153464850";"Heilemann mléčná čokoláda dárková sada Nářadí 100 g";"Heilemann";"Heureka.cz|Jídlo a nápoje|Sladkosti|Čokoládové figurky|Heilemann mléčná čokoláda dárková sada Nářadí 100 g";"2025-11-12";215.0
"1153464850";"Heilemann mléčná čokoláda dárková sada Nářadí 100 g";"Heilemann";"Heureka.cz|Jídlo a nápoje|Sladkosti|Čokoládové figurky|Heilemann mléčná čokoláda dárková sada Nářadí 100 g";"2025-11-13";189.0
"1153464850";"Heilemann mléčná čokoláda dárková sada Nářadí 100 g";"Heilemann";"Heureka.cz|Jídlo a nápoje|Sladkosti|Čokoládové figurky|Heilemann mléčná čokoláda dárková sada Nářadí 100 g";"2025-11-13";215.0
"1153464850";"Heilemann mléčná čokoláda dárková sada Nářadí 100 g";"Heilemann";"Heureka.cz|Jídlo a nápoje|Sladkosti|Čokoládové figurky|Heilemann mléčná čokoláda dárková sada Nářadí 100 g";"2025-11-14";189.0
"1153464850";"Heilemann mléčná čokoláda dárková sada Nářadí 100 g";"Heilemann";"Heureka.cz|Jídlo a nápoje|Sladkosti|Čokoládové figurky|Heilemann mléčná čokoláda dárková sada Nářadí 100 g";"2025-11-14";215.0
"1153464850";"Heilemann mléčná čokoláda dárková sada Nářadí 100 g";"Heilemann";"Heureka.cz|Jídlo a nápoje|Sladkosti|Čokoládové figurky|Heilemann mléčná čokoláda dárková sada Nářadí 100 g";"2025-11-15";189.0
"1153464850";"Heilemann mléčná čokoláda dárková sada Nářadí 100 g";"Heilemann";"Heureka.cz|Jídlo a nápoje|Sladkosti|Čokoládové figurky|Heilemann mléčná čokoláda dárková sada Nářadí 100 g";"2025-11-15";215.0
"1153464850";"Heilemann mléčná čokoláda dárková sada Nářadí 100 g";"Heilemann";"Heureka.cz|Jídlo a nápoje|Sladkosti|Čokoládové figurky|Heilemann mléčná čokoláda dárková sada Nářadí 100 g";"2025-11-16";189.0
"1153464850";"Heilemann mléčná čokoláda dárková sada Nářadí 100 g";"Heilemann";"Heureka.cz|Jídlo a nápoje|Sladkosti|Čokoládové figurky|Heilemann mléčná čokoláda dárková sada Nářadí 100 g";"2025-11-16";215.0
"1153464850";"Heilemann mléčná čokoláda dárková sada Nářadí 100 g";"Heilemann";"Heureka.cz|Jídlo a nápoje|Sladkosti|Čokoládové figurky|Heilemann mléčná čokoláda dárková sada Nářadí 100 g";"2025-11-17";189.0
"1153464850";"Heilemann mléčná čokoláda dárková sada Nářadí 100 g";"Heilemann";"Heureka.cz|Jídlo a nápoje|Sladkosti|Čokoládové figurky|Heilemann mléčná čokoláda dárková sada Nářadí 100 g";"2025-11-17";215.0
"1153464850";"Heilemann mléčná čokoláda dárková sada Nářadí 100 g";"Heilemann";"Heureka.cz|Jídlo a nápoje|Sladkosti|Čokoládové figurky|Heilemann mléčná čokoláda dárková sada Nářadí 100 g";"2025-11-18";189.0
"1153464850";"Heilemann mléčná čokoláda dárková sada Nářadí 100 g";"Heilemann";"Heureka.cz|Jídlo a nápoje|Sladkosti|Čokoládové figurky|Heilemann mléčná čokoláda dárková sada Nářadí 100 g";"2025-11-18";215.0
"1153464850";"Heilemann mléčná čokoláda dárková sada Nářadí 100 g";"Heilemann";"Heureka.cz|Jídlo a nápoje|Sladkosti|Čokoládové figurky|Heilemann mléčná čokoláda dárková sada Nářadí 100 g";"2025-11-19";189.0
"1153464850";"Heilemann mléčná čokoláda dárková sada Nářadí 100 g";"Heilemann";"Heureka.cz|Jídlo a nápoje|Sladkosti|Čokoládové figurky|Heilemann mléčná čokoláda dárková sada Nářadí 100 g";"2025-11-19";215.0
"1153464850";"Heilemann mléčná čokoláda dárková sada Nářadí 100 g";"Heilemann";"Heureka.cz|Jídlo a nápoje|Sladkosti|Čokoládové figurky|Heilemann mléčná čokoláda dárková sada Nářadí 100 g";"2025-11-20";189.0
"1153464850";"Heilemann mléčná čokoláda dárková sada Nářadí 100 g";"Heilemann";"Heureka.cz|Jídlo a nápoje|Sladkosti|Čokoládové figurky|Heilemann mléčná čokoláda dárková sada Nářadí 100 g";"2025-11-20";215.0
"1153464850";"Heilemann mléčná čokoláda dárková sada Nářadí 100 g";"Heilemann";"Heureka.cz|Jídlo a nápoje|Sladkosti|Čokoládové figurky|Heilemann mléčná čokoláda dárková sada Nářadí 100 g";"2025-11-21";189.0
"1153464850";"Heilemann mléčná čokoláda dárková sada Nářadí 100 g";"Heilemann";"Heureka.cz|Jídlo a nápoje|Sladkosti|Čokoládové figurky|Heilemann mléčná čokoláda dárková sada Nářadí 100 g";"2025-11-21";199.0
"1153464850";"Heilemann mléčná čokoláda dárková sada Nářadí 100 g";"Heilemann";"Heureka.cz|Jídlo a nápoje|Sladkosti|Čokoládové figurky|Heilemann mléčná čokoláda dárková sada Nářadí 100 g";"2025-11-21";215.0
"1153464850";"Heilemann mléčná čokoláda dárková sada Nářadí 100 g";"Heilemann";"Heureka.cz|Jídlo a nápoje|Sladkosti|Čokoládové figurky|Heilemann mléčná čokoláda dárková sada Nářadí 100 g";"2025-11-22";189.0
"1153464850";"Heilemann mléčná čokoláda dárková sada Nářadí 100 g";"Heilemann";"Heureka.cz|Jídlo a nápoje|Sladkosti|Čokoládové figurky|Heilemann mléčná čokoláda dárková sada Nářadí 100 g";"2025-11-22";199.0
"1153464850";"Heilemann mléčná čokoláda dárková sada Nářadí 100 g";"Heilemann";"Heureka.cz|Jídlo a nápoje|Sladkosti|Čokoládové figurky|Heilemann mléčná čokoláda dárková sada Nářadí 100 g";"2025-11-22";215.0
"1153464850";"Heilemann mléčná čokoláda dárková sada Nářadí 100 g";"Heilemann";"Heureka.cz|Jídlo a nápoje|Sladkosti|Čokoládové figurky|Heilemann mléčná čokoláda dárková sada Nářadí 100 g";"2025-11-23";189.0
"1153464850";"Heilemann mléčná čokoláda dárková sada Nářadí 100 g";"Heilemann";"Heureka.cz|Jídlo a nápoje|Sladkosti|Čokoládové figurky|Heilemann mléčná čokoláda dárková sada Nářadí 100 g";"2025-11-23";199.0
"1153464850";"Heilemann mléčná čokoláda dárková sada Nářadí 100 g";"Heilemann";"Heureka.cz|Jídlo a nápoje|Sladkosti|Čokoládové figurky|Heilemann mléčná čokoláda dárková sada Nářadí 100 g";"2025-11-23";215.0
"1153464850";"Heilemann mléčná čokoláda dárková sada Nářadí 100 g";"Heilemann";"Heureka.cz|Jídlo a nápoje|Sladkosti|Čokoládové figurky|Heilemann mléčná čokoláda dárková sada Nářadí 100 g";"2025-11-24";189.0
"1153464850";"Heilemann mléčná čokoláda dárková sada Nářadí 100 g";"Heilemann";"Heureka.cz|Jídlo a nápoje|Sladkosti|Čokoládové figurky|Heilemann mléčná čokoláda dárková sada Nářadí 100 g";"2025-11-24";199.0
"1153464850";"Heilemann mléčná čokoláda dárková sada Nářadí 100 g";"Heilemann";"Heureka.cz|Jídlo a nápoje|Sladkosti|Čokoládové figurky|Heilemann mléčná čokoláda dárková sada Nářadí 100 g";"2025-11-24";215.0
"1153464850";"Heilemann mléčná čokoláda dárková sada Nářadí 100 g";"Heilemann";"Heureka.cz|Jídlo a nápoje|Sladkosti|Čokoládové figurky|Heilemann mléčná čokoláda dárková sada Nářadí 100 g";"2025-11-25";189.0
"1153464850";"Heilemann mléčná čokoláda dárková sada Nářadí 100 g";"Heilemann";"Heureka.cz|Jídlo a nápoje|Sladkosti|Čokoládové figurky|Heilemann mléčná čokoláda dárková sada Nářadí 100 g";"2025-11-25";199.0
"1153464850";"Heilemann mléčná čokoláda dárková sada Nářadí 100 g";"Heilemann";"Heureka.cz|Jídlo a nápoje|Sladkosti|Čokoládové figurky|Heilemann mléčná čokoláda dárková sada Nářadí 100 g";"2025-11-25";215.0
"1153464850";"Heilemann mléčná čokoláda dárková sada Nářadí 100 g";"Heilemann";"Heureka.cz|Jídlo a nápoje|Sladkosti|Čokoládové figurky|Heilemann mléčná čokoláda dárková sada Nářadí 100 g";"2025-11-26";189.0
"1153464850";"Heilemann mléčná čokoláda dárková sada Nářadí 100 g";"Heilemann";"Heureka.cz|Jídlo a nápoje|Sladkosti|Čokoládové figurky|Heilemann mléčná čokoláda dárková sada Nářadí 100 g";"2025-11-26";199.0
"1153464850";"Heilemann mléčná čokoláda dárková sada Nářadí 100 g";"Heilemann";"Heureka.cz|Jídlo a nápoje|Sladkosti|Čokoládové figurky|Heilemann mléčná čokoláda dárková sada Nářadí 100 g";"2025-11-26";215.0
"1153464850";"Heilemann mléčná čokoláda dárková sada Nářadí 100 g";"Heilemann";"Heureka.cz|Jídlo a nápoje|Sladkosti|Čokoládové figurky|Heilemann mléčná čokoláda dárková sada Nářadí 100 g";"2025-11-27";189.0
"1153464850";"Heilemann mléčná čokoláda dárková sada Nářadí 100 g";"Heilemann";"Heureka.cz|Jídlo a nápoje|Sladkosti|Čokoládové figurky|Heilemann mléčná čokoláda dárková sada Nářadí 100 g";"2025-11-27";199.0
"1153464850";"Heilemann mléčná čokoláda dárková sada Nářadí 100 g";"Heilemann";"Heureka.cz|Jídlo a nápoje|Sladkosti|Čokoládové figurky|Heilemann mléčná čokoláda dárková sada Nářadí 100 g";"2025-11-27";215.0
"1153464850";"Heilemann mléčná čokoláda dárková sada Nářadí 100 g";"Heilemann";"Heureka.cz|Jídlo a nápoje|Sladkosti|Čokoládové figurky|Heilemann mléčná čokoláda dárková sada Nářadí 100 g";"2025-11-28";256.0
"1153464850";"Heilemann mléčná čokoláda dárková sada Nářadí 100 g";"Heilemann";"Heureka.cz|Jídlo a nápoje|Sladkosti|Čokoládové figurky|Heilemann mléčná čokoláda dárková sada Nářadí 100 g";"2025-11-28";189.0
"1153464850";"Heilemann mléčná čokoláda dárková sada Nářadí 100 g";"Heilemann";"Heureka.cz|Jídlo a nápoje|Sladkosti|Čokoládové figurky|Heilemann mléčná čokoláda dárková sada Nářadí 100 g";"2025-11-28";199.0
"1153464850";"Heilemann mléčná čokoláda dárková sada Nářadí 100 g";"Heilemann";"Heureka.cz|Jídlo a nápoje|Sladkosti|Čokoládové figurky|Heilemann mléčná čokoláda dárková sada Nářadí 100 g";"2025-11-28";215.0
"1153464850";"Heilemann mléčná čokoláda dárková sada Nářadí 100 g";"Heilemann";"Heureka.cz|Jídlo a nápoje|Sladkosti|Čokoládové figurky|Heilemann mléčná čokoláda dárková sada Nářadí 100 g";"2025-11-29";256.0
"1153464850";"Heilemann mléčná čokoláda dárková sada Nářadí 100 g";"Heilemann";"Heureka.cz|Jídlo a nápoje|Sladkosti|Čokoládové figurky|Heilemann mléčná čokoláda dárková sada Nářadí 100 g";"2025-11-29";189.0
"1153464850";"Heilemann mléčná čokoláda dárková sada Nářadí 100 g";"Heilemann";"Heureka.cz|Jídlo a nápoje|Sladkosti|Čokoládové figurky|Heilemann mléčná čokoláda dárková sada Nářadí 100 g";"2025-11-29";215.0
"1153464850";"Heilemann mléčná čokoláda dárková sada Nářadí 100 g";"Heilemann";"Heureka.cz|Jídlo a nápoje|Sladkosti|Čokoládové figurky|Heilemann mléčná čokoláda dárková sada Nářadí 100 g";"2025-11-30";256.0
"1153464850";"Heilemann mléčná čokoláda dárková sada Nářadí 100 g";"Heilemann";"Heureka.cz|Jídlo a nápoje|Sladkosti|Čokoládové figurky|Heilemann mléčná čokoláda dárková sada Nářadí 100 g";"2025-11-30";189.0
"1153464850";"Heilemann mléčná čokoláda dárková sada Nářadí 100 g";"Heilemann";"Heureka.cz|Jídlo a nápoje|Sladkosti|Čokoládové figurky|Heilemann mléčná čokoláda dárková sada Nářadí 100 g";"2025-11-30";215.0
"1153464850";"Heilemann mléčná čokoláda dárková sada Nářadí 100 g";"Heilemann";"Heureka.cz|Jídlo a nápoje|Sladkosti|Čokoládové figurky|Heilemann mléčná čokoláda dárková sada Nářadí 100 g";"2025-12-01";256.0
"1153464850";"Heilemann mléčná čokoláda dárková sada Nářadí 100 g";"Heilemann";"Heureka.cz|Jídlo a nápoje|Sladkosti|Čokoládové figurky|Heilemann mléčná čokoláda dárková sada Nářadí 100 g";"2025-12-01";189.0
"1153464850";"Heilemann mléčná čokoláda dárková sada Nářadí 100 g";"Heilemann";"Heureka.cz|Jídlo a nápoje|Sladkosti|Čokoládové figurky|Heilemann mléčná čokoláda dárková sada Nářadí 100 g";"2025-12-01";215.0
"1153464850";"Heilemann mléčná čokoláda dárková sada Nářadí 100 g";"Heilemann";"Heureka.cz|Jídlo a nápoje|Sladkosti|Čokoládové figurky|Heilemann mléčná čokoláda dárková sada Nářadí 100 g";"2025-12-02";256.0
"1153464850";"Heilemann mléčná čokoláda dárková sada Nářadí 100 g";"Heilemann";"Heureka.cz|Jídlo a nápoje|Sladkosti|Čokoládové figurky|Heilemann mléčná čokoláda dárková sada Nářadí 100 g";"2025-12-02";189.0
"1153464850";"Heilemann mléčná čokoláda dárková sada Nářadí 100 g";"Heilemann";"Heureka.cz|Jídlo a nápoje|Sladkosti|Čokoládové figurky|Heilemann mléčná čokoláda dárková sada Nářadí 100 g";"2025-12-02";199.0
"1153464850";"Heilemann mléčná čokoláda dárková sada Nářadí 100 g";"Heilemann";"Heureka.cz|Jídlo a nápoje|Sladkosti|Čokoládové figurky|Heilemann mléčná čokoláda dárková sada Nářadí 100 g";"2025-12-03";189.0
"1153464850";"Heilemann mléčná čokoláda dárková sada Nářadí 100 g";"Heilemann";"Heureka.cz|Jídlo a nápoje|Sladkosti|Čokoládové figurky|Heilemann mléčná čokoláda dárková sada Nářadí 100 g";"2025-12-03";256.0
"1153464850";"Heilemann mléčná čokoláda dárková sada Nářadí 100 g";"Heilemann";"Heureka.cz|Jídlo a nápoje|Sladkosti|Čokoládové figurky|Heilemann mléčná čokoláda dárková sada Nářadí 100 g";"2025-12-03";189.0
"1153464850";"Heilemann mléčná čokoláda dárková sada Nářadí 100 g";"Heilemann";"Heureka.cz|Jídlo a nápoje|Sladkosti|Čokoládové figurky|Heilemann mléčná čokoláda dárková sada Nářadí 100 g";"2025-12-03";199.0
"1153464850";"Heilemann mléčná čokoláda dárková sada Nářadí 100 g";"Heilemann";"Heureka.cz|Jídlo a nápoje|Sladkosti|Čokoládové figurky|Heilemann mléčná čokoláda dárková sada Nářadí 100 g";"2025-12-04";189.0
"1153464850";"Heilemann mléčná čokoláda dárková sada Nářadí 100 g";"Heilemann";"Heureka.cz|Jídlo a nápoje|Sladkosti|Čokoládové figurky|Heilemann mléčná čokoláda dárková sada Nářadí 100 g";"2025-12-04";256.0
"1153464850";"Heilemann mléčná čokoláda dárková sada Nářadí 100 g";"Heilemann";"Heureka.cz|Jídlo a nápoje|Sladkosti|Čokoládové figurky|Heilemann mléčná čokoláda dárková sada Nářadí 100 g";"2025-12-04";189.0
"1153464850";"Heilemann mléčná čokoláda dárková sada Nářadí 100 g";"Heilemann";"Heureka.cz|Jídlo a nápoje|Sladkosti|Čokoládové figurky|Heilemann mléčná čokoláda dárková sada Nářadí 100 g";"2025-12-04";199.0
"1153464850";"Heilemann mléčná čokoláda dárková sada Nářadí 100 g";"Heilemann";"Heureka.cz|Jídlo a nápoje|Sladkosti|Čokoládové figurky|Heilemann mléčná čokoláda dárková sada Nářadí 100 g";"2025-12-05";189.0
"1153464850";"Heilemann mléčná čokoláda dárková sada Nářadí 100 g";"Heilemann";"Heureka.cz|Jídlo a nápoje|Sladkosti|Čokoládové figurky|Heilemann mléčná čokoláda dárková sada Nářadí 100 g";"2025-12-05";256.0
"1153464850";"Heilemann mléčná čokoláda dárková sada Nářadí 100 g";"Heilemann";"Heureka.cz|Jídlo a nápoje|Sladkosti|Čokoládové figurky|Heilemann mléčná čokoláda dárková sada Nářadí 100 g";"2025-12-05";189.0
"1153464850";"Heilemann mléčná čokoláda dárková sada Nářadí 100 g";"Heilemann";"Heureka.cz|Jídlo a nápoje|Sladkosti|Čokoládové figurky|Heilemann mléčná čokoláda dárková sada Nářadí 100 g";"2025-12-05";199.0
"1153464850";"Heilemann mléčná čokoláda dárková sada Nářadí 100 g";"Heilemann";"Heureka.cz|Jídlo a nápoje|Sladkosti|Čokoládové figurky|Heilemann mléčná čokoláda dárková sada Nářadí 100 g";"2025-12-06";189.0
"1153464850";"Heilemann mléčná čokoláda dárková sada Nářadí 100 g";"Heilemann";"Heureka.cz|Jídlo a nápoje|Sladkosti|Čokoládové figurky|Heilemann mléčná čokoláda dárková sada Nářadí 100 g";"2025-12-06";256.0
"1153464850";"Heilemann mléčná čokoláda dárková sada Nářadí 100 g";"Heilemann";"Heureka.cz|Jídlo a nápoje|Sladkosti|Čokoládové figurky|Heilemann mléčná čokoláda dárková sada Nářadí 100 g";"2025-12-06";189.0
"1153464850";"Heilemann mléčná čokoláda dárková sada Nářadí 100 g";"Heilemann";"Heureka.cz|Jídlo a nápoje|Sladkosti|Čokoládové figurky|Heilemann mléčná čokoláda dárková sada Nářadí 100 g";"2025-12-06";199.0
"1153464850";"Heilemann mléčná čokoláda dárková sada Nářadí 100 g";"Heilemann";"Heureka.cz|Jídlo a nápoje|Sladkosti|Čokoládové figurky|Heilemann mléčná čokoláda dárková sada Nářadí 100 g";"2025-12-07";189.0
"1153464850";"Heilemann mléčná čokoláda dárková sada Nářadí 100 g";"Heilemann";"Heureka.cz|Jídlo a nápoje|Sladkosti|Čokoládové figurky|Heilemann mléčná čokoláda dárková sada Nářadí 100 g";"2025-12-07";256.0
"1153464850";"Heilemann mléčná čokoláda dárková sada Nářadí 100 g";"Heilemann";"Heureka.cz|Jídlo a nápoje|Sladkosti|Čokoládové figurky|Heilemann mléčná čokoláda dárková sada Nářadí 100 g";"2025-12-07";189.0
"1153464850";"Heilemann mléčná čokoláda dárková sada Nářadí 100 g";"Heilemann";"Heureka.cz|Jídlo a nápoje|Sladkosti|Čokoládové figurky|Heilemann mléčná čokoláda dárková sada Nářadí 100 g";"2025-12-07";199.0
"1153464850";"Heilemann mléčná čokoláda dárková sada Nářadí 100 g";"Heilemann";"Heureka.cz|Jídlo a nápoje|Sladkosti|Čokoládové figurky|Heilemann mléčná čokoláda dárková sada Nářadí 100 g";"2025-12-08";189.0
"1153464850";"Heilemann mléčná čokoláda dárková sada Nářadí 100 g";"Heilemann";"Heureka.cz|Jídlo a nápoje|Sladkosti|Čokoládové figurky|Heilemann mléčná čokoláda dárková sada Nářadí 100 g";"2025-12-08";256.0
"1153464850";"Heilemann mléčná čokoláda dárková sada Nářadí 100 g";"Heilemann";"Heureka.cz|Jídlo a nápoje|Sladkosti|Čokoládové figurky|Heilemann mléčná čokoláda dárková sada Nářadí 100 g";"2025-12-08";199.0
"1155433396";"Heilemann mléčná čokoláda dárková sada Oldtimer 100 g";"Heilemann";"Heureka.cz|Jídlo a nápoje|Sladkosti|Čokoládové figurky|Heilemann mléčná čokoláda dárková sada Oldtimer 100 g";"2025-10-23";198.0
"1155433396";"Heilemann mléčná čokoláda dárková sada Oldtimer 100 g";"Heilemann";"Heureka.cz|Jídlo a nápoje|Sladkosti|Čokoládové figurky|Heilemann mléčná čokoláda dárková sada Oldtimer 100 g";"2025-10-23";199.0
"1155433396";"Heilemann mléčná čokoláda dárková sada Oldtimer 100 g";"Heilemann";"Heureka.cz|Jídlo a nápoje|Sladkosti|Čokoládové figurky|Heilemann mléčná čokoláda dárková sada Oldtimer 100 g";"2025-10-23";219.0
"1155433396";"Heilemann mléčná čokoláda dárková sada Oldtimer 100 g";"Heilemann";"Heureka.cz|Jídlo a nápoje|Sladkosti|Čokoládové figurky|Heilemann mléčná čokoláda dárková sada Oldtimer 100 g";"2025-10-23";220.0
"1155433396";"Heilemann mléčná čokoláda dárková sada Oldtimer 100 g";"Heilemann";"Heureka.cz|Jídlo a nápoje|Sladkosti|Čokoládové figurky|Heilemann mléčná čokoláda dárková sada Oldtimer 100 g";"2025-11-05";256.0
"1155433396";"Heilemann mléčná čokoláda dárková sada Oldtimer 100 g";"Heilemann";"Heureka.cz|Jídlo a nápoje|Sladkosti|Čokoládové figurky|Heilemann mléčná čokoláda dárková sada Oldtimer 100 g";"2025-11-05";189.0
"1155433396";"Heilemann mléčná čokoláda dárková sada Oldtimer 100 g";"Heilemann";"Heureka.cz|Jídlo a nápoje|Sladkosti|Čokoládové figurky|Heilemann mléčná čokoláda dárková sada Oldtimer 100 g";"2025-11-05";199.0
"1155433396";"Heilemann mléčná čokoláda dárková sada Oldtimer 100 g";"Heilemann";"Heureka.cz|Jídlo a nápoje|Sladkosti|Čokoládové figurky|Heilemann mléčná čokoláda dárková sada Oldtimer 100 g";"2025-11-05";219.0
"1155433396";"Heilemann mléčná čokoláda dárková sada Oldtimer 100 g";"Heilemann";"Heureka.cz|Jídlo a nápoje|Sladkosti|Čokoládové figurky|Heilemann mléčná čokoláda dárková sada Oldtimer 100 g";"2025-11-05";220.0
"1155433396";"Heilemann mléčná čokoláda dárková sada Oldtimer 100 g";"Heilemann";"Heureka.cz|Jídlo a nápoje|Sladkosti|Čokoládové figurky|Heilemann mléčná čokoláda dárková sada Oldtimer 100 g";"2025-11-06";256.0
"1155433396";"Heilemann mléčná čokoláda dárková sada Oldtimer 100 g";"Heilemann";"Heureka.cz|Jídlo a nápoje|Sladkosti|Čokoládové figurky|Heilemann mléčná čokoláda dárková sada Oldtimer 100 g";"2025-11-06";189.0
"1155433396";"Heilemann mléčná čokoláda dárková sada Oldtimer 100 g";"Heilemann";"Heureka.cz|Jídlo a nápoje|Sladkosti|Čokoládové figurky|Heilemann mléčná čokoláda dárková sada Oldtimer 100 g";"2025-11-06";199.0
"1155433396";"Heilemann mléčná čokoláda dárková sada Oldtimer 100 g";"Heilemann";"Heureka.cz|Jídlo a nápoje|Sladkosti|Čokoládové figurky|Heilemann mléčná čokoláda dárková sada Oldtimer 100 g";"2025-11-06";219.0
"1155433396";"Heilemann mléčná čokoláda dárková sada Oldtimer 100 g";"Heilemann";"Heureka.cz|Jídlo a nápoje|Sladkosti|Čokoládové figurky|Heilemann mléčná čokoláda dárková sada Oldtimer 100 g";"2025-11-06";220.0
"1155433396";"Heilemann mléčná čokoláda dárková sada Oldtimer 100 g";"Heilemann";"Heureka.cz|Jídlo a nápoje|Sladkosti|Čokoládové figurky|Heilemann mléčná čokoláda dárková sada Oldtimer 100 g";"2025-11-07";256.0
"1155433396";"Heilemann mléčná čokoláda dárková sada Oldtimer 100 g";"Heilemann";"Heureka.cz|Jídlo a nápoje|Sladkosti|Čokoládové figurky|Heilemann mléčná čokoláda dárková sada Oldtimer 100 g";"2025-11-07";189.0
"1155433396";"Heilemann mléčná čokoláda dárková sada Oldtimer 100 g";"Heilemann";"Heureka.cz|Jídlo a nápoje|Sladkosti|Čokoládové figurky|Heilemann mléčná čokoláda dárková sada Oldtimer 100 g";"2025-11-07";199.0
"1155433396";"Heilemann mléčná čokoláda dárková sada Oldtimer 100 g";"Heilemann";"Heureka.cz|Jídlo a nápoje|Sladkosti|Čokoládové figurky|Heilemann mléčná čokoláda dárková sada Oldtimer 100 g";"2025-11-07";219.0
"1155433396";"Heilemann mléčná čokoláda dárková sada Oldtimer 100 g";"Heilemann";"Heureka.cz|Jídlo a nápoje|Sladkosti|Čokoládové figurky|Heilemann mléčná čokoláda dárková sada Oldtimer 100 g";"2025-11-07";220.0
"1155433396";"Heilemann mléčná čokoláda dárková sada Oldtimer 100 g";"Heilemann";"Heureka.cz|Jídlo a nápoje|Sladkosti|Čokoládové figurky|Heilemann mléčná čokoláda dárková sada Oldtimer 100 g";"2025-11-08";256.0
"1155433396";"Heilemann mléčná čokoláda dárková sada Oldtimer 100 g";"Heilemann";"Heureka.cz|Jídlo a nápoje|Sladkosti|Čokoládové figurky|Heilemann mléčná čokoláda dárková sada Oldtimer 100 g";"2025-11-08";199.0
"1155433396";"Heilemann mléčná čokoláda dárková sada Oldtimer 100 g";"Heilemann";"Heureka.cz|Jídlo a nápoje|Sladkosti|Čokoládové figurky|Heilemann mléčná čokoláda dárková sada Oldtimer 100 g";"2025-11-08";219.0
"1155433396";"Heilemann mléčná čokoláda dárková sada Oldtimer 100 g";"Heilemann";"Heureka.cz|Jídlo a nápoje|Sladkosti|Čokoládové figurky|Heilemann mléčná čokoláda dárková sada Oldtimer 100 g";"2025-11-08";220.0
"1155433396";"Heilemann mléčná čokoláda dárková sada Oldtimer 100 g";"Heilemann";"Heureka.cz|Jídlo a nápoje|Sladkosti|Čokoládové figurky|Heilemann mléčná čokoláda dárková sada Oldtimer 100 g";"2025-11-09";256.0
"1155433396";"Heilemann mléčná čokoláda dárková sada Oldtimer 100 g";"Heilemann";"Heureka.cz|Jídlo a nápoje|Sladkosti|Čokoládové figurky|Heilemann mléčná čokoláda dárková sada Oldtimer 100 g";"2025-11-09";199.0
"1155433396";"Heilemann mléčná čokoláda dárková sada Oldtimer 100 g";"Heilemann";"Heureka.cz|Jídlo a nápoje|Sladkosti|Čokoládové figurky|Heilemann mléčná čokoláda dárková sada Oldtimer 100 g";"2025-11-09";219.0
"1155433396";"Heilemann mléčná čokoláda dárková sada Oldtimer 100 g";"Heilemann";"Heureka.cz|Jídlo a nápoje|Sladkosti|Čokoládové figurky|Heilemann mléčná čokoláda dárková sada Oldtimer 100 g";"2025-11-09";220.0
"1155433396";"Heilemann mléčná čokoláda dárková sada Oldtimer 100 g";"Heilemann";"Heureka.cz|Jídlo a nápoje|Sladkosti|Čokoládové figurky|Heilemann mléčná čokoláda dárková sada Oldtimer 100 g";"2025-11-10";256.0
"1155433396";"Heilemann mléčná čokoláda dárková sada Oldtimer 100 g";"Heilemann";"Heureka.cz|Jídlo a nápoje|Sladkosti|Čokoládové figurky|Heilemann mléčná čokoláda dárková sada Oldtimer 100 g";"2025-11-10";199.0
"1155433396";"Heilemann mléčná čokoláda dárková sada Oldtimer 100 g";"Heilemann";"Heureka.cz|Jídlo a nápoje|Sladkosti|Čokoládové figurky|Heilemann mléčná čokoláda dárková sada Oldtimer 100 g";"2025-11-10";219.0
"1155433396";"Heilemann mléčná čokoláda dárková sada Oldtimer 100 g";"Heilemann";"Heureka.cz|Jídlo a nápoje|Sladkosti|Čokoládové figurky|Heilemann mléčná čokoláda dárková sada Oldtimer 100 g";"2025-11-10";220.0
"1155433396";"Heilemann mléčná čokoláda dárková sada Oldtimer 100 g";"Heilemann";"Heureka.cz|Jídlo a nápoje|Sladkosti|Čokoládové figurky|Heilemann mléčná čokoláda dárková sada Oldtimer 100 g";"2025-11-11";256.0
"1155433396";"Heilemann mléčná čokoláda dárková sada Oldtimer 100 g";"Heilemann";"Heureka.cz|Jídlo a nápoje|Sladkosti|Čokoládové figurky|Heilemann mléčná čokoláda dárková sada Oldtimer 100 g";"2025-11-11";0.0
"1155433396";"Heilemann mléčná čokoláda dárková sada Oldtimer 100 g";"Heilemann";"Heureka.cz|Jídlo a nápoje|Sladkosti|Čokoládové figurky|Heilemann mléčná čokoláda dárková sada Oldtimer 100 g";"2025-11-11";199.0
"1155433396";"Heilemann mléčná čokoláda dárková sada Oldtimer 100 g";"Heilemann";"Heureka.cz|Jídlo a nápoje|Sladkosti|Čokoládové figurky|Heilemann mléčná čokoláda dárková sada Oldtimer 100 g";"2025-11-11";219.0
"1155433396";"Heilemann mléčná čokoláda dárková sada Oldtimer 100 g";"Heilemann";"Heureka.cz|Jídlo a nápoje|Sladkosti|Čokoládové figurky|Heilemann mléčná čokoláda dárková sada Oldtimer 100 g";"2025-11-11";220.0
"1155433396";"Heilemann mléčná čokoláda dárková sada Oldtimer 100 g";"Heilemann";"Heureka.cz|Jídlo a nápoje|Sladkosti|Čokoládové figurky|Heilemann mléčná čokoláda dárková sada Oldtimer 100 g";"2025-11-13";256.0
"1155433396";"Heilemann mléčná čokoláda dárková sada Oldtimer 100 g";"Heilemann";"Heureka.cz|Jídlo a nápoje|Sladkosti|Čokoládové figurky|Heilemann mléčná čokoláda dárková sada Oldtimer 100 g";"2025-11-13";189.0
"1155433396";"Heilemann mléčná čokoláda dárková sada Oldtimer 100 g";"Heilemann";"Heureka.cz|Jídlo a nápoje|Sladkosti|Čokoládové figurky|Heilemann mléčná čokoláda dárková sada Oldtimer 100 g";"2025-11-13";199.0
"1155433396";"Heilemann mléčná čokoláda dárková sada Oldtimer 100 g";"Heilemann";"Heureka.cz|Jídlo a nápoje|Sladkosti|Čokoládové figurky|Heilemann mléčná čokoláda dárková sada Oldtimer 100 g";"2025-11-13";219.0
"1155433396";"Heilemann mléčná čokoláda dárková sada Oldtimer 100 g";"Heilemann";"Heureka.cz|Jídlo a nápoje|Sladkosti|Čokoládové figurky|Heilemann mléčná čokoláda dárková sada Oldtimer 100 g";"2025-11-13";220.0
"1155433396";"Heilemann mléčná čokoláda dárková sada Oldtimer 100 g";"Heilemann";"Heureka.cz|Jídlo a nápoje|Sladkosti|Čokoládové figurky|Heilemann mléčná čokoláda dárková sada Oldtimer 100 g";"2025-11-14";256.0
"1155433396";"Heilemann mléčná čokoláda dárková sada Oldtimer 100 g";"Heilemann";"Heureka.cz|Jídlo a nápoje|Sladkosti|Čokoládové figurky|Heilemann mléčná čokoláda dárková sada Oldtimer 100 g";"2025-11-14";189.0
"1155433396";"Heilemann mléčná čokoláda dárková sada Oldtimer 100 g";"Heilemann";"Heureka.cz|Jídlo a nápoje|Sladkosti|Čokoládové figurky|Heilemann mléčná čokoláda dárková sada Oldtimer 100 g";"2025-11-14";199.0
"1155433396";"Heilemann mléčná čokoláda dárková sada Oldtimer 100 g";"Heilemann";"Heureka.cz|Jídlo a nápoje|Sladkosti|Čokoládové figurky|Heilemann mléčná čokoláda dárková sada Oldtimer 100 g";"2025-11-14";219.0
"1155433396";"Heilemann mléčná čokoláda dárková sada Oldtimer 100 g";"Heilemann";"Heureka.cz|Jídlo a nápoje|Sladkosti|Čokoládové figurky|Heilemann mléčná čokoláda dárková sada Oldtimer 100 g";"2025-11-14";220.0
"1155433396";"Heilemann mléčná čokoláda dárková sada Oldtimer 100 g";"Heilemann";"Heureka.cz|Jídlo a nápoje|Sladkosti|Čokoládové figurky|Heilemann mléčná čokoláda dárková sada Oldtimer 100 g";"2025-11-15";256.0
"1155433396";"Heilemann mléčná čokoláda dárková sada Oldtimer 100 g";"Heilemann";"Heureka.cz|Jídlo a nápoje|Sladkosti|Čokoládové figurky|Heilemann mléčná čokoláda dárková sada Oldtimer 100 g";"2025-11-15";189.0
"1155433396";"Heilemann mléčná čokoláda dárková sada Oldtimer 100 g";"Heilemann";"Heureka.cz|Jídlo a nápoje|Sladkosti|Čokoládové figurky|Heilemann mléčná čokoláda dárková sada Oldtimer 100 g";"2025-11-15";199.0
"1155433396";"Heilemann mléčná čokoláda dárková sada Oldtimer 100 g";"Heilemann";"Heureka.cz|Jídlo a nápoje|Sladkosti|Čokoládové figurky|Heilemann mléčná čokoláda dárková sada Oldtimer 100 g";"2025-11-15";219.0
"1155433396";"Heilemann mléčná čokoláda dárková sada Oldtimer 100 g";"Heilemann";"Heureka.cz|Jídlo a nápoje|Sladkosti|Čokoládové figurky|Heilemann mléčná čokoláda dárková sada Oldtimer 100 g";"2025-11-15";220.0
"1155433396";"Heilemann mléčná čokoláda dárková sada Oldtimer 100 g";"Heilemann";"Heureka.cz|Jídlo a nápoje|Sladkosti|Čokoládové figurky|Heilemann mléčná čokoláda dárková sada Oldtimer 100 g";"2025-11-16";256.0
"1155433396";"Heilemann mléčná čokoláda dárková sada Oldtimer 100 g";"Heilemann";"Heureka.cz|Jídlo a nápoje|Sladkosti|Čokoládové figurky|Heilemann mléčná čokoláda dárková sada Oldtimer 100 g";"2025-11-16";189.0
"1155433396";"Heilemann mléčná čokoláda dárková sada Oldtimer 100 g";"Heilemann";"Heureka.cz|Jídlo a nápoje|Sladkosti|Čokoládové figurky|Heilemann mléčná čokoláda dárková sada Oldtimer 100 g";"2025-11-16";199.0
"1155433396";"Heilemann mléčná čokoláda dárková sada Oldtimer 100 g";"Heilemann";"Heureka.cz|Jídlo a nápoje|Sladkosti|Čokoládové figurky|Heilemann mléčná čokoláda dárková sada Oldtimer 100 g";"2025-11-16";219.0
"1155433396";"Heilemann mléčná čokoláda dárková sada Oldtimer 100 g";"Heilemann";"Heureka.cz|Jídlo a nápoje|Sladkosti|Čokoládové figurky|Heilemann mléčná čokoláda dárková sada Oldtimer 100 g";"2025-11-16";220.0
"1155433396";"Heilemann mléčná čokoláda dárková sada Oldtimer 100 g";"Heilemann";"Heureka.cz|Jídlo a nápoje|Sladkosti|Čokoládové figurky|Heilemann mléčná čokoláda dárková sada Oldtimer 100 g";"2025-11-17";256.0
"1155433396";"Heilemann mléčná čokoláda dárková sada Oldtimer 100 g";"Heilemann";"Heureka.cz|Jídlo a nápoje|Sladkosti|Čokoládové figurky|Heilemann mléčná čokoláda dárková sada Oldtimer 100 g";"2025-11-17";189.0
"1155433396";"Heilemann mléčná čokoláda dárková sada Oldtimer 100 g";"Heilemann";"Heureka.cz|Jídlo a nápoje|Sladkosti|Čokoládové figurky|Heilemann mléčná čokoláda dárková sada Oldtimer 100 g";"2025-11-17";199.0
"1155433396";"Heilemann mléčná čokoláda dárková sada Oldtimer 100 g";"Heilemann";"Heureka.cz|Jídlo a nápoje|Sladkosti|Čokoládové figurky|Heilemann mléčná čokoláda dárková sada Oldtimer 100 g";"2025-11-17";219.0
"1155433396";"Heilemann mléčná čokoláda dárková sada Oldtimer 100 g";"Heilemann";"Heureka.cz|Jídlo a nápoje|Sladkosti|Čokoládové figurky|Heilemann mléčná čokoláda dárková sada Oldtimer 100 g";"2025-11-17";220.0
"1155433396";"Heilemann mléčná čokoláda dárková sada Oldtimer 100 g";"Heilemann";"Heureka.cz|Jídlo a nápoje|Sladkosti|Čokoládové figurky|Heilemann mléčná čokoláda dárková sada Oldtimer 100 g";"2025-11-18";256.0
"1155433396";"Heilemann mléčná čokoláda dárková sada Oldtimer 100 g";"Heilemann";"Heureka.cz|Jídlo a nápoje|Sladkosti|Čokoládové figurky|Heilemann mléčná čokoláda dárková sada Oldtimer 100 g";"2025-11-18";189.0
"1155433396";"Heilemann mléčná čokoláda dárková sada Oldtimer 100 g";"Heilemann";"Heureka.cz|Jídlo a nápoje|Sladkosti|Čokoládové figurky|Heilemann mléčná čokoláda dárková sada Oldtimer 100 g";"2025-11-18";199.0
"1155433396";"Heilemann mléčná čokoláda dárková sada Oldtimer 100 g";"Heilemann";"Heureka.cz|Jídlo a nápoje|Sladkosti|Čokoládové figurky|Heilemann mléčná čokoláda dárková sada Oldtimer 100 g";"2025-11-18";219.0
"1155433396";"Heilemann mléčná čokoláda dárková sada Oldtimer 100 g";"Heilemann";"Heureka.cz|Jídlo a nápoje|Sladkosti|Čokoládové figurky|Heilemann mléčná čokoláda dárková sada Oldtimer 100 g";"2025-11-18";220.0
"1155433396";"Heilemann mléčná čokoláda dárková sada Oldtimer 100 g";"Heilemann";"Heureka.cz|Jídlo a nápoje|Sladkosti|Čokoládové figurky|Heilemann mléčná čokoláda dárková sada Oldtimer 100 g";"2025-11-19";256.0
"1155433396";"Heilemann mléčná čokoláda dárková sada Oldtimer 100 g";"Heilemann";"Heureka.cz|Jídlo a nápoje|Sladkosti|Čokoládové figurky|Heilemann mléčná čokoláda dárková sada Oldtimer 100 g";"2025-11-19";189.0
"1155433396";"Heilemann mléčná čokoláda dárková sada Oldtimer 100 g";"Heilemann";"Heureka.cz|Jídlo a nápoje|Sladkosti|Čokoládové figurky|Heilemann mléčná čokoláda dárková sada Oldtimer 100 g";"2025-11-19";199.0
"1155433396";"Heilemann mléčná čokoláda dárková sada Oldtimer 100 g";"Heilemann";"Heureka.cz|Jídlo a nápoje|Sladkosti|Čokoládové figurky|Heilemann mléčná čokoláda dárková sada Oldtimer 100 g";"2025-11-19";219.0
"1155433396";"Heilemann mléčná čokoláda dárková sada Oldtimer 100 g";"Heilemann";"Heureka.cz|Jídlo a nápoje|Sladkosti|Čokoládové figurky|Heilemann mléčná čokoláda dárková sada Oldtimer 100 g";"2025-11-19";220.0
"1155433396";"Heilemann mléčná čokoláda dárková sada Oldtimer 100 g";"Heilemann";"Heureka.cz|Jídlo a nápoje|Sladkosti|Čokoládové figurky|Heilemann mléčná čokoláda dárková sada Oldtimer 100 g";"2025-11-20";256.0
"1155433396";"Heilemann mléčná čokoláda dárková sada Oldtimer 100 g";"Heilemann";"Heureka.cz|Jídlo a nápoje|Sladkosti|Čokoládové figurky|Heilemann mléčná čokoláda dárková sada Oldtimer 100 g";"2025-11-20";189.0
"1155433396";"Heilemann mléčná čokoláda dárková sada Oldtimer 100 g";"Heilemann";"Heureka.cz|Jídlo a nápoje|Sladkosti|Čokoládové figurky|Heilemann mléčná čokoláda dárková sada Oldtimer 100 g";"2025-11-20";199.0
"1155433396";"Heilemann mléčná čokoláda dárková sada Oldtimer 100 g";"Heilemann";"Heureka.cz|Jídlo a nápoje|Sladkosti|Čokoládové figurky|Heilemann mléčná čokoláda dárková sada Oldtimer 100 g";"2025-11-20";219.0
"1155433396";"Heilemann mléčná čokoláda dárková sada Oldtimer 100 g";"Heilemann";"Heureka.cz|Jídlo a nápoje|Sladkosti|Čokoládové figurky|Heilemann mléčná čokoláda dárková sada Oldtimer 100 g";"2025-11-20";220.0
"1155433396";"Heilemann mléčná čokoláda dárková sada Oldtimer 100 g";"Heilemann";"Heureka.cz|Jídlo a nápoje|Sladkosti|Čokoládové figurky|Heilemann mléčná čokoláda dárková sada Oldtimer 100 g";"2025-11-21";256.0
"1155433396";"Heilemann mléčná čokoláda dárková sada Oldtimer 100 g";"Heilemann";"Heureka.cz|Jídlo a nápoje|Sladkosti|Čokoládové figurky|Heilemann mléčná čokoláda dárková sada Oldtimer 100 g";"2025-11-21";189.0
"1155433396";"Heilemann mléčná čokoláda dárková sada Oldtimer 100 g";"Heilemann";"Heureka.cz|Jídlo a nápoje|Sladkosti|Čokoládové figurky|Heilemann mléčná čokoláda dárková sada Oldtimer 100 g";"2025-11-21";199.0
"1155433396";"Heilemann mléčná čokoláda dárková sada Oldtimer 100 g";"Heilemann";"Heureka.cz|Jídlo a nápoje|Sladkosti|Čokoládové figurky|Heilemann mléčná čokoláda dárková sada Oldtimer 100 g";"2025-11-21";219.0
"1155433396";"Heilemann mléčná čokoláda dárková sada Oldtimer 100 g";"Heilemann";"Heureka.cz|Jídlo a nápoje|Sladkosti|Čokoládové figurky|Heilemann mléčná čokoláda dárková sada Oldtimer 100 g";"2025-11-21";220.0
"1155433396";"Heilemann mléčná čokoláda dárková sada Oldtimer 100 g";"Heilemann";"Heureka.cz|Jídlo a nápoje|Sladkosti|Čokoládové figurky|Heilemann mléčná čokoláda dárková sada Oldtimer 100 g";"2025-11-22";256.0
"1155433396";"Heilemann mléčná čokoláda dárková sada Oldtimer 100 g";"Heilemann";"Heureka.cz|Jídlo a nápoje|Sladkosti|Čokoládové figurky|Heilemann mléčná čokoláda dárková sada Oldtimer 100 g";"2025-11-22";189.0
"1155433396";"Heilemann mléčná čokoláda dárková sada Oldtimer 100 g";"Heilemann";"Heureka.cz|Jídlo a nápoje|Sladkosti|Čokoládové figurky|Heilemann mléčná čokoláda dárková sada Oldtimer 100 g";"2025-11-22";199.0
"1155433396";"Heilemann mléčná čokoláda dárková sada Oldtimer 100 g";"Heilemann";"Heureka.cz|Jídlo a nápoje|Sladkosti|Čokoládové figurky|Heilemann mléčná čokoláda dárková sada Oldtimer 100 g";"2025-11-22";219.0
"1155433396";"Heilemann mléčná čokoláda dárková sada Oldtimer 100 g";"Heilemann";"Heureka.cz|Jídlo a nápoje|Sladkosti|Čokoládové figurky|Heilemann mléčná čokoláda dárková sada Oldtimer 100 g";"2025-11-22";220.0
"1155433396";"Heilemann mléčná čokoláda dárková sada Oldtimer 100 g";"Heilemann";"Heureka.cz|Jídlo a nápoje|Sladkosti|Čokoládové figurky|Heilemann mléčná čokoláda dárková sada Oldtimer 100 g";"2025-11-23";256.0
"1155433396";"Heilemann mléčná čokoláda dárková sada Oldtimer 100 g";"Heilemann";"Heureka.cz|Jídlo a nápoje|Sladkosti|Čokoládové figurky|Heilemann mléčná čokoláda dárková sada Oldtimer 100 g";"2025-11-23";189.0
"1155433396";"Heilemann mléčná čokoláda dárková sada Oldtimer 100 g";"Heilemann";"Heureka.cz|Jídlo a nápoje|Sladkosti|Čokoládové figurky|Heilemann mléčná čokoláda dárková sada Oldtimer 100 g";"2025-11-23";199.0
"1155433396";"Heilemann mléčná čokoláda dárková sada Oldtimer 100 g";"Heilemann";"Heureka.cz|Jídlo a nápoje|Sladkosti|Čokoládové figurky|Heilemann mléčná čokoláda dárková sada Oldtimer 100 g";"2025-11-23";219.0
"1155433396";"Heilemann mléčná čokoláda dárková sada Oldtimer 100 g";"Heilemann";"Heureka.cz|Jídlo a nápoje|Sladkosti|Čokoládové figurky|Heilemann mléčná čokoláda dárková sada Oldtimer 100 g";"2025-11-23";220.0
"1155433396";"Heilemann mléčná čokoláda dárková sada Oldtimer 100 g";"Heilemann";"Heureka.cz|Jídlo a nápoje|Sladkosti|Čokoládové figurky|Heilemann mléčná čokoláda dárková sada Oldtimer 100 g";"2025-11-24";256.0
"1155433396";"Heilemann mléčná čokoláda dárková sada Oldtimer 100 g";"Heilemann";"Heureka.cz|Jídlo a nápoje|Sladkosti|Čokoládové figurky|Heilemann mléčná čokoláda dárková sada Oldtimer 100 g";"2025-11-24";189.0
"1155433396";"Heilemann mléčná čokoláda dárková sada Oldtimer 100 g";"Heilemann";"Heureka.cz|Jídlo a nápoje|Sladkosti|Čokoládové figurky|Heilemann mléčná čokoláda dárková sada Oldtimer 100 g";"2025-11-24";199.0
"1155433396";"Heilemann mléčná čokoláda dárková sada Oldtimer 100 g";"Heilemann";"Heureka.cz|Jídlo a nápoje|Sladkosti|Čokoládové figurky|Heilemann mléčná čokoláda dárková sada Oldtimer 100 g";"2025-11-24";219.0
"1155433396";"Heilemann mléčná čokoláda dárková sada Oldtimer 100 g";"Heilemann";"Heureka.cz|Jídlo a nápoje|Sladkosti|Čokoládové figurky|Heilemann mléčná čokoláda dárková sada Oldtimer 100 g";"2025-11-24";220.0
"1155433396";"Heilemann mléčná čokoláda dárková sada Oldtimer 100 g";"Heilemann";"Heureka.cz|Jídlo a nápoje|Sladkosti|Čokoládové figurky|Heilemann mléčná čokoláda dárková sada Oldtimer 100 g";"2025-11-25";256.0
"1155433396";"Heilemann mléčná čokoláda dárková sada Oldtimer 100 g";"Heilemann";"Heureka.cz|Jídlo a nápoje|Sladkosti|Čokoládové figurky|Heilemann mléčná čokoláda dárková sada Oldtimer 100 g";"2025-11-25";189.0
"1155433396";"Heilemann mléčná čokoláda dárková sada Oldtimer 100 g";"Heilemann";"Heureka.cz|Jídlo a nápoje|Sladkosti|Čokoládové figurky|Heilemann mléčná čokoláda dárková sada Oldtimer 100 g";"2025-11-25";199.0
"1155433396";"Heilemann mléčná čokoláda dárková sada Oldtimer 100 g";"Heilemann";"Heureka.cz|Jídlo a nápoje|Sladkosti|Čokoládové figurky|Heilemann mléčná čokoláda dárková sada Oldtimer 100 g";"2025-11-25";219.0
"1155433396";"Heilemann mléčná čokoláda dárková sada Oldtimer 100 g";"Heilemann";"Heureka.cz|Jídlo a nápoje|Sladkosti|Čokoládové figurky|Heilemann mléčná čokoláda dárková sada Oldtimer 100 g";"2025-11-25";220.0
"1155433396";"Heilemann mléčná čokoláda dárková sada Oldtimer 100 g";"Heilemann";"Heureka.cz|Jídlo a nápoje|Sladkosti|Čokoládové figurky|Heilemann mléčná čokoláda dárková sada Oldtimer 100 g";"2025-11-26";256.0
"1155433396";"Heilemann mléčná čokoláda dárková sada Oldtimer 100 g";"Heilemann";"Heureka.cz|Jídlo a nápoje|Sladkosti|Čokoládové figurky|Heilemann mléčná čokoláda dárková sada Oldtimer 100 g";"2025-11-26";189.0
"1155433396";"Heilemann mléčná čokoláda dárková sada Oldtimer 100 g";"Heilemann";"Heureka.cz|Jídlo a nápoje|Sladkosti|Čokoládové figurky|Heilemann mléčná čokoláda dárková sada Oldtimer 100 g";"2025-11-26";199.0
"1155433396";"Heilemann mléčná čokoláda dárková sada Oldtimer 100 g";"Heilemann";"Heureka.cz|Jídlo a nápoje|Sladkosti|Čokoládové figurky|Heilemann mléčná čokoláda dárková sada Oldtimer 100 g";"2025-11-26";219.0
"1155433396";"Heilemann mléčná čokoláda dárková sada Oldtimer 100 g";"Heilemann";"Heureka.cz|Jídlo a nápoje|Sladkosti|Čokoládové figurky|Heilemann mléčná čokoláda dárková sada Oldtimer 100 g";"2025-11-26";220.0
"1155433396";"Heilemann mléčná čokoláda dárková sada Oldtimer 100 g";"Heilemann";"Heureka.cz|Jídlo a nápoje|Sladkosti|Čokoládové figurky|Heilemann mléčná čokoláda dárková sada Oldtimer 100 g";"2025-11-27";256.0
"1155433396";"Heilemann mléčná čokoláda dárková sada Oldtimer 100 g";"Heilemann";"Heureka.cz|Jídlo a nápoje|Sladkosti|Čokoládové figurky|Heilemann mléčná čokoláda dárková sada Oldtimer 100 g";"2025-11-27";189.0
"1155433396";"Heilemann mléčná čokoláda dárková sada Oldtimer 100 g";"Heilemann";"Heureka.cz|Jídlo a nápoje|Sladkosti|Čokoládové figurky|Heilemann mléčná čokoláda dárková sada Oldtimer 100 g";"2025-11-27";199.0
"1155433396";"Heilemann mléčná čokoláda dárková sada Oldtimer 100 g";"Heilemann";"Heureka.cz|Jídlo a nápoje|Sladkosti|Čokoládové figurky|Heilemann mléčná čokoláda dárková sada Oldtimer 100 g";"2025-11-27";219.0
"1155433396";"Heilemann mléčná čokoláda dárková sada Oldtimer 100 g";"Heilemann";"Heureka.cz|Jídlo a nápoje|Sladkosti|Čokoládové figurky|Heilemann mléčná čokoláda dárková sada Oldtimer 100 g";"2025-11-27";220.0
"1155433396";"Heilemann mléčná čokoláda dárková sada Oldtimer 100 g";"Heilemann";"Heureka.cz|Jídlo a nápoje|Sladkosti|Čokoládové figurky|Heilemann mléčná čokoláda dárková sada Oldtimer 100 g";"2025-11-28";256.0
"1155433396";"Heilemann mléčná čokoláda dárková sada Oldtimer 100 g";"Heilemann";"Heureka.cz|Jídlo a nápoje|Sladkosti|Čokoládové figurky|Heilemann mléčná čokoláda dárková sada Oldtimer 100 g";"2025-11-28";189.0
"1155433396";"Heilemann mléčná čokoláda dárková sada Oldtimer 100 g";"Heilemann";"Heureka.cz|Jídlo a nápoje|Sladkosti|Čokoládové figurky|Heilemann mléčná čokoláda dárková sada Oldtimer 100 g";"2025-11-28";199.0
"1155433396";"Heilemann mléčná čokoláda dárková sada Oldtimer 100 g";"Heilemann";"Heureka.cz|Jídlo a nápoje|Sladkosti|Čokoládové figurky|Heilemann mléčná čokoláda dárková sada Oldtimer 100 g";"2025-11-28";219.0
"1155433396";"Heilemann mléčná čokoláda dárková sada Oldtimer 100 g";"Heilemann";"Heureka.cz|Jídlo a nápoje|Sladkosti|Čokoládové figurky|Heilemann mléčná čokoláda dárková sada Oldtimer 100 g";"2025-11-28";220.0
"1155433396";"Heilemann mléčná čokoláda dárková sada Oldtimer 100 g";"Heilemann";"Heureka.cz|Jídlo a nápoje|Sladkosti|Čokoládové figurky|Heilemann mléčná čokoláda dárková sada Oldtimer 100 g";"2025-11-29";256.0
"1155433396";"Heilemann mléčná čokoláda dárková sada Oldtimer 100 g";"Heilemann";"Heureka.cz|Jídlo a nápoje|Sladkosti|Čokoládové figurky|Heilemann mléčná čokoláda dárková sada Oldtimer 100 g";"2025-11-29";189.0
"1155433396";"Heilemann mléčná čokoláda dárková sada Oldtimer 100 g";"Heilemann";"Heureka.cz|Jídlo a nápoje|Sladkosti|Čokoládové figurky|Heilemann mléčná čokoláda dárková sada Oldtimer 100 g";"2025-11-29";199.0
"1155433396";"Heilemann mléčná čokoláda dárková sada Oldtimer 100 g";"Heilemann";"Heureka.cz|Jídlo a nápoje|Sladkosti|Čokoládové figurky|Heilemann mléčná čokoláda dárková sada Oldtimer 100 g";"2025-11-29";219.0
"1155433396";"Heilemann mléčná čokoláda dárková sada Oldtimer 100 g";"Heilemann";"Heureka.cz|Jídlo a nápoje|Sladkosti|Čokoládové figurky|Heilemann mléčná čokoláda dárková sada Oldtimer 100 g";"2025-11-29";220.0
"1155433396";"Heilemann mléčná čokoláda dárková sada Oldtimer 100 g";"Heilemann";"Heureka.cz|Jídlo a nápoje|Sladkosti|Čokoládové figurky|Heilemann mléčná čokoláda dárková sada Oldtimer 100 g";"2025-11-30";256.0
"1155433396";"Heilemann mléčná čokoláda dárková sada Oldtimer 100 g";"Heilemann";"Heureka.cz|Jídlo a nápoje|Sladkosti|Čokoládové figurky|Heilemann mléčná čokoláda dárková sada Oldtimer 100 g";"2025-11-30";189.0
"1155433396";"Heilemann mléčná čokoláda dárková sada Oldtimer 100 g";"Heilemann";"Heureka.cz|Jídlo a nápoje|Sladkosti|Čokoládové figurky|Heilemann mléčná čokoláda dárková sada Oldtimer 100 g";"2025-11-30";199.0
"1155433396";"Heilemann mléčná čokoláda dárková sada Oldtimer 100 g";"Heilemann";"Heureka.cz|Jídlo a nápoje|Sladkosti|Čokoládové figurky|Heilemann mléčná čokoláda dárková sada Oldtimer 100 g";"2025-11-30";220.0
"1155433396";"Heilemann mléčná čokoláda dárková sada Oldtimer 100 g";"Heilemann";"Heureka.cz|Jídlo a nápoje|Sladkosti|Čokoládové figurky|Heilemann mléčná čokoláda dárková sada Oldtimer 100 g";"2025-12-01";256.0
"1155433396";"Heilemann mléčná čokoláda dárková sada Oldtimer 100 g";"Heilemann";"Heureka.cz|Jídlo a nápoje|Sladkosti|Čokoládové figurky|Heilemann mléčná čokoláda dárková sada Oldtimer 100 g";"2025-12-01";189.0
"1155433396";"Heilemann mléčná čokoláda dárková sada Oldtimer 100 g";"Heilemann";"Heureka.cz|Jídlo a nápoje|Sladkosti|Čokoládové figurky|Heilemann mléčná čokoláda dárková sada Oldtimer 100 g";"2025-12-01";199.0
"1155433396";"Heilemann mléčná čokoláda dárková sada Oldtimer 100 g";"Heilemann";"Heureka.cz|Jídlo a nápoje|Sladkosti|Čokoládové figurky|Heilemann mléčná čokoláda dárková sada Oldtimer 100 g";"2025-12-01";220.0
"1155433396";"Heilemann mléčná čokoláda dárková sada Oldtimer 100 g";"Heilemann";"Heureka.cz|Jídlo a nápoje|Sladkosti|Čokoládové figurky|Heilemann mléčná čokoláda dárková sada Oldtimer 100 g";"2025-12-02";256.0
"1155433396";"Heilemann mléčná čokoláda dárková sada Oldtimer 100 g";"Heilemann";"Heureka.cz|Jídlo a nápoje|Sladkosti|Čokoládové figurky|Heilemann mléčná čokoláda dárková sada Oldtimer 100 g";"2025-12-02";189.0
"1155433396";"Heilemann mléčná čokoláda dárková sada Oldtimer 100 g";"Heilemann";"Heureka.cz|Jídlo a nápoje|Sladkosti|Čokoládové figurky|Heilemann mléčná čokoláda dárková sada Oldtimer 100 g";"2025-12-02";199.0
"1155433396";"Heilemann mléčná čokoláda dárková sada Oldtimer 100 g";"Heilemann";"Heureka.cz|Jídlo a nápoje|Sladkosti|Čokoládové figurky|Heilemann mléčná čokoláda dárková sada Oldtimer 100 g";"2025-12-02";220.0
"1155433396";"Heilemann mléčná čokoláda dárková sada Oldtimer 100 g";"Heilemann";"Heureka.cz|Jídlo a nápoje|Sladkosti|Čokoládové figurky|Heilemann mléčná čokoláda dárková sada Oldtimer 100 g";"2025-12-03";256.0
"1155433396";"Heilemann mléčná čokoláda dárková sada Oldtimer 100 g";"Heilemann";"Heureka.cz|Jídlo a nápoje|Sladkosti|Čokoládové figurky|Heilemann mléčná čokoláda dárková sada Oldtimer 100 g";"2025-12-03";189.0
"1155433396";"Heilemann mléčná čokoláda dárková sada Oldtimer 100 g";"Heilemann";"Heureka.cz|Jídlo a nápoje|Sladkosti|Čokoládové figurky|Heilemann mléčná čokoláda dárková sada Oldtimer 100 g";"2025-12-03";199.0
"1155433396";"Heilemann mléčná čokoláda dárková sada Oldtimer 100 g";"Heilemann";"Heureka.cz|Jídlo a nápoje|Sladkosti|Čokoládové figurky|Heilemann mléčná čokoláda dárková sada Oldtimer 100 g";"2025-12-03";220.0
"1155433396";"Heilemann mléčná čokoláda dárková sada Oldtimer 100 g";"Heilemann";"Heureka.cz|Jídlo a nápoje|Sladkosti|Čokoládové figurky|Heilemann mléčná čokoláda dárková sada Oldtimer 100 g";"2025-12-04";256.0
"1155433396";"Heilemann mléčná čokoláda dárková sada Oldtimer 100 g";"Heilemann";"Heureka.cz|Jídlo a nápoje|Sladkosti|Čokoládové figurky|Heilemann mléčná čokoláda dárková sada Oldtimer 100 g";"2025-12-04";189.0
"1155433396";"Heilemann mléčná čokoláda dárková sada Oldtimer 100 g";"Heilemann";"Heureka.cz|Jídlo a nápoje|Sladkosti|Čokoládové figurky|Heilemann mléčná čokoláda dárková sada Oldtimer 100 g";"2025-12-04";199.0
"1155433396";"Heilemann mléčná čokoláda dárková sada Oldtimer 100 g";"Heilemann";"Heureka.cz|Jídlo a nápoje|Sladkosti|Čokoládové figurky|Heilemann mléčná čokoláda dárková sada Oldtimer 100 g";"2025-12-04";220.0
"1155433396";"Heilemann mléčná čokoláda dárková sada Oldtimer 100 g";"Heilemann";"Heureka.cz|Jídlo a nápoje|Sladkosti|Čokoládové figurky|Heilemann mléčná čokoláda dárková sada Oldtimer 100 g";"2025-12-05";256.0
"1155433396";"Heilemann mléčná čokoláda dárková sada Oldtimer 100 g";"Heilemann";"Heureka.cz|Jídlo a nápoje|Sladkosti|Čokoládové figurky|Heilemann mléčná čokoláda dárková sada Oldtimer 100 g";"2025-12-05";189.0
"1155433396";"Heilemann mléčná čokoláda dárková sada Oldtimer 100 g";"Heilemann";"Heureka.cz|Jídlo a nápoje|Sladkosti|Čokoládové figurky|Heilemann mléčná čokoláda dárková sada Oldtimer 100 g";"2025-12-05";199.0
"1155433396";"Heilemann mléčná čokoláda dárková sada Oldtimer 100 g";"Heilemann";"Heureka.cz|Jídlo a nápoje|Sladkosti|Čokoládové figurky|Heilemann mléčná čokoláda dárková sada Oldtimer 100 g";"2025-12-05";220.0
"1155433396";"Heilemann mléčná čokoláda dárková sada Oldtimer 100 g";"Heilemann";"Heureka.cz|Jídlo a nápoje|Sladkosti|Čokoládové figurky|Heilemann mléčná čokoláda dárková sada Oldtimer 100 g";"2025-12-06";256.0
"1155433396";"Heilemann mléčná čokoláda dárková sada Oldtimer 100 g";"Heilemann";"Heureka.cz|Jídlo a nápoje|Sladkosti|Čokoládové figurky|Heilemann mléčná čokoláda dárková sada Oldtimer 100 g";"2025-12-06";189.0
"1155433396";"Heilemann mléčná čokoláda dárková sada Oldtimer 100 g";"Heilemann";"Heureka.cz|Jídlo a nápoje|Sladkosti|Čokoládové figurky|Heilemann mléčná čokoláda dárková sada Oldtimer 100 g";"2025-12-06";199.0
"1155433396";"Heilemann mléčná čokoláda dárková sada Oldtimer 100 g";"Heilemann";"Heureka.cz|Jídlo a nápoje|Sladkosti|Čokoládové figurky|Heilemann mléčná čokoláda dárková sada Oldtimer 100 g";"2025-12-06";220.0
"1155433396";"Heilemann mléčná čokoláda dárková sada Oldtimer 100 g";"Heilemann";"Heureka.cz|Jídlo a nápoje|Sladkosti|Čokoládové figurky|Heilemann mléčná čokoláda dárková sada Oldtimer 100 g";"2025-12-07";256.0
"1155433396";"Heilemann mléčná čokoláda dárková sada Oldtimer 100 g";"Heilemann";"Heureka.cz|Jídlo a nápoje|Sladkosti|Čokoládové figurky|Heilemann mléčná čokoláda dárková sada Oldtimer 100 g";"2025-12-07";189.0
"1155433396";"Heilemann mléčná čokoláda dárková sada Oldtimer 100 g";"Heilemann";"Heureka.cz|Jídlo a nápoje|Sladkosti|Čokoládové figurky|Heilemann mléčná čokoláda dárková sada Oldtimer 100 g";"2025-12-07";220.0
"1155433396";"Heilemann mléčná čokoláda dárková sada Oldtimer 100 g";"Heilemann";"Heureka.cz|Jídlo a nápoje|Sladkosti|Čokoládové figurky|Heilemann mléčná čokoláda dárková sada Oldtimer 100 g";"2025-12-08";256.0
"1155433396";"Heilemann mléčná čokoláda dárková sada Oldtimer 100 g";"Heilemann";"Heureka.cz|Jídlo a nápoje|Sladkosti|Čokoládové figurky|Heilemann mléčná čokoláda dárková sada Oldtimer 100 g";"2025-12-08";189.0
"1155433396";"Heilemann mléčná čokoláda dárková sada Oldtimer 100 g";"Heilemann";"Heureka.cz|Jídlo a nápoje|Sladkosti|Čokoládové figurky|Heilemann mléčná čokoláda dárková sada Oldtimer 100 g";"2025-12-08";220.0
"1164716774";"The Chocolate Čoko pastelky mléčné motiv zvířátka 100 g";"Severka";"Heureka.cz|Jídlo a nápoje|Sladkosti|Čokoládové figurky|The Chocolate Čoko pastelky mléčné motiv zvířátka 100 g";"2025-10-23";83.0
"1164716774";"The Chocolate Čoko pastelky mléčné motiv zvířátka 100 g";"Severka";"Heureka.cz|Jídlo a nápoje|Sladkosti|Čokoládové figurky|The Chocolate Čoko pastelky mléčné motiv zvířátka 100 g";"2025-10-23";98.0
"1164716774";"The Chocolate Čoko pastelky mléčné motiv zvířátka 100 g";"Severka";"Heureka.cz|Jídlo a nápoje|Sladkosti|Čokoládové figurky|The Chocolate Čoko pastelky mléčné motiv zvířátka 100 g";"2025-10-23";98.0
"1164716774";"The Chocolate Čoko pastelky mléčné motiv zvířátka 100 g";"Severka";"Heureka.cz|Jídlo a nápoje|Sladkosti|Čokoládové figurky|The Chocolate Čoko pastelky mléčné motiv zvířátka 100 g";"2025-10-23";108.0
"1164716774";"The Chocolate Čoko pastelky mléčné motiv zvířátka 100 g";"Severka";"Heureka.cz|Jídlo a nápoje|Sladkosti|Čokoládové figurky|The Chocolate Čoko pastelky mléčné motiv zvířátka 100 g";"2025-10-23";120.0
"1164716774";"The Chocolate Čoko pastelky mléčné motiv zvířátka 100 g";"Severka";"Heureka.cz|Jídlo a nápoje|Sladkosti|Čokoládové figurky|The Chocolate Čoko pastelky mléčné motiv zvířátka 100 g";"2025-10-23";134.0
"1164716774";"The Chocolate Čoko pastelky mléčné motiv zvířátka 100 g";"Severka";"Heureka.cz|Jídlo a nápoje|Sladkosti|Čokoládové figurky|The Chocolate Čoko pastelky mléčné motiv zvířátka 100 g";"2025-11-05";83.0
"1164716774";"The Chocolate Čoko pastelky mléčné motiv zvířátka 100 g";"Severka";"Heureka.cz|Jídlo a nápoje|Sladkosti|Čokoládové figurky|The Chocolate Čoko pastelky mléčné motiv zvířátka 100 g";"2025-11-05";98.0
"1164716774";"The Chocolate Čoko pastelky mléčné motiv zvířátka 100 g";"Severka";"Heureka.cz|Jídlo a nápoje|Sladkosti|Čokoládové figurky|The Chocolate Čoko pastelky mléčné motiv zvířátka 100 g";"2025-11-05";98.0
"1164716774";"The Chocolate Čoko pastelky mléčné motiv zvířátka 100 g";"Severka";"Heureka.cz|Jídlo a nápoje|Sladkosti|Čokoládové figurky|The Chocolate Čoko pastelky mléčné motiv zvířátka 100 g";"2025-11-05";120.0
"1164716774";"The Chocolate Čoko pastelky mléčné motiv zvířátka 100 g";"Severka";"Heureka.cz|Jídlo a nápoje|Sladkosti|Čokoládové figurky|The Chocolate Čoko pastelky mléčné motiv zvířátka 100 g";"2025-11-05";134.0
"1164716774";"The Chocolate Čoko pastelky mléčné motiv zvířátka 100 g";"Severka";"Heureka.cz|Jídlo a nápoje|Sladkosti|Čokoládové figurky|The Chocolate Čoko pastelky mléčné motiv zvířátka 100 g";"2025-11-06";114.0
"1164716774";"The Chocolate Čoko pastelky mléčné motiv zvířátka 100 g";"Severka";"Heureka.cz|Jídlo a nápoje|Sladkosti|Čokoládové figurky|The Chocolate Čoko pastelky mléčné motiv zvířátka 100 g";"2025-11-06";83.0
"1164716774";"The Chocolate Čoko pastelky mléčné motiv zvířátka 100 g";"Severka";"Heureka.cz|Jídlo a nápoje|Sladkosti|Čokoládové figurky|The Chocolate Čoko pastelky mléčné motiv zvířátka 100 g";"2025-11-06";98.0
"1164716774";"The Chocolate Čoko pastelky mléčné motiv zvířátka 100 g";"Severka";"Heureka.cz|Jídlo a nápoje|Sladkosti|Čokoládové figurky|The Chocolate Čoko pastelky mléčné motiv zvířátka 100 g";"2025-11-06";100.0
"1164716774";"The Chocolate Čoko pastelky mléčné motiv zvířátka 100 g";"Severka";"Heureka.cz|Jídlo a nápoje|Sladkosti|Čokoládové figurky|The Chocolate Čoko pastelky mléčné motiv zvířátka 100 g";"2025-11-06";120.0
"1164716774";"The Chocolate Čoko pastelky mléčné motiv zvířátka 100 g";"Severka";"Heureka.cz|Jídlo a nápoje|Sladkosti|Čokoládové figurky|The Chocolate Čoko pastelky mléčné motiv zvířátka 100 g";"2025-11-07";114.0
"1164716774";"The Chocolate Čoko pastelky mléčné motiv zvířátka 100 g";"Severka";"Heureka.cz|Jídlo a nápoje|Sladkosti|Čokoládové figurky|The Chocolate Čoko pastelky mléčné motiv zvířátka 100 g";"2025-11-07";83.0
"1164716774";"The Chocolate Čoko pastelky mléčné motiv zvířátka 100 g";"Severka";"Heureka.cz|Jídlo a nápoje|Sladkosti|Čokoládové figurky|The Chocolate Čoko pastelky mléčné motiv zvířátka 100 g";"2025-11-07";98.0
"1164716774";"The Chocolate Čoko pastelky mléčné motiv zvířátka 100 g";"Severka";"Heureka.cz|Jídlo a nápoje|Sladkosti|Čokoládové figurky|The Chocolate Čoko pastelky mléčné motiv zvířátka 100 g";"2025-11-07";98.0
"1164716774";"The Chocolate Čoko pastelky mléčné motiv zvířátka 100 g";"Severka";"Heureka.cz|Jídlo a nápoje|Sladkosti|Čokoládové figurky|The Chocolate Čoko pastelky mléčné motiv zvířátka 100 g";"2025-11-07";120.0
"1164716774";"The Chocolate Čoko pastelky mléčné motiv zvířátka 100 g";"Severka";"Heureka.cz|Jídlo a nápoje|Sladkosti|Čokoládové figurky|The Chocolate Čoko pastelky mléčné motiv zvířátka 100 g";"2025-11-08";114.0
"1164716774";"The Chocolate Čoko pastelky mléčné motiv zvířátka 100 g";"Severka";"Heureka.cz|Jídlo a nápoje|Sladkosti|Čokoládové figurky|The Chocolate Čoko pastelky mléčné motiv zvířátka 100 g";"2025-11-08";83.0
"1164716774";"The Chocolate Čoko pastelky mléčné motiv zvířátka 100 g";"Severka";"Heureka.cz|Jídlo a nápoje|Sladkosti|Čokoládové figurky|The Chocolate Čoko pastelky mléčné motiv zvířátka 100 g";"2025-11-08";100.0
"1164716774";"The Chocolate Čoko pastelky mléčné motiv zvířátka 100 g";"Severka";"Heureka.cz|Jídlo a nápoje|Sladkosti|Čokoládové figurky|The Chocolate Čoko pastelky mléčné motiv zvířátka 100 g";"2025-11-08";120.0
"1164716774";"The Chocolate Čoko pastelky mléčné motiv zvířátka 100 g";"Severka";"Heureka.cz|Jídlo a nápoje|Sladkosti|Čokoládové figurky|The Chocolate Čoko pastelky mléčné motiv zvířátka 100 g";"2025-11-09";114.0
"1164716774";"The Chocolate Čoko pastelky mléčné motiv zvířátka 100 g";"Severka";"Heureka.cz|Jídlo a nápoje|Sladkosti|Čokoládové figurky|The Chocolate Čoko pastelky mléčné motiv zvířátka 100 g";"2025-11-09";83.0
"1164716774";"The Chocolate Čoko pastelky mléčné motiv zvířátka 100 g";"Severka";"Heureka.cz|Jídlo a nápoje|Sladkosti|Čokoládové figurky|The Chocolate Čoko pastelky mléčné motiv zvířátka 100 g";"2025-11-09";98.0
"1164716774";"The Chocolate Čoko pastelky mléčné motiv zvířátka 100 g";"Severka";"Heureka.cz|Jídlo a nápoje|Sladkosti|Čokoládové figurky|The Chocolate Čoko pastelky mléčné motiv zvířátka 100 g";"2025-11-09";120.0
"1164716774";"The Chocolate Čoko pastelky mléčné motiv zvířátka 100 g";"Severka";"Heureka.cz|Jídlo a nápoje|Sladkosti|Čokoládové figurky|The Chocolate Čoko pastelky mléčné motiv zvířátka 100 g";"2025-11-10";114.0
"1164716774";"The Chocolate Čoko pastelky mléčné motiv zvířátka 100 g";"Severka";"Heureka.cz|Jídlo a nápoje|Sladkosti|Čokoládové figurky|The Chocolate Čoko pastelky mléčné motiv zvířátka 100 g";"2025-11-10";100.0
"1164716774";"The Chocolate Čoko pastelky mléčné motiv zvířátka 100 g";"Severka";"Heureka.cz|Jídlo a nápoje|Sladkosti|Čokoládové figurky|The Chocolate Čoko pastelky mléčné motiv zvířátka 100 g";"2025-11-10";120.0
"1164716774";"The Chocolate Čoko pastelky mléčné motiv zvířátka 100 g";"Severka";"Heureka.cz|Jídlo a nápoje|Sladkosti|Čokoládové figurky|The Chocolate Čoko pastelky mléčné motiv zvířátka 100 g";"2025-11-11";114.0
"1164716774";"The Chocolate Čoko pastelky mléčné motiv zvířátka 100 g";"Severka";"Heureka.cz|Jídlo a nápoje|Sladkosti|Čokoládové figurky|The Chocolate Čoko pastelky mléčné motiv zvířátka 100 g";"2025-11-11";83.0
"1164716774";"The Chocolate Čoko pastelky mléčné motiv zvířátka 100 g";"Severka";"Heureka.cz|Jídlo a nápoje|Sladkosti|Čokoládové figurky|The Chocolate Čoko pastelky mléčné motiv zvířátka 100 g";"2025-11-11";98.0
"1164716774";"The Chocolate Čoko pastelky mléčné motiv zvířátka 100 g";"Severka";"Heureka.cz|Jídlo a nápoje|Sladkosti|Čokoládové figurky|The Chocolate Čoko pastelky mléčné motiv zvířátka 100 g";"2025-11-11";100.0
"1164716774";"The Chocolate Čoko pastelky mléčné motiv zvířátka 100 g";"Severka";"Heureka.cz|Jídlo a nápoje|Sladkosti|Čokoládové figurky|The Chocolate Čoko pastelky mléčné motiv zvířátka 100 g";"2025-11-11";120.0
"1164716774";"The Chocolate Čoko pastelky mléčné motiv zvířátka 100 g";"Severka";"Heureka.cz|Jídlo a nápoje|Sladkosti|Čokoládové figurky|The Chocolate Čoko pastelky mléčné motiv zvířátka 100 g";"2025-11-12";114.0
"1164716774";"The Chocolate Čoko pastelky mléčné motiv zvířátka 100 g";"Severka";"Heureka.cz|Jídlo a nápoje|Sladkosti|Čokoládové figurky|The Chocolate Čoko pastelky mléčné motiv zvířátka 100 g";"2025-11-12";83.0
"1164716774";"The Chocolate Čoko pastelky mléčné motiv zvířátka 100 g";"Severka";"Heureka.cz|Jídlo a nápoje|Sladkosti|Čokoládové figurky|The Chocolate Čoko pastelky mléčné motiv zvířátka 100 g";"2025-11-12";98.0
"1164716774";"The Chocolate Čoko pastelky mléčné motiv zvířátka 100 g";"Severka";"Heureka.cz|Jídlo a nápoje|Sladkosti|Čokoládové figurky|The Chocolate Čoko pastelky mléčné motiv zvířátka 100 g";"2025-11-12";100.0
"1164716774";"The Chocolate Čoko pastelky mléčné motiv zvířátka 100 g";"Severka";"Heureka.cz|Jídlo a nápoje|Sladkosti|Čokoládové figurky|The Chocolate Čoko pastelky mléčné motiv zvířátka 100 g";"2025-11-12";120.0
"1164716774";"The Chocolate Čoko pastelky mléčné motiv zvířátka 100 g";"Severka";"Heureka.cz|Jídlo a nápoje|Sladkosti|Čokoládové figurky|The Chocolate Čoko pastelky mléčné motiv zvířátka 100 g";"2025-11-13";114.0
"1164716774";"The Chocolate Čoko pastelky mléčné motiv zvířátka 100 g";"Severka";"Heureka.cz|Jídlo a nápoje|Sladkosti|Čokoládové figurky|The Chocolate Čoko pastelky mléčné motiv zvířátka 100 g";"2025-11-13";83.0
"1164716774";"The Chocolate Čoko pastelky mléčné motiv zvířátka 100 g";"Severka";"Heureka.cz|Jídlo a nápoje|Sladkosti|Čokoládové figurky|The Chocolate Čoko pastelky mléčné motiv zvířátka 100 g";"2025-11-13";98.0
"1164716774";"The Chocolate Čoko pastelky mléčné motiv zvířátka 100 g";"Severka";"Heureka.cz|Jídlo a nápoje|Sladkosti|Čokoládové figurky|The Chocolate Čoko pastelky mléčné motiv zvířátka 100 g";"2025-11-13";98.0
"1164716774";"The Chocolate Čoko pastelky mléčné motiv zvířátka 100 g";"Severka";"Heureka.cz|Jídlo a nápoje|Sladkosti|Čokoládové figurky|The Chocolate Čoko pastelky mléčné motiv zvířátka 100 g";"2025-11-13";120.0
"1164716774";"The Chocolate Čoko pastelky mléčné motiv zvířátka 100 g";"Severka";"Heureka.cz|Jídlo a nápoje|Sladkosti|Čokoládové figurky|The Chocolate Čoko pastelky mléčné motiv zvířátka 100 g";"2025-11-14";114.0
"1164716774";"The Chocolate Čoko pastelky mléčné motiv zvířátka 100 g";"Severka";"Heureka.cz|Jídlo a nápoje|Sladkosti|Čokoládové figurky|The Chocolate Čoko pastelky mléčné motiv zvířátka 100 g";"2025-11-14";83.0
"1164716774";"The Chocolate Čoko pastelky mléčné motiv zvířátka 100 g";"Severka";"Heureka.cz|Jídlo a nápoje|Sladkosti|Čokoládové figurky|The Chocolate Čoko pastelky mléčné motiv zvířátka 100 g";"2025-11-14";98.0
"1164716774";"The Chocolate Čoko pastelky mléčné motiv zvířátka 100 g";"Severka";"Heureka.cz|Jídlo a nápoje|Sladkosti|Čokoládové figurky|The Chocolate Čoko pastelky mléčné motiv zvířátka 100 g";"2025-11-14";98.0
"1164716774";"The Chocolate Čoko pastelky mléčné motiv zvířátka 100 g";"Severka";"Heureka.cz|Jídlo a nápoje|Sladkosti|Čokoládové figurky|The Chocolate Čoko pastelky mléčné motiv zvířátka 100 g";"2025-11-14";120.0
"1164716774";"The Chocolate Čoko pastelky mléčné motiv zvířátka 100 g";"Severka";"Heureka.cz|Jídlo a nápoje|Sladkosti|Čokoládové figurky|The Chocolate Čoko pastelky mléčné motiv zvířátka 100 g";"2025-11-15";114.0
"1164716774";"The Chocolate Čoko pastelky mléčné motiv zvířátka 100 g";"Severka";"Heureka.cz|Jídlo a nápoje|Sladkosti|Čokoládové figurky|The Chocolate Čoko pastelky mléčné motiv zvířátka 100 g";"2025-11-15";83.0
"1164716774";"The Chocolate Čoko pastelky mléčné motiv zvířátka 100 g";"Severka";"Heureka.cz|Jídlo a nápoje|Sladkosti|Čokoládové figurky|The Chocolate Čoko pastelky mléčné motiv zvířátka 100 g";"2025-11-15";98.0
"1164716774";"The Chocolate Čoko pastelky mléčné motiv zvířátka 100 g";"Severka";"Heureka.cz|Jídlo a nápoje|Sladkosti|Čokoládové figurky|The Chocolate Čoko pastelky mléčné motiv zvířátka 100 g";"2025-11-15";98.0
"1164716774";"The Chocolate Čoko pastelky mléčné motiv zvířátka 100 g";"Severka";"Heureka.cz|Jídlo a nápoje|Sladkosti|Čokoládové figurky|The Chocolate Čoko pastelky mléčné motiv zvířátka 100 g";"2025-11-15";120.0
"1164716774";"The Chocolate Čoko pastelky mléčné motiv zvířátka 100 g";"Severka";"Heureka.cz|Jídlo a nápoje|Sladkosti|Čokoládové figurky|The Chocolate Čoko pastelky mléčné motiv zvířátka 100 g";"2025-11-16";114.0
"1164716774";"The Chocolate Čoko pastelky mléčné motiv zvířátka 100 g";"Severka";"Heureka.cz|Jídlo a nápoje|Sladkosti|Čokoládové figurky|The Chocolate Čoko pastelky mléčné motiv zvířátka 100 g";"2025-11-16";83.0
"1164716774";"The Chocolate Čoko pastelky mléčné motiv zvířátka 100 g";"Severka";"Heureka.cz|Jídlo a nápoje|Sladkosti|Čokoládové figurky|The Chocolate Čoko pastelky mléčné motiv zvířátka 100 g";"2025-11-16";98.0
"1164716774";"The Chocolate Čoko pastelky mléčné motiv zvířátka 100 g";"Severka";"Heureka.cz|Jídlo a nápoje|Sladkosti|Čokoládové figurky|The Chocolate Čoko pastelky mléčné motiv zvířátka 100 g";"2025-11-16";98.0
"1164716774";"The Chocolate Čoko pastelky mléčné motiv zvířátka 100 g";"Severka";"Heureka.cz|Jídlo a nápoje|Sladkosti|Čokoládové figurky|The Chocolate Čoko pastelky mléčné motiv zvířátka 100 g";"2025-11-16";120.0
"1164716774";"The Chocolate Čoko pastelky mléčné motiv zvířátka 100 g";"Severka";"Heureka.cz|Jídlo a nápoje|Sladkosti|Čokoládové figurky|The Chocolate Čoko pastelky mléčné motiv zvířátka 100 g";"2025-11-17";114.0
"1164716774";"The Chocolate Čoko pastelky mléčné motiv zvířátka 100 g";"Severka";"Heureka.cz|Jídlo a nápoje|Sladkosti|Čokoládové figurky|The Chocolate Čoko pastelky mléčné motiv zvířátka 100 g";"2025-11-17";83.0
"1164716774";"The Chocolate Čoko pastelky mléčné motiv zvířátka 100 g";"Severka";"Heureka.cz|Jídlo a nápoje|Sladkosti|Čokoládové figurky|The Chocolate Čoko pastelky mléčné motiv zvířátka 100 g";"2025-11-17";98.0
"1164716774";"The Chocolate Čoko pastelky mléčné motiv zvířátka 100 g";"Severka";"Heureka.cz|Jídlo a nápoje|Sladkosti|Čokoládové figurky|The Chocolate Čoko pastelky mléčné motiv zvířátka 100 g";"2025-11-17";98.0
"1164716774";"The Chocolate Čoko pastelky mléčné motiv zvířátka 100 g";"Severka";"Heureka.cz|Jídlo a nápoje|Sladkosti|Čokoládové figurky|The Chocolate Čoko pastelky mléčné motiv zvířátka 100 g";"2025-11-17";120.0
"1164716774";"The Chocolate Čoko pastelky mléčné motiv zvířátka 100 g";"Severka";"Heureka.cz|Jídlo a nápoje|Sladkosti|Čokoládové figurky|The Chocolate Čoko pastelky mléčné motiv zvířátka 100 g";"2025-11-18";114.0
"1164716774";"The Chocolate Čoko pastelky mléčné motiv zvířátka 100 g";"Severka";"Heureka.cz|Jídlo a nápoje|Sladkosti|Čokoládové figurky|The Chocolate Čoko pastelky mléčné motiv zvířátka 100 g";"2025-11-18";83.0
"1164716774";"The Chocolate Čoko pastelky mléčné motiv zvířátka 100 g";"Severka";"Heureka.cz|Jídlo a nápoje|Sladkosti|Čokoládové figurky|The Chocolate Čoko pastelky mléčné motiv zvířátka 100 g";"2025-11-18";98.0
"1164716774";"The Chocolate Čoko pastelky mléčné motiv zvířátka 100 g";"Severka";"Heureka.cz|Jídlo a nápoje|Sladkosti|Čokoládové figurky|The Chocolate Čoko pastelky mléčné motiv zvířátka 100 g";"2025-11-18";98.0
"1164716774";"The Chocolate Čoko pastelky mléčné motiv zvířátka 100 g";"Severka";"Heureka.cz|Jídlo a nápoje|Sladkosti|Čokoládové figurky|The Chocolate Čoko pastelky mléčné motiv zvířátka 100 g";"2025-11-18";120.0
"1164716774";"The Chocolate Čoko pastelky mléčné motiv zvířátka 100 g";"Severka";"Heureka.cz|Jídlo a nápoje|Sladkosti|Čokoládové figurky|The Chocolate Čoko pastelky mléčné motiv zvířátka 100 g";"2025-11-19";114.0
"1164716774";"The Chocolate Čoko pastelky mléčné motiv zvířátka 100 g";"Severka";"Heureka.cz|Jídlo a nápoje|Sladkosti|Čokoládové figurky|The Chocolate Čoko pastelky mléčné motiv zvířátka 100 g";"2025-11-19";83.0
"1164716774";"The Chocolate Čoko pastelky mléčné motiv zvířátka 100 g";"Severka";"Heureka.cz|Jídlo a nápoje|Sladkosti|Čokoládové figurky|The Chocolate Čoko pastelky mléčné motiv zvířátka 100 g";"2025-11-19";98.0
"1164716774";"The Chocolate Čoko pastelky mléčné motiv zvířátka 100 g";"Severka";"Heureka.cz|Jídlo a nápoje|Sladkosti|Čokoládové figurky|The Chocolate Čoko pastelky mléčné motiv zvířátka 100 g";"2025-11-19";98.0
"1164716774";"The Chocolate Čoko pastelky mléčné motiv zvířátka 100 g";"Severka";"Heureka.cz|Jídlo a nápoje|Sladkosti|Čokoládové figurky|The Chocolate Čoko pastelky mléčné motiv zvířátka 100 g";"2025-11-19";120.0
"1164716774";"The Chocolate Čoko pastelky mléčné motiv zvířátka 100 g";"Severka";"Heureka.cz|Jídlo a nápoje|Sladkosti|Čokoládové figurky|The Chocolate Čoko pastelky mléčné motiv zvířátka 100 g";"2025-11-20";114.0
"1164716774";"The Chocolate Čoko pastelky mléčné motiv zvířátka 100 g";"Severka";"Heureka.cz|Jídlo a nápoje|Sladkosti|Čokoládové figurky|The Chocolate Čoko pastelky mléčné motiv zvířátka 100 g";"2025-11-20";83.0
"1164716774";"The Chocolate Čoko pastelky mléčné motiv zvířátka 100 g";"Severka";"Heureka.cz|Jídlo a nápoje|Sladkosti|Čokoládové figurky|The Chocolate Čoko pastelky mléčné motiv zvířátka 100 g";"2025-11-20";98.0
"1164716774";"The Chocolate Čoko pastelky mléčné motiv zvířátka 100 g";"Severka";"Heureka.cz|Jídlo a nápoje|Sladkosti|Čokoládové figurky|The Chocolate Čoko pastelky mléčné motiv zvířátka 100 g";"2025-11-20";98.0
"1164716774";"The Chocolate Čoko pastelky mléčné motiv zvířátka 100 g";"Severka";"Heureka.cz|Jídlo a nápoje|Sladkosti|Čokoládové figurky|The Chocolate Čoko pastelky mléčné motiv zvířátka 100 g";"2025-11-20";120.0
"1164716774";"The Chocolate Čoko pastelky mléčné motiv zvířátka 100 g";"Severka";"Heureka.cz|Jídlo a nápoje|Sladkosti|Čokoládové figurky|The Chocolate Čoko pastelky mléčné motiv zvířátka 100 g";"2025-11-21";83.0
"1164716774";"The Chocolate Čoko pastelky mléčné motiv zvířátka 100 g";"Severka";"Heureka.cz|Jídlo a nápoje|Sladkosti|Čokoládové figurky|The Chocolate Čoko pastelky mléčné motiv zvířátka 100 g";"2025-11-21";98.0
"1164716774";"The Chocolate Čoko pastelky mléčné motiv zvířátka 100 g";"Severka";"Heureka.cz|Jídlo a nápoje|Sladkosti|Čokoládové figurky|The Chocolate Čoko pastelky mléčné motiv zvířátka 100 g";"2025-11-21";98.0
"1164716774";"The Chocolate Čoko pastelky mléčné motiv zvířátka 100 g";"Severka";"Heureka.cz|Jídlo a nápoje|Sladkosti|Čokoládové figurky|The Chocolate Čoko pastelky mléčné motiv zvířátka 100 g";"2025-11-21";114.0
"1164716774";"The Chocolate Čoko pastelky mléčné motiv zvířátka 100 g";"Severka";"Heureka.cz|Jídlo a nápoje|Sladkosti|Čokoládové figurky|The Chocolate Čoko pastelky mléčné motiv zvířátka 100 g";"2025-11-21";120.0
"1164716774";"The Chocolate Čoko pastelky mléčné motiv zvířátka 100 g";"Severka";"Heureka.cz|Jídlo a nápoje|Sladkosti|Čokoládové figurky|The Chocolate Čoko pastelky mléčné motiv zvířátka 100 g";"2025-11-22";83.0
"1164716774";"The Chocolate Čoko pastelky mléčné motiv zvířátka 100 g";"Severka";"Heureka.cz|Jídlo a nápoje|Sladkosti|Čokoládové figurky|The Chocolate Čoko pastelky mléčné motiv zvířátka 100 g";"2025-11-22";98.0
"1164716774";"The Chocolate Čoko pastelky mléčné motiv zvířátka 100 g";"Severka";"Heureka.cz|Jídlo a nápoje|Sladkosti|Čokoládové figurky|The Chocolate Čoko pastelky mléčné motiv zvířátka 100 g";"2025-11-22";98.0
"1164716774";"The Chocolate Čoko pastelky mléčné motiv zvířátka 100 g";"Severka";"Heureka.cz|Jídlo a nápoje|Sladkosti|Čokoládové figurky|The Chocolate Čoko pastelky mléčné motiv zvířátka 100 g";"2025-11-22";114.0
"1164716774";"The Chocolate Čoko pastelky mléčné motiv zvířátka 100 g";"Severka";"Heureka.cz|Jídlo a nápoje|Sladkosti|Čokoládové figurky|The Chocolate Čoko pastelky mléčné motiv zvířátka 100 g";"2025-11-22";120.0
"1164716774";"The Chocolate Čoko pastelky mléčné motiv zvířátka 100 g";"Severka";"Heureka.cz|Jídlo a nápoje|Sladkosti|Čokoládové figurky|The Chocolate Čoko pastelky mléčné motiv zvířátka 100 g";"2025-11-23";83.0
"1164716774";"The Chocolate Čoko pastelky mléčné motiv zvířátka 100 g";"Severka";"Heureka.cz|Jídlo a nápoje|Sladkosti|Čokoládové figurky|The Chocolate Čoko pastelky mléčné motiv zvířátka 100 g";"2025-11-23";98.0
"1164716774";"The Chocolate Čoko pastelky mléčné motiv zvířátka 100 g";"Severka";"Heureka.cz|Jídlo a nápoje|Sladkosti|Čokoládové figurky|The Chocolate Čoko pastelky mléčné motiv zvířátka 100 g";"2025-11-23";98.0
"1164716774";"The Chocolate Čoko pastelky mléčné motiv zvířátka 100 g";"Severka";"Heureka.cz|Jídlo a nápoje|Sladkosti|Čokoládové figurky|The Chocolate Čoko pastelky mléčné motiv zvířátka 100 g";"2025-11-23";114.0
"1164716774";"The Chocolate Čoko pastelky mléčné motiv zvířátka 100 g";"Severka";"Heureka.cz|Jídlo a nápoje|Sladkosti|Čokoládové figurky|The Chocolate Čoko pastelky mléčné motiv zvířátka 100 g";"2025-11-23";120.0
"1164716774";"The Chocolate Čoko pastelky mléčné motiv zvířátka 100 g";"Severka";"Heureka.cz|Jídlo a nápoje|Sladkosti|Čokoládové figurky|The Chocolate Čoko pastelky mléčné motiv zvířátka 100 g";"2025-11-24";83.0
"1164716774";"The Chocolate Čoko pastelky mléčné motiv zvířátka 100 g";"Severka";"Heureka.cz|Jídlo a nápoje|Sladkosti|Čokoládové figurky|The Chocolate Čoko pastelky mléčné motiv zvířátka 100 g";"2025-11-24";98.0
"1164716774";"The Chocolate Čoko pastelky mléčné motiv zvířátka 100 g";"Severka";"Heureka.cz|Jídlo a nápoje|Sladkosti|Čokoládové figurky|The Chocolate Čoko pastelky mléčné motiv zvířátka 100 g";"2025-11-24";98.0
"1164716774";"The Chocolate Čoko pastelky mléčné motiv zvířátka 100 g";"Severka";"Heureka.cz|Jídlo a nápoje|Sladkosti|Čokoládové figurky|The Chocolate Čoko pastelky mléčné motiv zvířátka 100 g";"2025-11-24";114.0
"1164716774";"The Chocolate Čoko pastelky mléčné motiv zvířátka 100 g";"Severka";"Heureka.cz|Jídlo a nápoje|Sladkosti|Čokoládové figurky|The Chocolate Čoko pastelky mléčné motiv zvířátka 100 g";"2025-11-24";120.0
"1164716774";"The Chocolate Čoko pastelky mléčné motiv zvířátka 100 g";"Severka";"Heureka.cz|Jídlo a nápoje|Sladkosti|Čokoládové figurky|The Chocolate Čoko pastelky mléčné motiv zvířátka 100 g";"2025-11-25";83.0
"1164716774";"The Chocolate Čoko pastelky mléčné motiv zvířátka 100 g";"Severka";"Heureka.cz|Jídlo a nápoje|Sladkosti|Čokoládové figurky|The Chocolate Čoko pastelky mléčné motiv zvířátka 100 g";"2025-11-25";98.0
"1164716774";"The Chocolate Čoko pastelky mléčné motiv zvířátka 100 g";"Severka";"Heureka.cz|Jídlo a nápoje|Sladkosti|Čokoládové figurky|The Chocolate Čoko pastelky mléčné motiv zvířátka 100 g";"2025-11-25";98.0
"1164716774";"The Chocolate Čoko pastelky mléčné motiv zvířátka 100 g";"Severka";"Heureka.cz|Jídlo a nápoje|Sladkosti|Čokoládové figurky|The Chocolate Čoko pastelky mléčné motiv zvířátka 100 g";"2025-11-25";114.0
"1164716774";"The Chocolate Čoko pastelky mléčné motiv zvířátka 100 g";"Severka";"Heureka.cz|Jídlo a nápoje|Sladkosti|Čokoládové figurky|The Chocolate Čoko pastelky mléčné motiv zvířátka 100 g";"2025-11-25";120.0
"1164716774";"The Chocolate Čoko pastelky mléčné motiv zvířátka 100 g";"Severka";"Heureka.cz|Jídlo a nápoje|Sladkosti|Čokoládové figurky|The Chocolate Čoko pastelky mléčné motiv zvířátka 100 g";"2025-11-26";83.0
"1164716774";"The Chocolate Čoko pastelky mléčné motiv zvířátka 100 g";"Severka";"Heureka.cz|Jídlo a nápoje|Sladkosti|Čokoládové figurky|The Chocolate Čoko pastelky mléčné motiv zvířátka 100 g";"2025-11-26";98.0
"1164716774";"The Chocolate Čoko pastelky mléčné motiv zvířátka 100 g";"Severka";"Heureka.cz|Jídlo a nápoje|Sladkosti|Čokoládové figurky|The Chocolate Čoko pastelky mléčné motiv zvířátka 100 g";"2025-11-26";98.0
"1164716774";"The Chocolate Čoko pastelky mléčné motiv zvířátka 100 g";"Severka";"Heureka.cz|Jídlo a nápoje|Sladkosti|Čokoládové figurky|The Chocolate Čoko pastelky mléčné motiv zvířátka 100 g";"2025-11-26";113.0
"1164716774";"The Chocolate Čoko pastelky mléčné motiv zvířátka 100 g";"Severka";"Heureka.cz|Jídlo a nápoje|Sladkosti|Čokoládové figurky|The Chocolate Čoko pastelky mléčné motiv zvířátka 100 g";"2025-11-26";120.0
"1164716774";"The Chocolate Čoko pastelky mléčné motiv zvířátka 100 g";"Severka";"Heureka.cz|Jídlo a nápoje|Sladkosti|Čokoládové figurky|The Chocolate Čoko pastelky mléčné motiv zvířátka 100 g";"2025-11-27";83.0
"1164716774";"The Chocolate Čoko pastelky mléčné motiv zvířátka 100 g";"Severka";"Heureka.cz|Jídlo a nápoje|Sladkosti|Čokoládové figurky|The Chocolate Čoko pastelky mléčné motiv zvířátka 100 g";"2025-11-27";98.0
"1164716774";"The Chocolate Čoko pastelky mléčné motiv zvířátka 100 g";"Severka";"Heureka.cz|Jídlo a nápoje|Sladkosti|Čokoládové figurky|The Chocolate Čoko pastelky mléčné motiv zvířátka 100 g";"2025-11-27";98.0
"1164716774";"The Chocolate Čoko pastelky mléčné motiv zvířátka 100 g";"Severka";"Heureka.cz|Jídlo a nápoje|Sladkosti|Čokoládové figurky|The Chocolate Čoko pastelky mléčné motiv zvířátka 100 g";"2025-11-27";113.0
"1164716774";"The Chocolate Čoko pastelky mléčné motiv zvířátka 100 g";"Severka";"Heureka.cz|Jídlo a nápoje|Sladkosti|Čokoládové figurky|The Chocolate Čoko pastelky mléčné motiv zvířátka 100 g";"2025-11-27";120.0
"1164716774";"The Chocolate Čoko pastelky mléčné motiv zvířátka 100 g";"Severka";"Heureka.cz|Jídlo a nápoje|Sladkosti|Čokoládové figurky|The Chocolate Čoko pastelky mléčné motiv zvířátka 100 g";"2025-11-28";83.0
"1164716774";"The Chocolate Čoko pastelky mléčné motiv zvířátka 100 g";"Severka";"Heureka.cz|Jídlo a nápoje|Sladkosti|Čokoládové figurky|The Chocolate Čoko pastelky mléčné motiv zvířátka 100 g";"2025-11-28";98.0
"1164716774";"The Chocolate Čoko pastelky mléčné motiv zvířátka 100 g";"Severka";"Heureka.cz|Jídlo a nápoje|Sladkosti|Čokoládové figurky|The Chocolate Čoko pastelky mléčné motiv zvířátka 100 g";"2025-11-28";98.0
"1164716774";"The Chocolate Čoko pastelky mléčné motiv zvířátka 100 g";"Severka";"Heureka.cz|Jídlo a nápoje|Sladkosti|Čokoládové figurky|The Chocolate Čoko pastelky mléčné motiv zvířátka 100 g";"2025-11-28";108.0
"1164716774";"The Chocolate Čoko pastelky mléčné motiv zvířátka 100 g";"Severka";"Heureka.cz|Jídlo a nápoje|Sladkosti|Čokoládové figurky|The Chocolate Čoko pastelky mléčné motiv zvířátka 100 g";"2025-11-28";113.0
"1164716774";"The Chocolate Čoko pastelky mléčné motiv zvířátka 100 g";"Severka";"Heureka.cz|Jídlo a nápoje|Sladkosti|Čokoládové figurky|The Chocolate Čoko pastelky mléčné motiv zvířátka 100 g";"2025-11-28";120.0
"1164716774";"The Chocolate Čoko pastelky mléčné motiv zvířátka 100 g";"Severka";"Heureka.cz|Jídlo a nápoje|Sladkosti|Čokoládové figurky|The Chocolate Čoko pastelky mléčné motiv zvířátka 100 g";"2025-11-29";83.0
"1164716774";"The Chocolate Čoko pastelky mléčné motiv zvířátka 100 g";"Severka";"Heureka.cz|Jídlo a nápoje|Sladkosti|Čokoládové figurky|The Chocolate Čoko pastelky mléčné motiv zvířátka 100 g";"2025-11-29";98.0
"1164716774";"The Chocolate Čoko pastelky mléčné motiv zvířátka 100 g";"Severka";"Heureka.cz|Jídlo a nápoje|Sladkosti|Čokoládové figurky|The Chocolate Čoko pastelky mléčné motiv zvířátka 100 g";"2025-11-29";98.0
"1164716774";"The Chocolate Čoko pastelky mléčné motiv zvířátka 100 g";"Severka";"Heureka.cz|Jídlo a nápoje|Sladkosti|Čokoládové figurky|The Chocolate Čoko pastelky mléčné motiv zvířátka 100 g";"2025-11-29";108.0
"1164716774";"The Chocolate Čoko pastelky mléčné motiv zvířátka 100 g";"Severka";"Heureka.cz|Jídlo a nápoje|Sladkosti|Čokoládové figurky|The Chocolate Čoko pastelky mléčné motiv zvířátka 100 g";"2025-11-29";113.0
"1164716774";"The Chocolate Čoko pastelky mléčné motiv zvířátka 100 g";"Severka";"Heureka.cz|Jídlo a nápoje|Sladkosti|Čokoládové figurky|The Chocolate Čoko pastelky mléčné motiv zvířátka 100 g";"2025-11-29";120.0
"1164716774";"The Chocolate Čoko pastelky mléčné motiv zvířátka 100 g";"Severka";"Heureka.cz|Jídlo a nápoje|Sladkosti|Čokoládové figurky|The Chocolate Čoko pastelky mléčné motiv zvířátka 100 g";"2025-11-30";83.0
"1164716774";"The Chocolate Čoko pastelky mléčné motiv zvířátka 100 g";"Severka";"Heureka.cz|Jídlo a nápoje|Sladkosti|Čokoládové figurky|The Chocolate Čoko pastelky mléčné motiv zvířátka 100 g";"2025-11-30";98.0
"1164716774";"The Chocolate Čoko pastelky mléčné motiv zvířátka 100 g";"Severka";"Heureka.cz|Jídlo a nápoje|Sladkosti|Čokoládové figurky|The Chocolate Čoko pastelky mléčné motiv zvířátka 100 g";"2025-11-30";98.0
"1164716774";"The Chocolate Čoko pastelky mléčné motiv zvířátka 100 g";"Severka";"Heureka.cz|Jídlo a nápoje|Sladkosti|Čokoládové figurky|The Chocolate Čoko pastelky mléčné motiv zvířátka 100 g";"2025-11-30";108.0
"1164716774";"The Chocolate Čoko pastelky mléčné motiv zvířátka 100 g";"Severka";"Heureka.cz|Jídlo a nápoje|Sladkosti|Čokoládové figurky|The Chocolate Čoko pastelky mléčné motiv zvířátka 100 g";"2025-11-30";113.0
"1164716774";"The Chocolate Čoko pastelky mléčné motiv zvířátka 100 g";"Severka";"Heureka.cz|Jídlo a nápoje|Sladkosti|Čokoládové figurky|The Chocolate Čoko pastelky mléčné motiv zvířátka 100 g";"2025-11-30";120.0
"1164716774";"The Chocolate Čoko pastelky mléčné motiv zvířátka 100 g";"Severka";"Heureka.cz|Jídlo a nápoje|Sladkosti|Čokoládové figurky|The Chocolate Čoko pastelky mléčné motiv zvířátka 100 g";"2025-12-01";98.0
"1164716774";"The Chocolate Čoko pastelky mléčné motiv zvířátka 100 g";"Severka";"Heureka.cz|Jídlo a nápoje|Sladkosti|Čokoládové figurky|The Chocolate Čoko pastelky mléčné motiv zvířátka 100 g";"2025-12-01";100.0
"1164716774";"The Chocolate Čoko pastelky mléčné motiv zvířátka 100 g";"Severka";"Heureka.cz|Jídlo a nápoje|Sladkosti|Čokoládové figurky|The Chocolate Čoko pastelky mléčné motiv zvířátka 100 g";"2025-12-01";108.0
"1164716774";"The Chocolate Čoko pastelky mléčné motiv zvířátka 100 g";"Severka";"Heureka.cz|Jídlo a nápoje|Sladkosti|Čokoládové figurky|The Chocolate Čoko pastelky mléčné motiv zvířátka 100 g";"2025-12-01";113.0
"1164716774";"The Chocolate Čoko pastelky mléčné motiv zvířátka 100 g";"Severka";"Heureka.cz|Jídlo a nápoje|Sladkosti|Čokoládové figurky|The Chocolate Čoko pastelky mléčné motiv zvířátka 100 g";"2025-12-01";120.0
"1164716774";"The Chocolate Čoko pastelky mléčné motiv zvířátka 100 g";"Severka";"Heureka.cz|Jídlo a nápoje|Sladkosti|Čokoládové figurky|The Chocolate Čoko pastelky mléčné motiv zvířátka 100 g";"2025-12-02";98.0
"1164716774";"The Chocolate Čoko pastelky mléčné motiv zvířátka 100 g";"Severka";"Heureka.cz|Jídlo a nápoje|Sladkosti|Čokoládové figurky|The Chocolate Čoko pastelky mléčné motiv zvířátka 100 g";"2025-12-02";98.0
"1164716774";"The Chocolate Čoko pastelky mléčné motiv zvířátka 100 g";"Severka";"Heureka.cz|Jídlo a nápoje|Sladkosti|Čokoládové figurky|The Chocolate Čoko pastelky mléčné motiv zvířátka 100 g";"2025-12-02";108.0
"1164716774";"The Chocolate Čoko pastelky mléčné motiv zvířátka 100 g";"Severka";"Heureka.cz|Jídlo a nápoje|Sladkosti|Čokoládové figurky|The Chocolate Čoko pastelky mléčné motiv zvířátka 100 g";"2025-12-02";113.0
"1164716774";"The Chocolate Čoko pastelky mléčné motiv zvířátka 100 g";"Severka";"Heureka.cz|Jídlo a nápoje|Sladkosti|Čokoládové figurky|The Chocolate Čoko pastelky mléčné motiv zvířátka 100 g";"2025-12-02";120.0
"1164716774";"The Chocolate Čoko pastelky mléčné motiv zvířátka 100 g";"Severka";"Heureka.cz|Jídlo a nápoje|Sladkosti|Čokoládové figurky|The Chocolate Čoko pastelky mléčné motiv zvířátka 100 g";"2025-12-03";98.0
"1164716774";"The Chocolate Čoko pastelky mléčné motiv zvířátka 100 g";"Severka";"Heureka.cz|Jídlo a nápoje|Sladkosti|Čokoládové figurky|The Chocolate Čoko pastelky mléčné motiv zvířátka 100 g";"2025-12-03";100.0
"1164716774";"The Chocolate Čoko pastelky mléčné motiv zvířátka 100 g";"Severka";"Heureka.cz|Jídlo a nápoje|Sladkosti|Čokoládové figurky|The Chocolate Čoko pastelky mléčné motiv zvířátka 100 g";"2025-12-03";108.0
"1164716774";"The Chocolate Čoko pastelky mléčné motiv zvířátka 100 g";"Severka";"Heureka.cz|Jídlo a nápoje|Sladkosti|Čokoládové figurky|The Chocolate Čoko pastelky mléčné motiv zvířátka 100 g";"2025-12-03";113.0
"1164716774";"The Chocolate Čoko pastelky mléčné motiv zvířátka 100 g";"Severka";"Heureka.cz|Jídlo a nápoje|Sladkosti|Čokoládové figurky|The Chocolate Čoko pastelky mléčné motiv zvířátka 100 g";"2025-12-03";120.0
"1164716774";"The Chocolate Čoko pastelky mléčné motiv zvířátka 100 g";"Severka";"Heureka.cz|Jídlo a nápoje|Sladkosti|Čokoládové figurky|The Chocolate Čoko pastelky mléčné motiv zvířátka 100 g";"2025-12-04";98.0
"1164716774";"The Chocolate Čoko pastelky mléčné motiv zvířátka 100 g";"Severka";"Heureka.cz|Jídlo a nápoje|Sladkosti|Čokoládové figurky|The Chocolate Čoko pastelky mléčné motiv zvířátka 100 g";"2025-12-04";100.0
"1164716774";"The Chocolate Čoko pastelky mléčné motiv zvířátka 100 g";"Severka";"Heureka.cz|Jídlo a nápoje|Sladkosti|Čokoládové figurky|The Chocolate Čoko pastelky mléčné motiv zvířátka 100 g";"2025-12-04";108.0
"1164716774";"The Chocolate Čoko pastelky mléčné motiv zvířátka 100 g";"Severka";"Heureka.cz|Jídlo a nápoje|Sladkosti|Čokoládové figurky|The Chocolate Čoko pastelky mléčné motiv zvířátka 100 g";"2025-12-04";114.0
"1164716774";"The Chocolate Čoko pastelky mléčné motiv zvířátka 100 g";"Severka";"Heureka.cz|Jídlo a nápoje|Sladkosti|Čokoládové figurky|The Chocolate Čoko pastelky mléčné motiv zvířátka 100 g";"2025-12-04";120.0
"1164716774";"The Chocolate Čoko pastelky mléčné motiv zvířátka 100 g";"Severka";"Heureka.cz|Jídlo a nápoje|Sladkosti|Čokoládové figurky|The Chocolate Čoko pastelky mléčné motiv zvířátka 100 g";"2025-12-05";83.0
"1164716774";"The Chocolate Čoko pastelky mléčné motiv zvířátka 100 g";"Severka";"Heureka.cz|Jídlo a nápoje|Sladkosti|Čokoládové figurky|The Chocolate Čoko pastelky mléčné motiv zvířátka 100 g";"2025-12-05";98.0
"1164716774";"The Chocolate Čoko pastelky mléčné motiv zvířátka 100 g";"Severka";"Heureka.cz|Jídlo a nápoje|Sladkosti|Čokoládové figurky|The Chocolate Čoko pastelky mléčné motiv zvířátka 100 g";"2025-12-05";100.0
"1164716774";"The Chocolate Čoko pastelky mléčné motiv zvířátka 100 g";"Severka";"Heureka.cz|Jídlo a nápoje|Sladkosti|Čokoládové figurky|The Chocolate Čoko pastelky mléčné motiv zvířátka 100 g";"2025-12-05";108.0
"1164716774";"The Chocolate Čoko pastelky mléčné motiv zvířátka 100 g";"Severka";"Heureka.cz|Jídlo a nápoje|Sladkosti|Čokoládové figurky|The Chocolate Čoko pastelky mléčné motiv zvířátka 100 g";"2025-12-05";113.0
"1164716774";"The Chocolate Čoko pastelky mléčné motiv zvířátka 100 g";"Severka";"Heureka.cz|Jídlo a nápoje|Sladkosti|Čokoládové figurky|The Chocolate Čoko pastelky mléčné motiv zvířátka 100 g";"2025-12-05";120.0
"1164716774";"The Chocolate Čoko pastelky mléčné motiv zvířátka 100 g";"Severka";"Heureka.cz|Jídlo a nápoje|Sladkosti|Čokoládové figurky|The Chocolate Čoko pastelky mléčné motiv zvířátka 100 g";"2025-12-06";83.0
"1164716774";"The Chocolate Čoko pastelky mléčné motiv zvířátka 100 g";"Severka";"Heureka.cz|Jídlo a nápoje|Sladkosti|Čokoládové figurky|The Chocolate Čoko pastelky mléčné motiv zvířátka 100 g";"2025-12-06";98.0
"1164716774";"The Chocolate Čoko pastelky mléčné motiv zvířátka 100 g";"Severka";"Heureka.cz|Jídlo a nápoje|Sladkosti|Čokoládové figurky|The Chocolate Čoko pastelky mléčné motiv zvířátka 100 g";"2025-12-06";100.0
"1164716774";"The Chocolate Čoko pastelky mléčné motiv zvířátka 100 g";"Severka";"Heureka.cz|Jídlo a nápoje|Sladkosti|Čokoládové figurky|The Chocolate Čoko pastelky mléčné motiv zvířátka 100 g";"2025-12-06";108.0
"1164716774";"The Chocolate Čoko pastelky mléčné motiv zvířátka 100 g";"Severka";"Heureka.cz|Jídlo a nápoje|Sladkosti|Čokoládové figurky|The Chocolate Čoko pastelky mléčné motiv zvířátka 100 g";"2025-12-06";113.0
"1164716774";"The Chocolate Čoko pastelky mléčné motiv zvířátka 100 g";"Severka";"Heureka.cz|Jídlo a nápoje|Sladkosti|Čokoládové figurky|The Chocolate Čoko pastelky mléčné motiv zvířátka 100 g";"2025-12-06";120.0
"1164716774";"The Chocolate Čoko pastelky mléčné motiv zvířátka 100 g";"Severka";"Heureka.cz|Jídlo a nápoje|Sladkosti|Čokoládové figurky|The Chocolate Čoko pastelky mléčné motiv zvířátka 100 g";"2025-12-07";83.0
"1164716774";"The Chocolate Čoko pastelky mléčné motiv zvířátka 100 g";"Severka";"Heureka.cz|Jídlo a nápoje|Sladkosti|Čokoládové figurky|The Chocolate Čoko pastelky mléčné motiv zvířátka 100 g";"2025-12-07";98.0
"1164716774";"The Chocolate Čoko pastelky mléčné motiv zvířátka 100 g";"Severka";"Heureka.cz|Jídlo a nápoje|Sladkosti|Čokoládové figurky|The Chocolate Čoko pastelky mléčné motiv zvířátka 100 g";"2025-12-07";98.0
"1164716774";"The Chocolate Čoko pastelky mléčné motiv zvířátka 100 g";"Severka";"Heureka.cz|Jídlo a nápoje|Sladkosti|Čokoládové figurky|The Chocolate Čoko pastelky mléčné motiv zvířátka 100 g";"2025-12-07";108.0
"1164716774";"The Chocolate Čoko pastelky mléčné motiv zvířátka 100 g";"Severka";"Heureka.cz|Jídlo a nápoje|Sladkosti|Čokoládové figurky|The Chocolate Čoko pastelky mléčné motiv zvířátka 100 g";"2025-12-07";113.0
"1164716774";"The Chocolate Čoko pastelky mléčné motiv zvířátka 100 g";"Severka";"Heureka.cz|Jídlo a nápoje|Sladkosti|Čokoládové figurky|The Chocolate Čoko pastelky mléčné motiv zvířátka 100 g";"2025-12-07";120.0
"1164716774";"The Chocolate Čoko pastelky mléčné motiv zvířátka 100 g";"Severka";"Heureka.cz|Jídlo a nápoje|Sladkosti|Čokoládové figurky|The Chocolate Čoko pastelky mléčné motiv zvířátka 100 g";"2025-12-08";83.0
"1164716774";"The Chocolate Čoko pastelky mléčné motiv zvířátka 100 g";"Severka";"Heureka.cz|Jídlo a nápoje|Sladkosti|Čokoládové figurky|The Chocolate Čoko pastelky mléčné motiv zvířátka 100 g";"2025-12-08";98.0
"1164716774";"The Chocolate Čoko pastelky mléčné motiv zvířátka 100 g";"Severka";"Heureka.cz|Jídlo a nápoje|Sladkosti|Čokoládové figurky|The Chocolate Čoko pastelky mléčné motiv zvířátka 100 g";"2025-12-08";98.0
"1164716774";"The Chocolate Čoko pastelky mléčné motiv zvířátka 100 g";"Severka";"Heureka.cz|Jídlo a nápoje|Sladkosti|Čokoládové figurky|The Chocolate Čoko pastelky mléčné motiv zvířátka 100 g";"2025-12-08";108.0
"1164716774";"The Chocolate Čoko pastelky mléčné motiv zvířátka 100 g";"Severka";"Heureka.cz|Jídlo a nápoje|Sladkosti|Čokoládové figurky|The Chocolate Čoko pastelky mléčné motiv zvířátka 100 g";"2025-12-08";113.0
"1164716774";"The Chocolate Čoko pastelky mléčné motiv zvířátka 100 g";"Severka";"Heureka.cz|Jídlo a nápoje|Sladkosti|Čokoládové figurky|The Chocolate Čoko pastelky mléčné motiv zvířátka 100 g";"2025-12-08";120.0
"1187933375";"Lindt mini sněhuláci 5 x 10 g";"Lindt";"Heureka.cz|Jídlo a nápoje|Sladkosti|Čokoládové figurky|Lindt mini sněhuláci 5 x 10 g";"2025-10-23";91.0
"1187933375";"Lindt mini sněhuláci 5 x 10 g";"Lindt";"Heureka.cz|Jídlo a nápoje|Sladkosti|Čokoládové figurky|Lindt mini sněhuláci 5 x 10 g";"2025-10-23";85.0
"1187933375";"Lindt mini sněhuláci 5 x 10 g";"Lindt";"Heureka.cz|Jídlo a nápoje|Sladkosti|Čokoládové figurky|Lindt mini sněhuláci 5 x 10 g";"2025-10-23";90.0
"1187933375";"Lindt mini sněhuláci 5 x 10 g";"Lindt";"Heureka.cz|Jídlo a nápoje|Sladkosti|Čokoládové figurky|Lindt mini sněhuláci 5 x 10 g";"2025-10-23";99.0
"1187933375";"Lindt mini sněhuláci 5 x 10 g";"Lindt";"Heureka.cz|Jídlo a nápoje|Sladkosti|Čokoládové figurky|Lindt mini sněhuláci 5 x 10 g";"2025-10-23";119.0
"1187933375";"Lindt mini sněhuláci 5 x 10 g";"Lindt";"Heureka.cz|Jídlo a nápoje|Sladkosti|Čokoládové figurky|Lindt mini sněhuláci 5 x 10 g";"2025-11-05";91.0
"1187933375";"Lindt mini sněhuláci 5 x 10 g";"Lindt";"Heureka.cz|Jídlo a nápoje|Sladkosti|Čokoládové figurky|Lindt mini sněhuláci 5 x 10 g";"2025-11-05";85.0
"1187933375";"Lindt mini sněhuláci 5 x 10 g";"Lindt";"Heureka.cz|Jídlo a nápoje|Sladkosti|Čokoládové figurky|Lindt mini sněhuláci 5 x 10 g";"2025-11-05";95.0
"1187933375";"Lindt mini sněhuláci 5 x 10 g";"Lindt";"Heureka.cz|Jídlo a nápoje|Sladkosti|Čokoládové figurky|Lindt mini sněhuláci 5 x 10 g";"2025-11-05";99.0
"1187933375";"Lindt mini sněhuláci 5 x 10 g";"Lindt";"Heureka.cz|Jídlo a nápoje|Sladkosti|Čokoládové figurky|Lindt mini sněhuláci 5 x 10 g";"2025-11-05";99.0
"1187933375";"Lindt mini sněhuláci 5 x 10 g";"Lindt";"Heureka.cz|Jídlo a nápoje|Sladkosti|Čokoládové figurky|Lindt mini sněhuláci 5 x 10 g";"2025-11-06";91.0
"1187933375";"Lindt mini sněhuláci 5 x 10 g";"Lindt";"Heureka.cz|Jídlo a nápoje|Sladkosti|Čokoládové figurky|Lindt mini sněhuláci 5 x 10 g";"2025-11-06";85.0
"1187933375";"Lindt mini sněhuláci 5 x 10 g";"Lindt";"Heureka.cz|Jídlo a nápoje|Sladkosti|Čokoládové figurky|Lindt mini sněhuláci 5 x 10 g";"2025-11-06";95.0
"1187933375";"Lindt mini sněhuláci 5 x 10 g";"Lindt";"Heureka.cz|Jídlo a nápoje|Sladkosti|Čokoládové figurky|Lindt mini sněhuláci 5 x 10 g";"2025-11-06";99.0
"1187933375";"Lindt mini sněhuláci 5 x 10 g";"Lindt";"Heureka.cz|Jídlo a nápoje|Sladkosti|Čokoládové figurky|Lindt mini sněhuláci 5 x 10 g";"2025-11-06";99.0
"1187933375";"Lindt mini sněhuláci 5 x 10 g";"Lindt";"Heureka.cz|Jídlo a nápoje|Sladkosti|Čokoládové figurky|Lindt mini sněhuláci 5 x 10 g";"2025-11-07";85.0
"1187933375";"Lindt mini sněhuláci 5 x 10 g";"Lindt";"Heureka.cz|Jídlo a nápoje|Sladkosti|Čokoládové figurky|Lindt mini sněhuláci 5 x 10 g";"2025-11-07";95.0
"1187933375";"Lindt mini sněhuláci 5 x 10 g";"Lindt";"Heureka.cz|Jídlo a nápoje|Sladkosti|Čokoládové figurky|Lindt mini sněhuláci 5 x 10 g";"2025-11-07";99.0
"1187933375";"Lindt mini sněhuláci 5 x 10 g";"Lindt";"Heureka.cz|Jídlo a nápoje|Sladkosti|Čokoládové figurky|Lindt mini sněhuláci 5 x 10 g";"2025-11-07";99.0
"1187933375";"Lindt mini sněhuláci 5 x 10 g";"Lindt";"Heureka.cz|Jídlo a nápoje|Sladkosti|Čokoládové figurky|Lindt mini sněhuláci 5 x 10 g";"2025-11-08";85.0
"1187933375";"Lindt mini sněhuláci 5 x 10 g";"Lindt";"Heureka.cz|Jídlo a nápoje|Sladkosti|Čokoládové figurky|Lindt mini sněhuláci 5 x 10 g";"2025-11-08";95.0
"1187933375";"Lindt mini sněhuláci 5 x 10 g";"Lindt";"Heureka.cz|Jídlo a nápoje|Sladkosti|Čokoládové figurky|Lindt mini sněhuláci 5 x 10 g";"2025-11-08";99.0
"1187933375";"Lindt mini sněhuláci 5 x 10 g";"Lindt";"Heureka.cz|Jídlo a nápoje|Sladkosti|Čokoládové figurky|Lindt mini sněhuláci 5 x 10 g";"2025-11-08";99.0
"1187933375";"Lindt mini sněhuláci 5 x 10 g";"Lindt";"Heureka.cz|Jídlo a nápoje|Sladkosti|Čokoládové figurky|Lindt mini sněhuláci 5 x 10 g";"2025-11-09";85.0
"1187933375";"Lindt mini sněhuláci 5 x 10 g";"Lindt";"Heureka.cz|Jídlo a nápoje|Sladkosti|Čokoládové figurky|Lindt mini sněhuláci 5 x 10 g";"2025-11-09";95.0
"1187933375";"Lindt mini sněhuláci 5 x 10 g";"Lindt";"Heureka.cz|Jídlo a nápoje|Sladkosti|Čokoládové figurky|Lindt mini sněhuláci 5 x 10 g";"2025-11-09";99.0
"1187933375";"Lindt mini sněhuláci 5 x 10 g";"Lindt";"Heureka.cz|Jídlo a nápoje|Sladkosti|Čokoládové figurky|Lindt mini sněhuláci 5 x 10 g";"2025-11-09";99.0
"1187933375";"Lindt mini sněhuláci 5 x 10 g";"Lindt";"Heureka.cz|Jídlo a nápoje|Sladkosti|Čokoládové figurky|Lindt mini sněhuláci 5 x 10 g";"2025-11-10";91.0
"1187933375";"Lindt mini sněhuláci 5 x 10 g";"Lindt";"Heureka.cz|Jídlo a nápoje|Sladkosti|Čokoládové figurky|Lindt mini sněhuláci 5 x 10 g";"2025-11-10";85.0
"1187933375";"Lindt mini sněhuláci 5 x 10 g";"Lindt";"Heureka.cz|Jídlo a nápoje|Sladkosti|Čokoládové figurky|Lindt mini sněhuláci 5 x 10 g";"2025-11-10";95.0
"1187933375";"Lindt mini sněhuláci 5 x 10 g";"Lindt";"Heureka.cz|Jídlo a nápoje|Sladkosti|Čokoládové figurky|Lindt mini sněhuláci 5 x 10 g";"2025-11-10";99.0
"1187933375";"Lindt mini sněhuláci 5 x 10 g";"Lindt";"Heureka.cz|Jídlo a nápoje|Sladkosti|Čokoládové figurky|Lindt mini sněhuláci 5 x 10 g";"2025-11-10";99.0
"1187933375";"Lindt mini sněhuláci 5 x 10 g";"Lindt";"Heureka.cz|Jídlo a nápoje|Sladkosti|Čokoládové figurky|Lindt mini sněhuláci 5 x 10 g";"2025-11-11";85.0
"1187933375";"Lindt mini sněhuláci 5 x 10 g";"Lindt";"Heureka.cz|Jídlo a nápoje|Sladkosti|Čokoládové figurky|Lindt mini sněhuláci 5 x 10 g";"2025-11-11";95.0
"1187933375";"Lindt mini sněhuláci 5 x 10 g";"Lindt";"Heureka.cz|Jídlo a nápoje|Sladkosti|Čokoládové figurky|Lindt mini sněhuláci 5 x 10 g";"2025-11-11";99.0
"1187933375";"Lindt mini sněhuláci 5 x 10 g";"Lindt";"Heureka.cz|Jídlo a nápoje|Sladkosti|Čokoládové figurky|Lindt mini sněhuláci 5 x 10 g";"2025-11-11";99.0
"1187933375";"Lindt mini sněhuláci 5 x 10 g";"Lindt";"Heureka.cz|Jídlo a nápoje|Sladkosti|Čokoládové figurky|Lindt mini sněhuláci 5 x 10 g";"2025-11-12";85.0
"1187933375";"Lindt mini sněhuláci 5 x 10 g";"Lindt";"Heureka.cz|Jídlo a nápoje|Sladkosti|Čokoládové figurky|Lindt mini sněhuláci 5 x 10 g";"2025-11-12";99.0
"1187933375";"Lindt mini sněhuláci 5 x 10 g";"Lindt";"Heureka.cz|Jídlo a nápoje|Sladkosti|Čokoládové figurky|Lindt mini sněhuláci 5 x 10 g";"2025-11-12";99.0
"1187933375";"Lindt mini sněhuláci 5 x 10 g";"Lindt";"Heureka.cz|Jídlo a nápoje|Sladkosti|Čokoládové figurky|Lindt mini sněhuláci 5 x 10 g";"2025-11-12";110.0
"1187933375";"Lindt mini sněhuláci 5 x 10 g";"Lindt";"Heureka.cz|Jídlo a nápoje|Sladkosti|Čokoládové figurky|Lindt mini sněhuláci 5 x 10 g";"2025-11-13";85.0
"1187933375";"Lindt mini sněhuláci 5 x 10 g";"Lindt";"Heureka.cz|Jídlo a nápoje|Sladkosti|Čokoládové figurky|Lindt mini sněhuláci 5 x 10 g";"2025-11-13";99.0
"1187933375";"Lindt mini sněhuláci 5 x 10 g";"Lindt";"Heureka.cz|Jídlo a nápoje|Sladkosti|Čokoládové figurky|Lindt mini sněhuláci 5 x 10 g";"2025-11-13";99.0
"1187933375";"Lindt mini sněhuláci 5 x 10 g";"Lindt";"Heureka.cz|Jídlo a nápoje|Sladkosti|Čokoládové figurky|Lindt mini sněhuláci 5 x 10 g";"2025-11-13";105.0
"1187933375";"Lindt mini sněhuláci 5 x 10 g";"Lindt";"Heureka.cz|Jídlo a nápoje|Sladkosti|Čokoládové figurky|Lindt mini sněhuláci 5 x 10 g";"2025-11-14";99.0
"1187933375";"Lindt mini sněhuláci 5 x 10 g";"Lindt";"Heureka.cz|Jídlo a nápoje|Sladkosti|Čokoládové figurky|Lindt mini sněhuláci 5 x 10 g";"2025-11-14";99.0
"1187933375";"Lindt mini sněhuláci 5 x 10 g";"Lindt";"Heureka.cz|Jídlo a nápoje|Sladkosti|Čokoládové figurky|Lindt mini sněhuláci 5 x 10 g";"2025-11-14";105.0
"1187933375";"Lindt mini sněhuláci 5 x 10 g";"Lindt";"Heureka.cz|Jídlo a nápoje|Sladkosti|Čokoládové figurky|Lindt mini sněhuláci 5 x 10 g";"2025-11-15";91.0
"1187933375";"Lindt mini sněhuláci 5 x 10 g";"Lindt";"Heureka.cz|Jídlo a nápoje|Sladkosti|Čokoládové figurky|Lindt mini sněhuláci 5 x 10 g";"2025-11-15";99.0
"1187933375";"Lindt mini sněhuláci 5 x 10 g";"Lindt";"Heureka.cz|Jídlo a nápoje|Sladkosti|Čokoládové figurky|Lindt mini sněhuláci 5 x 10 g";"2025-11-15";105.0
"1187933375";"Lindt mini sněhuláci 5 x 10 g";"Lindt";"Heureka.cz|Jídlo a nápoje|Sladkosti|Čokoládové figurky|Lindt mini sněhuláci 5 x 10 g";"2025-11-15";109.0
"1187933375";"Lindt mini sněhuláci 5 x 10 g";"Lindt";"Heureka.cz|Jídlo a nápoje|Sladkosti|Čokoládové figurky|Lindt mini sněhuláci 5 x 10 g";"2025-11-16";91.0
"1187933375";"Lindt mini sněhuláci 5 x 10 g";"Lindt";"Heureka.cz|Jídlo a nápoje|Sladkosti|Čokoládové figurky|Lindt mini sněhuláci 5 x 10 g";"2025-11-16";99.0
"1187933375";"Lindt mini sněhuláci 5 x 10 g";"Lindt";"Heureka.cz|Jídlo a nápoje|Sladkosti|Čokoládové figurky|Lindt mini sněhuláci 5 x 10 g";"2025-11-16";105.0
"1187933375";"Lindt mini sněhuláci 5 x 10 g";"Lindt";"Heureka.cz|Jídlo a nápoje|Sladkosti|Čokoládové figurky|Lindt mini sněhuláci 5 x 10 g";"2025-11-16";109.0
"1187933375";"Lindt mini sněhuláci 5 x 10 g";"Lindt";"Heureka.cz|Jídlo a nápoje|Sladkosti|Čokoládové figurky|Lindt mini sněhuláci 5 x 10 g";"2025-11-17";91.0
"1187933375";"Lindt mini sněhuláci 5 x 10 g";"Lindt";"Heureka.cz|Jídlo a nápoje|Sladkosti|Čokoládové figurky|Lindt mini sněhuláci 5 x 10 g";"2025-11-17";99.0
"1187933375";"Lindt mini sněhuláci 5 x 10 g";"Lindt";"Heureka.cz|Jídlo a nápoje|Sladkosti|Čokoládové figurky|Lindt mini sněhuláci 5 x 10 g";"2025-11-17";105.0
"1187933375";"Lindt mini sněhuláci 5 x 10 g";"Lindt";"Heureka.cz|Jídlo a nápoje|Sladkosti|Čokoládové figurky|Lindt mini sněhuláci 5 x 10 g";"2025-11-17";109.0
"1187933375";"Lindt mini sněhuláci 5 x 10 g";"Lindt";"Heureka.cz|Jídlo a nápoje|Sladkosti|Čokoládové figurky|Lindt mini sněhuláci 5 x 10 g";"2025-11-18";91.0
"1187933375";"Lindt mini sněhuláci 5 x 10 g";"Lindt";"Heureka.cz|Jídlo a nápoje|Sladkosti|Čokoládové figurky|Lindt mini sněhuláci 5 x 10 g";"2025-11-18";99.0
"1187933375";"Lindt mini sněhuláci 5 x 10 g";"Lindt";"Heureka.cz|Jídlo a nápoje|Sladkosti|Čokoládové figurky|Lindt mini sněhuláci 5 x 10 g";"2025-11-18";105.0
"1187933375";"Lindt mini sněhuláci 5 x 10 g";"Lindt";"Heureka.cz|Jídlo a nápoje|Sladkosti|Čokoládové figurky|Lindt mini sněhuláci 5 x 10 g";"2025-11-18";109.0
"1187933375";"Lindt mini sněhuláci 5 x 10 g";"Lindt";"Heureka.cz|Jídlo a nápoje|Sladkosti|Čokoládové figurky|Lindt mini sněhuláci 5 x 10 g";"2025-11-19";91.0
"1187933375";"Lindt mini sněhuláci 5 x 10 g";"Lindt";"Heureka.cz|Jídlo a nápoje|Sladkosti|Čokoládové figurky|Lindt mini sněhuláci 5 x 10 g";"2025-11-19";99.0
"1187933375";"Lindt mini sněhuláci 5 x 10 g";"Lindt";"Heureka.cz|Jídlo a nápoje|Sladkosti|Čokoládové figurky|Lindt mini sněhuláci 5 x 10 g";"2025-11-19";105.0
"1187933375";"Lindt mini sněhuláci 5 x 10 g";"Lindt";"Heureka.cz|Jídlo a nápoje|Sladkosti|Čokoládové figurky|Lindt mini sněhuláci 5 x 10 g";"2025-11-19";109.0
"1187933375";"Lindt mini sněhuláci 5 x 10 g";"Lindt";"Heureka.cz|Jídlo a nápoje|Sladkosti|Čokoládové figurky|Lindt mini sněhuláci 5 x 10 g";"2025-11-20";91.0
"1187933375";"Lindt mini sněhuláci 5 x 10 g";"Lindt";"Heureka.cz|Jídlo a nápoje|Sladkosti|Čokoládové figurky|Lindt mini sněhuláci 5 x 10 g";"2025-11-20";99.0
"1187933375";"Lindt mini sněhuláci 5 x 10 g";"Lindt";"Heureka.cz|Jídlo a nápoje|Sladkosti|Čokoládové figurky|Lindt mini sněhuláci 5 x 10 g";"2025-11-20";105.0
"1187933375";"Lindt mini sněhuláci 5 x 10 g";"Lindt";"Heureka.cz|Jídlo a nápoje|Sladkosti|Čokoládové figurky|Lindt mini sněhuláci 5 x 10 g";"2025-11-20";109.0
"1187933375";"Lindt mini sněhuláci 5 x 10 g";"Lindt";"Heureka.cz|Jídlo a nápoje|Sladkosti|Čokoládové figurky|Lindt mini sněhuláci 5 x 10 g";"2025-11-21";91.0
"1187933375";"Lindt mini sněhuláci 5 x 10 g";"Lindt";"Heureka.cz|Jídlo a nápoje|Sladkosti|Čokoládové figurky|Lindt mini sněhuláci 5 x 10 g";"2025-11-21";99.0
"1187933375";"Lindt mini sněhuláci 5 x 10 g";"Lindt";"Heureka.cz|Jídlo a nápoje|Sladkosti|Čokoládové figurky|Lindt mini sněhuláci 5 x 10 g";"2025-11-21";105.0
"1187933375";"Lindt mini sněhuláci 5 x 10 g";"Lindt";"Heureka.cz|Jídlo a nápoje|Sladkosti|Čokoládové figurky|Lindt mini sněhuláci 5 x 10 g";"2025-11-21";109.0
"1187933375";"Lindt mini sněhuláci 5 x 10 g";"Lindt";"Heureka.cz|Jídlo a nápoje|Sladkosti|Čokoládové figurky|Lindt mini sněhuláci 5 x 10 g";"2025-11-22";91.0
"1187933375";"Lindt mini sněhuláci 5 x 10 g";"Lindt";"Heureka.cz|Jídlo a nápoje|Sladkosti|Čokoládové figurky|Lindt mini sněhuláci 5 x 10 g";"2025-11-22";99.0
"1187933375";"Lindt mini sněhuláci 5 x 10 g";"Lindt";"Heureka.cz|Jídlo a nápoje|Sladkosti|Čokoládové figurky|Lindt mini sněhuláci 5 x 10 g";"2025-11-22";105.0
"1187933375";"Lindt mini sněhuláci 5 x 10 g";"Lindt";"Heureka.cz|Jídlo a nápoje|Sladkosti|Čokoládové figurky|Lindt mini sněhuláci 5 x 10 g";"2025-11-22";109.0
"1187933375";"Lindt mini sněhuláci 5 x 10 g";"Lindt";"Heureka.cz|Jídlo a nápoje|Sladkosti|Čokoládové figurky|Lindt mini sněhuláci 5 x 10 g";"2025-11-23";91.0
"1187933375";"Lindt mini sněhuláci 5 x 10 g";"Lindt";"Heureka.cz|Jídlo a nápoje|Sladkosti|Čokoládové figurky|Lindt mini sněhuláci 5 x 10 g";"2025-11-23";99.0
"1187933375";"Lindt mini sněhuláci 5 x 10 g";"Lindt";"Heureka.cz|Jídlo a nápoje|Sladkosti|Čokoládové figurky|Lindt mini sněhuláci 5 x 10 g";"2025-11-23";109.0
"1187933375";"Lindt mini sněhuláci 5 x 10 g";"Lindt";"Heureka.cz|Jídlo a nápoje|Sladkosti|Čokoládové figurky|Lindt mini sněhuláci 5 x 10 g";"2025-11-24";91.0
"1187933375";"Lindt mini sněhuláci 5 x 10 g";"Lindt";"Heureka.cz|Jídlo a nápoje|Sladkosti|Čokoládové figurky|Lindt mini sněhuláci 5 x 10 g";"2025-11-24";99.0
"1187933375";"Lindt mini sněhuláci 5 x 10 g";"Lindt";"Heureka.cz|Jídlo a nápoje|Sladkosti|Čokoládové figurky|Lindt mini sněhuláci 5 x 10 g";"2025-11-24";102.0
"1187933375";"Lindt mini sněhuláci 5 x 10 g";"Lindt";"Heureka.cz|Jídlo a nápoje|Sladkosti|Čokoládové figurky|Lindt mini sněhuláci 5 x 10 g";"2025-11-24";109.0
"1187933375";"Lindt mini sněhuláci 5 x 10 g";"Lindt";"Heureka.cz|Jídlo a nápoje|Sladkosti|Čokoládové figurky|Lindt mini sněhuláci 5 x 10 g";"2025-11-25";91.0
"1187933375";"Lindt mini sněhuláci 5 x 10 g";"Lindt";"Heureka.cz|Jídlo a nápoje|Sladkosti|Čokoládové figurky|Lindt mini sněhuláci 5 x 10 g";"2025-11-25";99.0
"1187933375";"Lindt mini sněhuláci 5 x 10 g";"Lindt";"Heureka.cz|Jídlo a nápoje|Sladkosti|Čokoládové figurky|Lindt mini sněhuláci 5 x 10 g";"2025-11-25";109.0
"1187933375";"Lindt mini sněhuláci 5 x 10 g";"Lindt";"Heureka.cz|Jídlo a nápoje|Sladkosti|Čokoládové figurky|Lindt mini sněhuláci 5 x 10 g";"2025-11-25";110.0
"1187933375";"Lindt mini sněhuláci 5 x 10 g";"Lindt";"Heureka.cz|Jídlo a nápoje|Sladkosti|Čokoládové figurky|Lindt mini sněhuláci 5 x 10 g";"2025-11-26";99.0
"1187933375";"Lindt mini sněhuláci 5 x 10 g";"Lindt";"Heureka.cz|Jídlo a nápoje|Sladkosti|Čokoládové figurky|Lindt mini sněhuláci 5 x 10 g";"2025-11-26";109.0
"1187933375";"Lindt mini sněhuláci 5 x 10 g";"Lindt";"Heureka.cz|Jídlo a nápoje|Sladkosti|Čokoládové figurky|Lindt mini sněhuláci 5 x 10 g";"2025-11-26";110.0
"1187933375";"Lindt mini sněhuláci 5 x 10 g";"Lindt";"Heureka.cz|Jídlo a nápoje|Sladkosti|Čokoládové figurky|Lindt mini sněhuláci 5 x 10 g";"2025-11-28";99.0
"1187933375";"Lindt mini sněhuláci 5 x 10 g";"Lindt";"Heureka.cz|Jídlo a nápoje|Sladkosti|Čokoládové figurky|Lindt mini sněhuláci 5 x 10 g";"2025-11-28";109.0
"1187933375";"Lindt mini sněhuláci 5 x 10 g";"Lindt";"Heureka.cz|Jídlo a nápoje|Sladkosti|Čokoládové figurky|Lindt mini sněhuláci 5 x 10 g";"2025-11-29";99.0
"1187933375";"Lindt mini sněhuláci 5 x 10 g";"Lindt";"Heureka.cz|Jídlo a nápoje|Sladkosti|Čokoládové figurky|Lindt mini sněhuláci 5 x 10 g";"2025-11-29";109.0
"1187933375";"Lindt mini sněhuláci 5 x 10 g";"Lindt";"Heureka.cz|Jídlo a nápoje|Sladkosti|Čokoládové figurky|Lindt mini sněhuláci 5 x 10 g";"2025-11-30";99.0
"1187933375";"Lindt mini sněhuláci 5 x 10 g";"Lindt";"Heureka.cz|Jídlo a nápoje|Sladkosti|Čokoládové figurky|Lindt mini sněhuláci 5 x 10 g";"2025-11-30";109.0
"1187933375";"Lindt mini sněhuláci 5 x 10 g";"Lindt";"Heureka.cz|Jídlo a nápoje|Sladkosti|Čokoládové figurky|Lindt mini sněhuláci 5 x 10 g";"2025-12-01";109.0
"1187933375";"Lindt mini sněhuláci 5 x 10 g";"Lindt";"Heureka.cz|Jídlo a nápoje|Sladkosti|Čokoládové figurky|Lindt mini sněhuláci 5 x 10 g";"2025-12-02";109.0
"1187933375";"Lindt mini sněhuláci 5 x 10 g";"Lindt";"Heureka.cz|Jídlo a nápoje|Sladkosti|Čokoládové figurky|Lindt mini sněhuláci 5 x 10 g";"2025-12-03";109.0
"1187933375";"Lindt mini sněhuláci 5 x 10 g";"Lindt";"Heureka.cz|Jídlo a nápoje|Sladkosti|Čokoládové figurky|Lindt mini sněhuláci 5 x 10 g";"2025-12-04";109.0
"1187933375";"Lindt mini sněhuláci 5 x 10 g";"Lindt";"Heureka.cz|Jídlo a nápoje|Sladkosti|Čokoládové figurky|Lindt mini sněhuláci 5 x 10 g";"2025-12-05";109.0
"1187933375";"Lindt mini sněhuláci 5 x 10 g";"Lindt";"Heureka.cz|Jídlo a nápoje|Sladkosti|Čokoládové figurky|Lindt mini sněhuláci 5 x 10 g";"2025-12-05";129.0
"1187933375";"Lindt mini sněhuláci 5 x 10 g";"Lindt";"Heureka.cz|Jídlo a nápoje|Sladkosti|Čokoládové figurky|Lindt mini sněhuláci 5 x 10 g";"2025-12-06";109.0
"1187933375";"Lindt mini sněhuláci 5 x 10 g";"Lindt";"Heureka.cz|Jídlo a nápoje|Sladkosti|Čokoládové figurky|Lindt mini sněhuláci 5 x 10 g";"2025-12-06";129.0
"1187933375";"Lindt mini sněhuláci 5 x 10 g";"Lindt";"Heureka.cz|Jídlo a nápoje|Sladkosti|Čokoládové figurky|Lindt mini sněhuláci 5 x 10 g";"2025-12-07";109.0
"1187933375";"Lindt mini sněhuláci 5 x 10 g";"Lindt";"Heureka.cz|Jídlo a nápoje|Sladkosti|Čokoládové figurky|Lindt mini sněhuláci 5 x 10 g";"2025-12-07";129.0
"1187933375";"Lindt mini sněhuláci 5 x 10 g";"Lindt";"Heureka.cz|Jídlo a nápoje|Sladkosti|Čokoládové figurky|Lindt mini sněhuláci 5 x 10 g";"2025-12-08";109.0
"1187933375";"Lindt mini sněhuláci 5 x 10 g";"Lindt";"Heureka.cz|Jídlo a nápoje|Sladkosti|Čokoládové figurky|Lindt mini sněhuláci 5 x 10 g";"2025-12-08";129.0
"1189810920";"Orion Zlatý kapr 42 g";"Orion";"Heureka.cz|Jídlo a nápoje|Sladkosti|Čokoládové figurky|Orion Zlatý kapr 42 g";"2025-10-23";43.0
"1189810920";"Orion Zlatý kapr 42 g";"Orion";"Heureka.cz|Jídlo a nápoje|Sladkosti|Čokoládové figurky|Orion Zlatý kapr 42 g";"2025-10-23";59.0
"1189810920";"Orion Zlatý kapr 42 g";"Orion";"Heureka.cz|Jídlo a nápoje|Sladkosti|Čokoládové figurky|Orion Zlatý kapr 42 g";"2025-10-23";59.0
"1189810920";"Orion Zlatý kapr 42 g";"Orion";"Heureka.cz|Jídlo a nápoje|Sladkosti|Čokoládové figurky|Orion Zlatý kapr 42 g";"2025-10-23";60.0
"1189810920";"Orion Zlatý kapr 42 g";"Orion";"Heureka.cz|Jídlo a nápoje|Sladkosti|Čokoládové figurky|Orion Zlatý kapr 42 g";"2025-11-05";43.0
"1189810920";"Orion Zlatý kapr 42 g";"Orion";"Heureka.cz|Jídlo a nápoje|Sladkosti|Čokoládové figurky|Orion Zlatý kapr 42 g";"2025-11-05";53.0
"1189810920";"Orion Zlatý kapr 42 g";"Orion";"Heureka.cz|Jídlo a nápoje|Sladkosti|Čokoládové figurky|Orion Zlatý kapr 42 g";"2025-11-05";59.0
"1189810920";"Orion Zlatý kapr 42 g";"Orion";"Heureka.cz|Jídlo a nápoje|Sladkosti|Čokoládové figurky|Orion Zlatý kapr 42 g";"2025-11-05";59.0
"1189810920";"Orion Zlatý kapr 42 g";"Orion";"Heureka.cz|Jídlo a nápoje|Sladkosti|Čokoládové figurky|Orion Zlatý kapr 42 g";"2025-11-06";43.0
"1189810920";"Orion Zlatý kapr 42 g";"Orion";"Heureka.cz|Jídlo a nápoje|Sladkosti|Čokoládové figurky|Orion Zlatý kapr 42 g";"2025-11-06";53.0
"1189810920";"Orion Zlatý kapr 42 g";"Orion";"Heureka.cz|Jídlo a nápoje|Sladkosti|Čokoládové figurky|Orion Zlatý kapr 42 g";"2025-11-06";59.0
"1189810920";"Orion Zlatý kapr 42 g";"Orion";"Heureka.cz|Jídlo a nápoje|Sladkosti|Čokoládové figurky|Orion Zlatý kapr 42 g";"2025-11-06";59.0
"1189810920";"Orion Zlatý kapr 42 g";"Orion";"Heureka.cz|Jídlo a nápoje|Sladkosti|Čokoládové figurky|Orion Zlatý kapr 42 g";"2025-11-07";43.0
"1189810920";"Orion Zlatý kapr 42 g";"Orion";"Heureka.cz|Jídlo a nápoje|Sladkosti|Čokoládové figurky|Orion Zlatý kapr 42 g";"2025-11-07";53.0
"1189810920";"Orion Zlatý kapr 42 g";"Orion";"Heureka.cz|Jídlo a nápoje|Sladkosti|Čokoládové figurky|Orion Zlatý kapr 42 g";"2025-11-07";59.0
"1189810920";"Orion Zlatý kapr 42 g";"Orion";"Heureka.cz|Jídlo a nápoje|Sladkosti|Čokoládové figurky|Orion Zlatý kapr 42 g";"2025-11-07";59.0
"1189810920";"Orion Zlatý kapr 42 g";"Orion";"Heureka.cz|Jídlo a nápoje|Sladkosti|Čokoládové figurky|Orion Zlatý kapr 42 g";"2025-11-08";43.0
"1189810920";"Orion Zlatý kapr 42 g";"Orion";"Heureka.cz|Jídlo a nápoje|Sladkosti|Čokoládové figurky|Orion Zlatý kapr 42 g";"2025-11-08";53.0
"1189810920";"Orion Zlatý kapr 42 g";"Orion";"Heureka.cz|Jídlo a nápoje|Sladkosti|Čokoládové figurky|Orion Zlatý kapr 42 g";"2025-11-08";59.0
"1189810920";"Orion Zlatý kapr 42 g";"Orion";"Heureka.cz|Jídlo a nápoje|Sladkosti|Čokoládové figurky|Orion Zlatý kapr 42 g";"2025-11-08";59.0
"1189810920";"Orion Zlatý kapr 42 g";"Orion";"Heureka.cz|Jídlo a nápoje|Sladkosti|Čokoládové figurky|Orion Zlatý kapr 42 g";"2025-11-09";43.0
"1189810920";"Orion Zlatý kapr 42 g";"Orion";"Heureka.cz|Jídlo a nápoje|Sladkosti|Čokoládové figurky|Orion Zlatý kapr 42 g";"2025-11-09";53.0
"1189810920";"Orion Zlatý kapr 42 g";"Orion";"Heureka.cz|Jídlo a nápoje|Sladkosti|Čokoládové figurky|Orion Zlatý kapr 42 g";"2025-11-09";53.0
"1189810920";"Orion Zlatý kapr 42 g";"Orion";"Heureka.cz|Jídlo a nápoje|Sladkosti|Čokoládové figurky|Orion Zlatý kapr 42 g";"2025-11-09";54.0
"1189810920";"Orion Zlatý kapr 42 g";"Orion";"Heureka.cz|Jídlo a nápoje|Sladkosti|Čokoládové figurky|Orion Zlatý kapr 42 g";"2025-11-09";59.0
"1189810920";"Orion Zlatý kapr 42 g";"Orion";"Heureka.cz|Jídlo a nápoje|Sladkosti|Čokoládové figurky|Orion Zlatý kapr 42 g";"2025-11-09";59.0
"1189810920";"Orion Zlatý kapr 42 g";"Orion";"Heureka.cz|Jídlo a nápoje|Sladkosti|Čokoládové figurky|Orion Zlatý kapr 42 g";"2025-11-10";43.0
"1189810920";"Orion Zlatý kapr 42 g";"Orion";"Heureka.cz|Jídlo a nápoje|Sladkosti|Čokoládové figurky|Orion Zlatý kapr 42 g";"2025-11-10";53.0
"1189810920";"Orion Zlatý kapr 42 g";"Orion";"Heureka.cz|Jídlo a nápoje|Sladkosti|Čokoládové figurky|Orion Zlatý kapr 42 g";"2025-11-10";59.0
"1189810920";"Orion Zlatý kapr 42 g";"Orion";"Heureka.cz|Jídlo a nápoje|Sladkosti|Čokoládové figurky|Orion Zlatý kapr 42 g";"2025-11-10";59.0
"1189810920";"Orion Zlatý kapr 42 g";"Orion";"Heureka.cz|Jídlo a nápoje|Sladkosti|Čokoládové figurky|Orion Zlatý kapr 42 g";"2025-11-11";43.0
"1189810920";"Orion Zlatý kapr 42 g";"Orion";"Heureka.cz|Jídlo a nápoje|Sladkosti|Čokoládové figurky|Orion Zlatý kapr 42 g";"2025-11-11";46.0
"1189810920";"Orion Zlatý kapr 42 g";"Orion";"Heureka.cz|Jídlo a nápoje|Sladkosti|Čokoládové figurky|Orion Zlatý kapr 42 g";"2025-11-11";59.0
"1189810920";"Orion Zlatý kapr 42 g";"Orion";"Heureka.cz|Jídlo a nápoje|Sladkosti|Čokoládové figurky|Orion Zlatý kapr 42 g";"2025-11-11";59.0
"1189810920";"Orion Zlatý kapr 42 g";"Orion";"Heureka.cz|Jídlo a nápoje|Sladkosti|Čokoládové figurky|Orion Zlatý kapr 42 g";"2025-11-12";43.0
"1189810920";"Orion Zlatý kapr 42 g";"Orion";"Heureka.cz|Jídlo a nápoje|Sladkosti|Čokoládové figurky|Orion Zlatý kapr 42 g";"2025-11-12";46.0
"1189810920";"Orion Zlatý kapr 42 g";"Orion";"Heureka.cz|Jídlo a nápoje|Sladkosti|Čokoládové figurky|Orion Zlatý kapr 42 g";"2025-11-12";53.0
"1189810920";"Orion Zlatý kapr 42 g";"Orion";"Heureka.cz|Jídlo a nápoje|Sladkosti|Čokoládové figurky|Orion Zlatý kapr 42 g";"2025-11-12";59.0
"1189810920";"Orion Zlatý kapr 42 g";"Orion";"Heureka.cz|Jídlo a nápoje|Sladkosti|Čokoládové figurky|Orion Zlatý kapr 42 g";"2025-11-12";59.0
"1189810920";"Orion Zlatý kapr 42 g";"Orion";"Heureka.cz|Jídlo a nápoje|Sladkosti|Čokoládové figurky|Orion Zlatý kapr 42 g";"2025-11-13";43.0
"1189810920";"Orion Zlatý kapr 42 g";"Orion";"Heureka.cz|Jídlo a nápoje|Sladkosti|Čokoládové figurky|Orion Zlatý kapr 42 g";"2025-11-13";46.0
"1189810920";"Orion Zlatý kapr 42 g";"Orion";"Heureka.cz|Jídlo a nápoje|Sladkosti|Čokoládové figurky|Orion Zlatý kapr 42 g";"2025-11-13";59.0
"1189810920";"Orion Zlatý kapr 42 g";"Orion";"Heureka.cz|Jídlo a nápoje|Sladkosti|Čokoládové figurky|Orion Zlatý kapr 42 g";"2025-11-13";59.0
"1189810920";"Orion Zlatý kapr 42 g";"Orion";"Heureka.cz|Jídlo a nápoje|Sladkosti|Čokoládové figurky|Orion Zlatý kapr 42 g";"2025-11-14";43.0
"1189810920";"Orion Zlatý kapr 42 g";"Orion";"Heureka.cz|Jídlo a nápoje|Sladkosti|Čokoládové figurky|Orion Zlatý kapr 42 g";"2025-11-14";46.0
"1189810920";"Orion Zlatý kapr 42 g";"Orion";"Heureka.cz|Jídlo a nápoje|Sladkosti|Čokoládové figurky|Orion Zlatý kapr 42 g";"2025-11-14";59.0
"1189810920";"Orion Zlatý kapr 42 g";"Orion";"Heureka.cz|Jídlo a nápoje|Sladkosti|Čokoládové figurky|Orion Zlatý kapr 42 g";"2025-11-14";59.0
"1189810920";"Orion Zlatý kapr 42 g";"Orion";"Heureka.cz|Jídlo a nápoje|Sladkosti|Čokoládové figurky|Orion Zlatý kapr 42 g";"2025-11-15";43.0
"1189810920";"Orion Zlatý kapr 42 g";"Orion";"Heureka.cz|Jídlo a nápoje|Sladkosti|Čokoládové figurky|Orion Zlatý kapr 42 g";"2025-11-15";46.0
"1189810920";"Orion Zlatý kapr 42 g";"Orion";"Heureka.cz|Jídlo a nápoje|Sladkosti|Čokoládové figurky|Orion Zlatý kapr 42 g";"2025-11-15";59.0
"1189810920";"Orion Zlatý kapr 42 g";"Orion";"Heureka.cz|Jídlo a nápoje|Sladkosti|Čokoládové figurky|Orion Zlatý kapr 42 g";"2025-11-15";59.0
"1189810920";"Orion Zlatý kapr 42 g";"Orion";"Heureka.cz|Jídlo a nápoje|Sladkosti|Čokoládové figurky|Orion Zlatý kapr 42 g";"2025-11-16";43.0
"1189810920";"Orion Zlatý kapr 42 g";"Orion";"Heureka.cz|Jídlo a nápoje|Sladkosti|Čokoládové figurky|Orion Zlatý kapr 42 g";"2025-11-16";46.0
"1189810920";"Orion Zlatý kapr 42 g";"Orion";"Heureka.cz|Jídlo a nápoje|Sladkosti|Čokoládové figurky|Orion Zlatý kapr 42 g";"2025-11-16";54.0
"1189810920";"Orion Zlatý kapr 42 g";"Orion";"Heureka.cz|Jídlo a nápoje|Sladkosti|Čokoládové figurky|Orion Zlatý kapr 42 g";"2025-11-16";55.0
"1189810920";"Orion Zlatý kapr 42 g";"Orion";"Heureka.cz|Jídlo a nápoje|Sladkosti|Čokoládové figurky|Orion Zlatý kapr 42 g";"2025-11-16";59.0
"1189810920";"Orion Zlatý kapr 42 g";"Orion";"Heureka.cz|Jídlo a nápoje|Sladkosti|Čokoládové figurky|Orion Zlatý kapr 42 g";"2025-11-16";59.0
"1189810920";"Orion Zlatý kapr 42 g";"Orion";"Heureka.cz|Jídlo a nápoje|Sladkosti|Čokoládové figurky|Orion Zlatý kapr 42 g";"2025-11-17";0.0
"1189810920";"Orion Zlatý kapr 42 g";"Orion";"Heureka.cz|Jídlo a nápoje|Sladkosti|Čokoládové figurky|Orion Zlatý kapr 42 g";"2025-11-17";46.0
"1189810920";"Orion Zlatý kapr 42 g";"Orion";"Heureka.cz|Jídlo a nápoje|Sladkosti|Čokoládové figurky|Orion Zlatý kapr 42 g";"2025-11-17";54.0
"1189810920";"Orion Zlatý kapr 42 g";"Orion";"Heureka.cz|Jídlo a nápoje|Sladkosti|Čokoládové figurky|Orion Zlatý kapr 42 g";"2025-11-17";55.0
"1189810920";"Orion Zlatý kapr 42 g";"Orion";"Heureka.cz|Jídlo a nápoje|Sladkosti|Čokoládové figurky|Orion Zlatý kapr 42 g";"2025-11-17";59.0
"1189810920";"Orion Zlatý kapr 42 g";"Orion";"Heureka.cz|Jídlo a nápoje|Sladkosti|Čokoládové figurky|Orion Zlatý kapr 42 g";"2025-11-17";59.0
"1189810920";"Orion Zlatý kapr 42 g";"Orion";"Heureka.cz|Jídlo a nápoje|Sladkosti|Čokoládové figurky|Orion Zlatý kapr 42 g";"2025-11-18";0.0
"1189810920";"Orion Zlatý kapr 42 g";"Orion";"Heureka.cz|Jídlo a nápoje|Sladkosti|Čokoládové figurky|Orion Zlatý kapr 42 g";"2025-11-18";46.0
"1189810920";"Orion Zlatý kapr 42 g";"Orion";"Heureka.cz|Jídlo a nápoje|Sladkosti|Čokoládové figurky|Orion Zlatý kapr 42 g";"2025-11-18";59.0
"1189810920";"Orion Zlatý kapr 42 g";"Orion";"Heureka.cz|Jídlo a nápoje|Sladkosti|Čokoládové figurky|Orion Zlatý kapr 42 g";"2025-11-18";59.0
"1189810920";"Orion Zlatý kapr 42 g";"Orion";"Heureka.cz|Jídlo a nápoje|Sladkosti|Čokoládové figurky|Orion Zlatý kapr 42 g";"2025-11-19";0.0
"1189810920";"Orion Zlatý kapr 42 g";"Orion";"Heureka.cz|Jídlo a nápoje|Sladkosti|Čokoládové figurky|Orion Zlatý kapr 42 g";"2025-11-19";46.0
"1189810920";"Orion Zlatý kapr 42 g";"Orion";"Heureka.cz|Jídlo a nápoje|Sladkosti|Čokoládové figurky|Orion Zlatý kapr 42 g";"2025-11-19";59.0
"1189810920";"Orion Zlatý kapr 42 g";"Orion";"Heureka.cz|Jídlo a nápoje|Sladkosti|Čokoládové figurky|Orion Zlatý kapr 42 g";"2025-11-19";59.0
"1189810920";"Orion Zlatý kapr 42 g";"Orion";"Heureka.cz|Jídlo a nápoje|Sladkosti|Čokoládové figurky|Orion Zlatý kapr 42 g";"2025-11-20";0.0
"1189810920";"Orion Zlatý kapr 42 g";"Orion";"Heureka.cz|Jídlo a nápoje|Sladkosti|Čokoládové figurky|Orion Zlatý kapr 42 g";"2025-11-20";46.0
"1189810920";"Orion Zlatý kapr 42 g";"Orion";"Heureka.cz|Jídlo a nápoje|Sladkosti|Čokoládové figurky|Orion Zlatý kapr 42 g";"2025-11-20";59.0
"1189810920";"Orion Zlatý kapr 42 g";"Orion";"Heureka.cz|Jídlo a nápoje|Sladkosti|Čokoládové figurky|Orion Zlatý kapr 42 g";"2025-11-20";59.0
"1189810920";"Orion Zlatý kapr 42 g";"Orion";"Heureka.cz|Jídlo a nápoje|Sladkosti|Čokoládové figurky|Orion Zlatý kapr 42 g";"2025-11-21";0.0
"1189810920";"Orion Zlatý kapr 42 g";"Orion";"Heureka.cz|Jídlo a nápoje|Sladkosti|Čokoládové figurky|Orion Zlatý kapr 42 g";"2025-11-21";46.0
"1189810920";"Orion Zlatý kapr 42 g";"Orion";"Heureka.cz|Jídlo a nápoje|Sladkosti|Čokoládové figurky|Orion Zlatý kapr 42 g";"2025-11-21";59.0
"1189810920";"Orion Zlatý kapr 42 g";"Orion";"Heureka.cz|Jídlo a nápoje|Sladkosti|Čokoládové figurky|Orion Zlatý kapr 42 g";"2025-11-21";59.0
"1189810920";"Orion Zlatý kapr 42 g";"Orion";"Heureka.cz|Jídlo a nápoje|Sladkosti|Čokoládové figurky|Orion Zlatý kapr 42 g";"2025-11-22";0.0
"1189810920";"Orion Zlatý kapr 42 g";"Orion";"Heureka.cz|Jídlo a nápoje|Sladkosti|Čokoládové figurky|Orion Zlatý kapr 42 g";"2025-11-22";0.0
"1189810920";"Orion Zlatý kapr 42 g";"Orion";"Heureka.cz|Jídlo a nápoje|Sladkosti|Čokoládové figurky|Orion Zlatý kapr 42 g";"2025-11-22";59.0
"1189810920";"Orion Zlatý kapr 42 g";"Orion";"Heureka.cz|Jídlo a nápoje|Sladkosti|Čokoládové figurky|Orion Zlatý kapr 42 g";"2025-11-22";59.0
"1189810920";"Orion Zlatý kapr 42 g";"Orion";"Heureka.cz|Jídlo a nápoje|Sladkosti|Čokoládové figurky|Orion Zlatý kapr 42 g";"2025-11-23";0.0
"1189810920";"Orion Zlatý kapr 42 g";"Orion";"Heureka.cz|Jídlo a nápoje|Sladkosti|Čokoládové figurky|Orion Zlatý kapr 42 g";"2025-11-23";0.0
"1189810920";"Orion Zlatý kapr 42 g";"Orion";"Heureka.cz|Jídlo a nápoje|Sladkosti|Čokoládové figurky|Orion Zlatý kapr 42 g";"2025-11-23";59.0
"1189810920";"Orion Zlatý kapr 42 g";"Orion";"Heureka.cz|Jídlo a nápoje|Sladkosti|Čokoládové figurky|Orion Zlatý kapr 42 g";"2025-11-23";59.0
"1189810920";"Orion Zlatý kapr 42 g";"Orion";"Heureka.cz|Jídlo a nápoje|Sladkosti|Čokoládové figurky|Orion Zlatý kapr 42 g";"2025-11-24";0.0
"1189810920";"Orion Zlatý kapr 42 g";"Orion";"Heureka.cz|Jídlo a nápoje|Sladkosti|Čokoládové figurky|Orion Zlatý kapr 42 g";"2025-11-24";0.0
"1189810920";"Orion Zlatý kapr 42 g";"Orion";"Heureka.cz|Jídlo a nápoje|Sladkosti|Čokoládové figurky|Orion Zlatý kapr 42 g";"2025-11-24";59.0
"1189810920";"Orion Zlatý kapr 42 g";"Orion";"Heureka.cz|Jídlo a nápoje|Sladkosti|Čokoládové figurky|Orion Zlatý kapr 42 g";"2025-11-24";59.0
"1189810920";"Orion Zlatý kapr 42 g";"Orion";"Heureka.cz|Jídlo a nápoje|Sladkosti|Čokoládové figurky|Orion Zlatý kapr 42 g";"2025-11-25";0.0
"1189810920";"Orion Zlatý kapr 42 g";"Orion";"Heureka.cz|Jídlo a nápoje|Sladkosti|Čokoládové figurky|Orion Zlatý kapr 42 g";"2025-11-25";0.0
"1189810920";"Orion Zlatý kapr 42 g";"Orion";"Heureka.cz|Jídlo a nápoje|Sladkosti|Čokoládové figurky|Orion Zlatý kapr 42 g";"2025-11-25";59.0
"1189810920";"Orion Zlatý kapr 42 g";"Orion";"Heureka.cz|Jídlo a nápoje|Sladkosti|Čokoládové figurky|Orion Zlatý kapr 42 g";"2025-11-25";59.0
"1189810920";"Orion Zlatý kapr 42 g";"Orion";"Heureka.cz|Jídlo a nápoje|Sladkosti|Čokoládové figurky|Orion Zlatý kapr 42 g";"2025-11-26";0.0
"1189810920";"Orion Zlatý kapr 42 g";"Orion";"Heureka.cz|Jídlo a nápoje|Sladkosti|Čokoládové figurky|Orion Zlatý kapr 42 g";"2025-11-26";0.0
"1189810920";"Orion Zlatý kapr 42 g";"Orion";"Heureka.cz|Jídlo a nápoje|Sladkosti|Čokoládové figurky|Orion Zlatý kapr 42 g";"2025-11-26";59.0
"1189810920";"Orion Zlatý kapr 42 g";"Orion";"Heureka.cz|Jídlo a nápoje|Sladkosti|Čokoládové figurky|Orion Zlatý kapr 42 g";"2025-11-26";59.0
"1189810920";"Orion Zlatý kapr 42 g";"Orion";"Heureka.cz|Jídlo a nápoje|Sladkosti|Čokoládové figurky|Orion Zlatý kapr 42 g";"2025-11-27";0.0
"1189810920";"Orion Zlatý kapr 42 g";"Orion";"Heureka.cz|Jídlo a nápoje|Sladkosti|Čokoládové figurky|Orion Zlatý kapr 42 g";"2025-11-27";0.0
"1189810920";"Orion Zlatý kapr 42 g";"Orion";"Heureka.cz|Jídlo a nápoje|Sladkosti|Čokoládové figurky|Orion Zlatý kapr 42 g";"2025-11-27";59.0
"1189810920";"Orion Zlatý kapr 42 g";"Orion";"Heureka.cz|Jídlo a nápoje|Sladkosti|Čokoládové figurky|Orion Zlatý kapr 42 g";"2025-11-27";59.0
"1189810920";"Orion Zlatý kapr 42 g";"Orion";"Heureka.cz|Jídlo a nápoje|Sladkosti|Čokoládové figurky|Orion Zlatý kapr 42 g";"2025-11-28";0.0
"1189810920";"Orion Zlatý kapr 42 g";"Orion";"Heureka.cz|Jídlo a nápoje|Sladkosti|Čokoládové figurky|Orion Zlatý kapr 42 g";"2025-11-28";0.0
"1189810920";"Orion Zlatý kapr 42 g";"Orion";"Heureka.cz|Jídlo a nápoje|Sladkosti|Čokoládové figurky|Orion Zlatý kapr 42 g";"2025-11-28";59.0
"1189810920";"Orion Zlatý kapr 42 g";"Orion";"Heureka.cz|Jídlo a nápoje|Sladkosti|Čokoládové figurky|Orion Zlatý kapr 42 g";"2025-11-28";59.0
"1189810920";"Orion Zlatý kapr 42 g";"Orion";"Heureka.cz|Jídlo a nápoje|Sladkosti|Čokoládové figurky|Orion Zlatý kapr 42 g";"2025-11-29";0.0
"1189810920";"Orion Zlatý kapr 42 g";"Orion";"Heureka.cz|Jídlo a nápoje|Sladkosti|Čokoládové figurky|Orion Zlatý kapr 42 g";"2025-11-29";0.0
"1189810920";"Orion Zlatý kapr 42 g";"Orion";"Heureka.cz|Jídlo a nápoje|Sladkosti|Čokoládové figurky|Orion Zlatý kapr 42 g";"2025-11-29";59.0
"1189810920";"Orion Zlatý kapr 42 g";"Orion";"Heureka.cz|Jídlo a nápoje|Sladkosti|Čokoládové figurky|Orion Zlatý kapr 42 g";"2025-11-29";59.0
"1189810920";"Orion Zlatý kapr 42 g";"Orion";"Heureka.cz|Jídlo a nápoje|Sladkosti|Čokoládové figurky|Orion Zlatý kapr 42 g";"2025-11-30";0.0
"1189810920";"Orion Zlatý kapr 42 g";"Orion";"Heureka.cz|Jídlo a nápoje|Sladkosti|Čokoládové figurky|Orion Zlatý kapr 42 g";"2025-11-30";40.0
"1189810920";"Orion Zlatý kapr 42 g";"Orion";"Heureka.cz|Jídlo a nápoje|Sladkosti|Čokoládové figurky|Orion Zlatý kapr 42 g";"2025-11-30";59.0
"1189810920";"Orion Zlatý kapr 42 g";"Orion";"Heureka.cz|Jídlo a nápoje|Sladkosti|Čokoládové figurky|Orion Zlatý kapr 42 g";"2025-11-30";59.0
"1189810920";"Orion Zlatý kapr 42 g";"Orion";"Heureka.cz|Jídlo a nápoje|Sladkosti|Čokoládové figurky|Orion Zlatý kapr 42 g";"2025-12-01";0.0
"1189810920";"Orion Zlatý kapr 42 g";"Orion";"Heureka.cz|Jídlo a nápoje|Sladkosti|Čokoládové figurky|Orion Zlatý kapr 42 g";"2025-12-01";40.0
"1189810920";"Orion Zlatý kapr 42 g";"Orion";"Heureka.cz|Jídlo a nápoje|Sladkosti|Čokoládové figurky|Orion Zlatý kapr 42 g";"2025-12-01";59.0
"1189810920";"Orion Zlatý kapr 42 g";"Orion";"Heureka.cz|Jídlo a nápoje|Sladkosti|Čokoládové figurky|Orion Zlatý kapr 42 g";"2025-12-01";59.0
"1189810920";"Orion Zlatý kapr 42 g";"Orion";"Heureka.cz|Jídlo a nápoje|Sladkosti|Čokoládové figurky|Orion Zlatý kapr 42 g";"2025-12-02";40.0
"1189810920";"Orion Zlatý kapr 42 g";"Orion";"Heureka.cz|Jídlo a nápoje|Sladkosti|Čokoládové figurky|Orion Zlatý kapr 42 g";"2025-12-02";59.0
"1189810920";"Orion Zlatý kapr 42 g";"Orion";"Heureka.cz|Jídlo a nápoje|Sladkosti|Čokoládové figurky|Orion Zlatý kapr 42 g";"2025-12-02";59.0
"1189810920";"Orion Zlatý kapr 42 g";"Orion";"Heureka.cz|Jídlo a nápoje|Sladkosti|Čokoládové figurky|Orion Zlatý kapr 42 g";"2025-12-03";40.0
"1189810920";"Orion Zlatý kapr 42 g";"Orion";"Heureka.cz|Jídlo a nápoje|Sladkosti|Čokoládové figurky|Orion Zlatý kapr 42 g";"2025-12-03";59.0
"1189810920";"Orion Zlatý kapr 42 g";"Orion";"Heureka.cz|Jídlo a nápoje|Sladkosti|Čokoládové figurky|Orion Zlatý kapr 42 g";"2025-12-03";59.0
"1189810920";"Orion Zlatý kapr 42 g";"Orion";"Heureka.cz|Jídlo a nápoje|Sladkosti|Čokoládové figurky|Orion Zlatý kapr 42 g";"2025-12-04";40.0
"1189810920";"Orion Zlatý kapr 42 g";"Orion";"Heureka.cz|Jídlo a nápoje|Sladkosti|Čokoládové figurky|Orion Zlatý kapr 42 g";"2025-12-04";59.0
"1189810920";"Orion Zlatý kapr 42 g";"Orion";"Heureka.cz|Jídlo a nápoje|Sladkosti|Čokoládové figurky|Orion Zlatý kapr 42 g";"2025-12-04";59.0
"1189810920";"Orion Zlatý kapr 42 g";"Orion";"Heureka.cz|Jídlo a nápoje|Sladkosti|Čokoládové figurky|Orion Zlatý kapr 42 g";"2025-12-05";40.0
"1189810920";"Orion Zlatý kapr 42 g";"Orion";"Heureka.cz|Jídlo a nápoje|Sladkosti|Čokoládové figurky|Orion Zlatý kapr 42 g";"2025-12-05";59.0
"1189810920";"Orion Zlatý kapr 42 g";"Orion";"Heureka.cz|Jídlo a nápoje|Sladkosti|Čokoládové figurky|Orion Zlatý kapr 42 g";"2025-12-05";59.0
"1189810920";"Orion Zlatý kapr 42 g";"Orion";"Heureka.cz|Jídlo a nápoje|Sladkosti|Čokoládové figurky|Orion Zlatý kapr 42 g";"2025-12-06";40.0
"1189810920";"Orion Zlatý kapr 42 g";"Orion";"Heureka.cz|Jídlo a nápoje|Sladkosti|Čokoládové figurky|Orion Zlatý kapr 42 g";"2025-12-06";59.0
"1189810920";"Orion Zlatý kapr 42 g";"Orion";"Heureka.cz|Jídlo a nápoje|Sladkosti|Čokoládové figurky|Orion Zlatý kapr 42 g";"2025-12-06";59.0
"1189810920";"Orion Zlatý kapr 42 g";"Orion";"Heureka.cz|Jídlo a nápoje|Sladkosti|Čokoládové figurky|Orion Zlatý kapr 42 g";"2025-12-07";40.0
"1189810920";"Orion Zlatý kapr 42 g";"Orion";"Heureka.cz|Jídlo a nápoje|Sladkosti|Čokoládové figurky|Orion Zlatý kapr 42 g";"2025-12-07";59.0
"1189810920";"Orion Zlatý kapr 42 g";"Orion";"Heureka.cz|Jídlo a nápoje|Sladkosti|Čokoládové figurky|Orion Zlatý kapr 42 g";"2025-12-07";59.0
"1189810920";"Orion Zlatý kapr 42 g";"Orion";"Heureka.cz|Jídlo a nápoje|Sladkosti|Čokoládové figurky|Orion Zlatý kapr 42 g";"2025-12-08";40.0
"1189810920";"Orion Zlatý kapr 42 g";"Orion";"Heureka.cz|Jídlo a nápoje|Sladkosti|Čokoládové figurky|Orion Zlatý kapr 42 g";"2025-12-08";59.0
"1189810920";"Orion Zlatý kapr 42 g";"Orion";"Heureka.cz|Jídlo a nápoje|Sladkosti|Čokoládové figurky|Orion Zlatý kapr 42 g";"2025-12-08";59.0
"1191029853";"Orion Lanýžové figurky mléčné 315 g";"Orion";"Heureka.cz|Jídlo a nápoje|Sladkosti|Čokoládové figurky|Orion Lanýžové figurky mléčné 315 g";"2025-10-23";235.0
"1191029853";"Orion Lanýžové figurky mléčné 315 g";"Orion";"Heureka.cz|Jídlo a nápoje|Sladkosti|Čokoládové figurky|Orion Lanýžové figurky mléčné 315 g";"2025-10-23";300.0
"1191029853";"Orion Lanýžové figurky mléčné 315 g";"Orion";"Heureka.cz|Jídlo a nápoje|Sladkosti|Čokoládové figurky|Orion Lanýžové figurky mléčné 315 g";"2025-11-05";235.0
"1191029853";"Orion Lanýžové figurky mléčné 315 g";"Orion";"Heureka.cz|Jídlo a nápoje|Sladkosti|Čokoládové figurky|Orion Lanýžové figurky mléčné 315 g";"2025-11-05";300.0
"1191029853";"Orion Lanýžové figurky mléčné 315 g";"Orion";"Heureka.cz|Jídlo a nápoje|Sladkosti|Čokoládové figurky|Orion Lanýžové figurky mléčné 315 g";"2025-11-06";235.0
"1191029853";"Orion Lanýžové figurky mléčné 315 g";"Orion";"Heureka.cz|Jídlo a nápoje|Sladkosti|Čokoládové figurky|Orion Lanýžové figurky mléčné 315 g";"2025-11-06";240.0
"1191029853";"Orion Lanýžové figurky mléčné 315 g";"Orion";"Heureka.cz|Jídlo a nápoje|Sladkosti|Čokoládové figurky|Orion Lanýžové figurky mléčné 315 g";"2025-11-06";300.0
"1191029853";"Orion Lanýžové figurky mléčné 315 g";"Orion";"Heureka.cz|Jídlo a nápoje|Sladkosti|Čokoládové figurky|Orion Lanýžové figurky mléčné 315 g";"2025-11-07";235.0
"1191029853";"Orion Lanýžové figurky mléčné 315 g";"Orion";"Heureka.cz|Jídlo a nápoje|Sladkosti|Čokoládové figurky|Orion Lanýžové figurky mléčné 315 g";"2025-11-07";240.0
"1191029853";"Orion Lanýžové figurky mléčné 315 g";"Orion";"Heureka.cz|Jídlo a nápoje|Sladkosti|Čokoládové figurky|Orion Lanýžové figurky mléčné 315 g";"2025-11-07";300.0
"1191029853";"Orion Lanýžové figurky mléčné 315 g";"Orion";"Heureka.cz|Jídlo a nápoje|Sladkosti|Čokoládové figurky|Orion Lanýžové figurky mléčné 315 g";"2025-11-08";235.0
"1191029853";"Orion Lanýžové figurky mléčné 315 g";"Orion";"Heureka.cz|Jídlo a nápoje|Sladkosti|Čokoládové figurky|Orion Lanýžové figurky mléčné 315 g";"2025-11-08";240.0
"1191029853";"Orion Lanýžové figurky mléčné 315 g";"Orion";"Heureka.cz|Jídlo a nápoje|Sladkosti|Čokoládové figurky|Orion Lanýžové figurky mléčné 315 g";"2025-11-08";300.0
"1191029853";"Orion Lanýžové figurky mléčné 315 g";"Orion";"Heureka.cz|Jídlo a nápoje|Sladkosti|Čokoládové figurky|Orion Lanýžové figurky mléčné 315 g";"2025-11-09";235.0
"1191029853";"Orion Lanýžové figurky mléčné 315 g";"Orion";"Heureka.cz|Jídlo a nápoje|Sladkosti|Čokoládové figurky|Orion Lanýžové figurky mléčné 315 g";"2025-11-09";240.0
"1191029853";"Orion Lanýžové figurky mléčné 315 g";"Orion";"Heureka.cz|Jídlo a nápoje|Sladkosti|Čokoládové figurky|Orion Lanýžové figurky mléčné 315 g";"2025-11-09";293.0
"1191029853";"Orion Lanýžové figurky mléčné 315 g";"Orion";"Heureka.cz|Jídlo a nápoje|Sladkosti|Čokoládové figurky|Orion Lanýžové figurky mléčné 315 g";"2025-11-09";298.0
"1191029853";"Orion Lanýžové figurky mléčné 315 g";"Orion";"Heureka.cz|Jídlo a nápoje|Sladkosti|Čokoládové figurky|Orion Lanýžové figurky mléčné 315 g";"2025-11-09";300.0
"1191029853";"Orion Lanýžové figurky mléčné 315 g";"Orion";"Heureka.cz|Jídlo a nápoje|Sladkosti|Čokoládové figurky|Orion Lanýžové figurky mléčné 315 g";"2025-11-10";235.0
"1191029853";"Orion Lanýžové figurky mléčné 315 g";"Orion";"Heureka.cz|Jídlo a nápoje|Sladkosti|Čokoládové figurky|Orion Lanýžové figurky mléčné 315 g";"2025-11-10";240.0
"1191029853";"Orion Lanýžové figurky mléčné 315 g";"Orion";"Heureka.cz|Jídlo a nápoje|Sladkosti|Čokoládové figurky|Orion Lanýžové figurky mléčné 315 g";"2025-11-10";281.0
"1191029853";"Orion Lanýžové figurky mléčné 315 g";"Orion";"Heureka.cz|Jídlo a nápoje|Sladkosti|Čokoládové figurky|Orion Lanýžové figurky mléčné 315 g";"2025-11-10";300.0
"1191029853";"Orion Lanýžové figurky mléčné 315 g";"Orion";"Heureka.cz|Jídlo a nápoje|Sladkosti|Čokoládové figurky|Orion Lanýžové figurky mléčné 315 g";"2025-11-11";230.0
"1191029853";"Orion Lanýžové figurky mléčné 315 g";"Orion";"Heureka.cz|Jídlo a nápoje|Sladkosti|Čokoládové figurky|Orion Lanýžové figurky mléčné 315 g";"2025-11-11";235.0
"1191029853";"Orion Lanýžové figurky mléčné 315 g";"Orion";"Heureka.cz|Jídlo a nápoje|Sladkosti|Čokoládové figurky|Orion Lanýžové figurky mléčné 315 g";"2025-11-11";270.0
"1191029853";"Orion Lanýžové figurky mléčné 315 g";"Orion";"Heureka.cz|Jídlo a nápoje|Sladkosti|Čokoládové figurky|Orion Lanýžové figurky mléčné 315 g";"2025-11-11";326.0
"1191029853";"Orion Lanýžové figurky mléčné 315 g";"Orion";"Heureka.cz|Jídlo a nápoje|Sladkosti|Čokoládové figurky|Orion Lanýžové figurky mléčné 315 g";"2025-11-12";230.0
"1191029853";"Orion Lanýžové figurky mléčné 315 g";"Orion";"Heureka.cz|Jídlo a nápoje|Sladkosti|Čokoládové figurky|Orion Lanýžové figurky mléčné 315 g";"2025-11-12";235.0
"1191029853";"Orion Lanýžové figurky mléčné 315 g";"Orion";"Heureka.cz|Jídlo a nápoje|Sladkosti|Čokoládové figurky|Orion Lanýžové figurky mléčné 315 g";"2025-11-12";270.0
"1191029853";"Orion Lanýžové figurky mléčné 315 g";"Orion";"Heureka.cz|Jídlo a nápoje|Sladkosti|Čokoládové figurky|Orion Lanýžové figurky mléčné 315 g";"2025-11-12";293.0
"1191029853";"Orion Lanýžové figurky mléčné 315 g";"Orion";"Heureka.cz|Jídlo a nápoje|Sladkosti|Čokoládové figurky|Orion Lanýžové figurky mléčné 315 g";"2025-11-12";326.0
"1191029853";"Orion Lanýžové figurky mléčné 315 g";"Orion";"Heureka.cz|Jídlo a nápoje|Sladkosti|Čokoládové figurky|Orion Lanýžové figurky mléčné 315 g";"2025-11-13";230.0
"1191029853";"Orion Lanýžové figurky mléčné 315 g";"Orion";"Heureka.cz|Jídlo a nápoje|Sladkosti|Čokoládové figurky|Orion Lanýžové figurky mléčné 315 g";"2025-11-13";235.0
"1191029853";"Orion Lanýžové figurky mléčné 315 g";"Orion";"Heureka.cz|Jídlo a nápoje|Sladkosti|Čokoládové figurky|Orion Lanýžové figurky mléčné 315 g";"2025-11-13";270.0
"1191029853";"Orion Lanýžové figurky mléčné 315 g";"Orion";"Heureka.cz|Jídlo a nápoje|Sladkosti|Čokoládové figurky|Orion Lanýžové figurky mléčné 315 g";"2025-11-13";326.0
"1191029853";"Orion Lanýžové figurky mléčné 315 g";"Orion";"Heureka.cz|Jídlo a nápoje|Sladkosti|Čokoládové figurky|Orion Lanýžové figurky mléčné 315 g";"2025-11-14";223.0
"1191029853";"Orion Lanýžové figurky mléčné 315 g";"Orion";"Heureka.cz|Jídlo a nápoje|Sladkosti|Čokoládové figurky|Orion Lanýžové figurky mléčné 315 g";"2025-11-14";230.0
"1191029853";"Orion Lanýžové figurky mléčné 315 g";"Orion";"Heureka.cz|Jídlo a nápoje|Sladkosti|Čokoládové figurky|Orion Lanýžové figurky mléčné 315 g";"2025-11-14";235.0
"1191029853";"Orion Lanýžové figurky mléčné 315 g";"Orion";"Heureka.cz|Jídlo a nápoje|Sladkosti|Čokoládové figurky|Orion Lanýžové figurky mléčné 315 g";"2025-11-14";270.0
"1191029853";"Orion Lanýžové figurky mléčné 315 g";"Orion";"Heureka.cz|Jídlo a nápoje|Sladkosti|Čokoládové figurky|Orion Lanýžové figurky mléčné 315 g";"2025-11-14";326.0
"1191029853";"Orion Lanýžové figurky mléčné 315 g";"Orion";"Heureka.cz|Jídlo a nápoje|Sladkosti|Čokoládové figurky|Orion Lanýžové figurky mléčné 315 g";"2025-11-15";223.0
"1191029853";"Orion Lanýžové figurky mléčné 315 g";"Orion";"Heureka.cz|Jídlo a nápoje|Sladkosti|Čokoládové figurky|Orion Lanýžové figurky mléčné 315 g";"2025-11-15";230.0
"1191029853";"Orion Lanýžové figurky mléčné 315 g";"Orion";"Heureka.cz|Jídlo a nápoje|Sladkosti|Čokoládové figurky|Orion Lanýžové figurky mléčné 315 g";"2025-11-15";235.0
"1191029853";"Orion Lanýžové figurky mléčné 315 g";"Orion";"Heureka.cz|Jídlo a nápoje|Sladkosti|Čokoládové figurky|Orion Lanýžové figurky mléčné 315 g";"2025-11-15";270.0
"1191029853";"Orion Lanýžové figurky mléčné 315 g";"Orion";"Heureka.cz|Jídlo a nápoje|Sladkosti|Čokoládové figurky|Orion Lanýžové figurky mléčné 315 g";"2025-11-15";326.0
"1191029853";"Orion Lanýžové figurky mléčné 315 g";"Orion";"Heureka.cz|Jídlo a nápoje|Sladkosti|Čokoládové figurky|Orion Lanýžové figurky mléčné 315 g";"2025-11-16";223.0
"1191029853";"Orion Lanýžové figurky mléčné 315 g";"Orion";"Heureka.cz|Jídlo a nápoje|Sladkosti|Čokoládové figurky|Orion Lanýžové figurky mléčné 315 g";"2025-11-16";230.0
"1191029853";"Orion Lanýžové figurky mléčné 315 g";"Orion";"Heureka.cz|Jídlo a nápoje|Sladkosti|Čokoládové figurky|Orion Lanýžové figurky mléčné 315 g";"2025-11-16";235.0
"1191029853";"Orion Lanýžové figurky mléčné 315 g";"Orion";"Heureka.cz|Jídlo a nápoje|Sladkosti|Čokoládové figurky|Orion Lanýžové figurky mléčné 315 g";"2025-11-16";270.0
"1191029853";"Orion Lanýžové figurky mléčné 315 g";"Orion";"Heureka.cz|Jídlo a nápoje|Sladkosti|Čokoládové figurky|Orion Lanýžové figurky mléčné 315 g";"2025-11-16";297.0
"1191029853";"Orion Lanýžové figurky mléčné 315 g";"Orion";"Heureka.cz|Jídlo a nápoje|Sladkosti|Čokoládové figurky|Orion Lanýžové figurky mléčné 315 g";"2025-11-16";303.0
"1191029853";"Orion Lanýžové figurky mléčné 315 g";"Orion";"Heureka.cz|Jídlo a nápoje|Sladkosti|Čokoládové figurky|Orion Lanýžové figurky mléčné 315 g";"2025-11-16";326.0
"1191029853";"Orion Lanýžové figurky mléčné 315 g";"Orion";"Heureka.cz|Jídlo a nápoje|Sladkosti|Čokoládové figurky|Orion Lanýžové figurky mléčné 315 g";"2025-11-17";223.0
"1191029853";"Orion Lanýžové figurky mléčné 315 g";"Orion";"Heureka.cz|Jídlo a nápoje|Sladkosti|Čokoládové figurky|Orion Lanýžové figurky mléčné 315 g";"2025-11-17";230.0
"1191029853";"Orion Lanýžové figurky mléčné 315 g";"Orion";"Heureka.cz|Jídlo a nápoje|Sladkosti|Čokoládové figurky|Orion Lanýžové figurky mléčné 315 g";"2025-11-17";235.0
"1191029853";"Orion Lanýžové figurky mléčné 315 g";"Orion";"Heureka.cz|Jídlo a nápoje|Sladkosti|Čokoládové figurky|Orion Lanýžové figurky mléčné 315 g";"2025-11-17";270.0
"1191029853";"Orion Lanýžové figurky mléčné 315 g";"Orion";"Heureka.cz|Jídlo a nápoje|Sladkosti|Čokoládové figurky|Orion Lanýžové figurky mléčné 315 g";"2025-11-17";297.0
"1191029853";"Orion Lanýžové figurky mléčné 315 g";"Orion";"Heureka.cz|Jídlo a nápoje|Sladkosti|Čokoládové figurky|Orion Lanýžové figurky mléčné 315 g";"2025-11-17";303.0
"1191029853";"Orion Lanýžové figurky mléčné 315 g";"Orion";"Heureka.cz|Jídlo a nápoje|Sladkosti|Čokoládové figurky|Orion Lanýžové figurky mléčné 315 g";"2025-11-17";326.0
"1191029853";"Orion Lanýžové figurky mléčné 315 g";"Orion";"Heureka.cz|Jídlo a nápoje|Sladkosti|Čokoládové figurky|Orion Lanýžové figurky mléčné 315 g";"2025-11-18";0.0
"1191029853";"Orion Lanýžové figurky mléčné 315 g";"Orion";"Heureka.cz|Jídlo a nápoje|Sladkosti|Čokoládové figurky|Orion Lanýžové figurky mléčné 315 g";"2025-11-18";0.0
"1191029853";"Orion Lanýžové figurky mléčné 315 g";"Orion";"Heureka.cz|Jídlo a nápoje|Sladkosti|Čokoládové figurky|Orion Lanýžové figurky mléčné 315 g";"2025-11-18";235.0
"1191029853";"Orion Lanýžové figurky mléčné 315 g";"Orion";"Heureka.cz|Jídlo a nápoje|Sladkosti|Čokoládové figurky|Orion Lanýžové figurky mléčné 315 g";"2025-11-18";270.0
"1191029853";"Orion Lanýžové figurky mléčné 315 g";"Orion";"Heureka.cz|Jídlo a nápoje|Sladkosti|Čokoládové figurky|Orion Lanýžové figurky mléčné 315 g";"2025-11-18";326.0
"1191029853";"Orion Lanýžové figurky mléčné 315 g";"Orion";"Heureka.cz|Jídlo a nápoje|Sladkosti|Čokoládové figurky|Orion Lanýžové figurky mléčné 315 g";"2025-11-19";0.0
"1191029853";"Orion Lanýžové figurky mléčné 315 g";"Orion";"Heureka.cz|Jídlo a nápoje|Sladkosti|Čokoládové figurky|Orion Lanýžové figurky mléčné 315 g";"2025-11-19";0.0
"1191029853";"Orion Lanýžové figurky mléčné 315 g";"Orion";"Heureka.cz|Jídlo a nápoje|Sladkosti|Čokoládové figurky|Orion Lanýžové figurky mléčné 315 g";"2025-11-19";235.0
"1191029853";"Orion Lanýžové figurky mléčné 315 g";"Orion";"Heureka.cz|Jídlo a nápoje|Sladkosti|Čokoládové figurky|Orion Lanýžové figurky mléčné 315 g";"2025-11-19";270.0
"1191029853";"Orion Lanýžové figurky mléčné 315 g";"Orion";"Heureka.cz|Jídlo a nápoje|Sladkosti|Čokoládové figurky|Orion Lanýžové figurky mléčné 315 g";"2025-11-19";326.0
"1191029853";"Orion Lanýžové figurky mléčné 315 g";"Orion";"Heureka.cz|Jídlo a nápoje|Sladkosti|Čokoládové figurky|Orion Lanýžové figurky mléčné 315 g";"2025-11-20";0.0
"1191029853";"Orion Lanýžové figurky mléčné 315 g";"Orion";"Heureka.cz|Jídlo a nápoje|Sladkosti|Čokoládové figurky|Orion Lanýžové figurky mléčné 315 g";"2025-11-20";0.0
"1191029853";"Orion Lanýžové figurky mléčné 315 g";"Orion";"Heureka.cz|Jídlo a nápoje|Sladkosti|Čokoládové figurky|Orion Lanýžové figurky mléčné 315 g";"2025-11-20";235.0
"1191029853";"Orion Lanýžové figurky mléčné 315 g";"Orion";"Heureka.cz|Jídlo a nápoje|Sladkosti|Čokoládové figurky|Orion Lanýžové figurky mléčné 315 g";"2025-11-20";270.0
"1191029853";"Orion Lanýžové figurky mléčné 315 g";"Orion";"Heureka.cz|Jídlo a nápoje|Sladkosti|Čokoládové figurky|Orion Lanýžové figurky mléčné 315 g";"2025-11-20";326.0
"1191029853";"Orion Lanýžové figurky mléčné 315 g";"Orion";"Heureka.cz|Jídlo a nápoje|Sladkosti|Čokoládové figurky|Orion Lanýžové figurky mléčné 315 g";"2025-11-21";223.0
"1191029853";"Orion Lanýžové figurky mléčné 315 g";"Orion";"Heureka.cz|Jídlo a nápoje|Sladkosti|Čokoládové figurky|Orion Lanýžové figurky mléčné 315 g";"2025-11-21";0.0
"1191029853";"Orion Lanýžové figurky mléčné 315 g";"Orion";"Heureka.cz|Jídlo a nápoje|Sladkosti|Čokoládové figurky|Orion Lanýžové figurky mléčné 315 g";"2025-11-21";235.0
"1191029853";"Orion Lanýžové figurky mléčné 315 g";"Orion";"Heureka.cz|Jídlo a nápoje|Sladkosti|Čokoládové figurky|Orion Lanýžové figurky mléčné 315 g";"2025-11-21";270.0
"1191029853";"Orion Lanýžové figurky mléčné 315 g";"Orion";"Heureka.cz|Jídlo a nápoje|Sladkosti|Čokoládové figurky|Orion Lanýžové figurky mléčné 315 g";"2025-11-21";326.0
"1191029853";"Orion Lanýžové figurky mléčné 315 g";"Orion";"Heureka.cz|Jídlo a nápoje|Sladkosti|Čokoládové figurky|Orion Lanýžové figurky mléčné 315 g";"2025-11-22";223.0
"1191029853";"Orion Lanýžové figurky mléčné 315 g";"Orion";"Heureka.cz|Jídlo a nápoje|Sladkosti|Čokoládové figurky|Orion Lanýžové figurky mléčné 315 g";"2025-11-22";0.0
"1191029853";"Orion Lanýžové figurky mléčné 315 g";"Orion";"Heureka.cz|Jídlo a nápoje|Sladkosti|Čokoládové figurky|Orion Lanýžové figurky mléčné 315 g";"2025-11-22";235.0
"1191029853";"Orion Lanýžové figurky mléčné 315 g";"Orion";"Heureka.cz|Jídlo a nápoje|Sladkosti|Čokoládové figurky|Orion Lanýžové figurky mléčné 315 g";"2025-11-22";250.0
"1191029853";"Orion Lanýžové figurky mléčné 315 g";"Orion";"Heureka.cz|Jídlo a nápoje|Sladkosti|Čokoládové figurky|Orion Lanýžové figurky mléčné 315 g";"2025-11-22";326.0
"1191029853";"Orion Lanýžové figurky mléčné 315 g";"Orion";"Heureka.cz|Jídlo a nápoje|Sladkosti|Čokoládové figurky|Orion Lanýžové figurky mléčné 315 g";"2025-11-23";223.0
"1191029853";"Orion Lanýžové figurky mléčné 315 g";"Orion";"Heureka.cz|Jídlo a nápoje|Sladkosti|Čokoládové figurky|Orion Lanýžové figurky mléčné 315 g";"2025-11-23";0.0
"1191029853";"Orion Lanýžové figurky mléčné 315 g";"Orion";"Heureka.cz|Jídlo a nápoje|Sladkosti|Čokoládové figurky|Orion Lanýžové figurky mléčné 315 g";"2025-11-23";235.0
"1191029853";"Orion Lanýžové figurky mléčné 315 g";"Orion";"Heureka.cz|Jídlo a nápoje|Sladkosti|Čokoládové figurky|Orion Lanýžové figurky mléčné 315 g";"2025-11-23";250.0
"1191029853";"Orion Lanýžové figurky mléčné 315 g";"Orion";"Heureka.cz|Jídlo a nápoje|Sladkosti|Čokoládové figurky|Orion Lanýžové figurky mléčné 315 g";"2025-11-23";326.0
"1191029853";"Orion Lanýžové figurky mléčné 315 g";"Orion";"Heureka.cz|Jídlo a nápoje|Sladkosti|Čokoládové figurky|Orion Lanýžové figurky mléčné 315 g";"2025-11-24";223.0
"1191029853";"Orion Lanýžové figurky mléčné 315 g";"Orion";"Heureka.cz|Jídlo a nápoje|Sladkosti|Čokoládové figurky|Orion Lanýžové figurky mléčné 315 g";"2025-11-24";235.0
"1191029853";"Orion Lanýžové figurky mléčné 315 g";"Orion";"Heureka.cz|Jídlo a nápoje|Sladkosti|Čokoládové figurky|Orion Lanýžové figurky mléčné 315 g";"2025-11-24";250.0
"1191029853";"Orion Lanýžové figurky mléčné 315 g";"Orion";"Heureka.cz|Jídlo a nápoje|Sladkosti|Čokoládové figurky|Orion Lanýžové figurky mléčné 315 g";"2025-11-24";326.0
"1191029853";"Orion Lanýžové figurky mléčné 315 g";"Orion";"Heureka.cz|Jídlo a nápoje|Sladkosti|Čokoládové figurky|Orion Lanýžové figurky mléčné 315 g";"2025-11-25";223.0
"1191029853";"Orion Lanýžové figurky mléčné 315 g";"Orion";"Heureka.cz|Jídlo a nápoje|Sladkosti|Čokoládové figurky|Orion Lanýžové figurky mléčné 315 g";"2025-11-25";235.0
"1191029853";"Orion Lanýžové figurky mléčné 315 g";"Orion";"Heureka.cz|Jídlo a nápoje|Sladkosti|Čokoládové figurky|Orion Lanýžové figurky mléčné 315 g";"2025-11-25";250.0
"1191029853";"Orion Lanýžové figurky mléčné 315 g";"Orion";"Heureka.cz|Jídlo a nápoje|Sladkosti|Čokoládové figurky|Orion Lanýžové figurky mléčné 315 g";"2025-11-25";326.0
"1191029853";"Orion Lanýžové figurky mléčné 315 g";"Orion";"Heureka.cz|Jídlo a nápoje|Sladkosti|Čokoládové figurky|Orion Lanýžové figurky mléčné 315 g";"2025-11-26";235.0
"1191029853";"Orion Lanýžové figurky mléčné 315 g";"Orion";"Heureka.cz|Jídlo a nápoje|Sladkosti|Čokoládové figurky|Orion Lanýžové figurky mléčné 315 g";"2025-11-26";250.0
"1191029853";"Orion Lanýžové figurky mléčné 315 g";"Orion";"Heureka.cz|Jídlo a nápoje|Sladkosti|Čokoládové figurky|Orion Lanýžové figurky mléčné 315 g";"2025-11-26";326.0
"1191029853";"Orion Lanýžové figurky mléčné 315 g";"Orion";"Heureka.cz|Jídlo a nápoje|Sladkosti|Čokoládové figurky|Orion Lanýžové figurky mléčné 315 g";"2025-11-27";235.0
"1191029853";"Orion Lanýžové figurky mléčné 315 g";"Orion";"Heureka.cz|Jídlo a nápoje|Sladkosti|Čokoládové figurky|Orion Lanýžové figurky mléčné 315 g";"2025-11-27";250.0
"1191029853";"Orion Lanýžové figurky mléčné 315 g";"Orion";"Heureka.cz|Jídlo a nápoje|Sladkosti|Čokoládové figurky|Orion Lanýžové figurky mléčné 315 g";"2025-11-27";326.0
"1191029853";"Orion Lanýžové figurky mléčné 315 g";"Orion";"Heureka.cz|Jídlo a nápoje|Sladkosti|Čokoládové figurky|Orion Lanýžové figurky mléčné 315 g";"2025-11-28";235.0
"1191029853";"Orion Lanýžové figurky mléčné 315 g";"Orion";"Heureka.cz|Jídlo a nápoje|Sladkosti|Čokoládové figurky|Orion Lanýžové figurky mléčné 315 g";"2025-11-28";250.0
"1191029853";"Orion Lanýžové figurky mléčné 315 g";"Orion";"Heureka.cz|Jídlo a nápoje|Sladkosti|Čokoládové figurky|Orion Lanýžové figurky mléčné 315 g";"2025-11-29";235.0
"1191029853";"Orion Lanýžové figurky mléčné 315 g";"Orion";"Heureka.cz|Jídlo a nápoje|Sladkosti|Čokoládové figurky|Orion Lanýžové figurky mléčné 315 g";"2025-11-29";250.0
"1191029853";"Orion Lanýžové figurky mléčné 315 g";"Orion";"Heureka.cz|Jídlo a nápoje|Sladkosti|Čokoládové figurky|Orion Lanýžové figurky mléčné 315 g";"2025-11-30";235.0
"1191029853";"Orion Lanýžové figurky mléčné 315 g";"Orion";"Heureka.cz|Jídlo a nápoje|Sladkosti|Čokoládové figurky|Orion Lanýžové figurky mléčné 315 g";"2025-11-30";250.0
"1191029853";"Orion Lanýžové figurky mléčné 315 g";"Orion";"Heureka.cz|Jídlo a nápoje|Sladkosti|Čokoládové figurky|Orion Lanýžové figurky mléčné 315 g";"2025-12-01";235.0
"1191029853";"Orion Lanýžové figurky mléčné 315 g";"Orion";"Heureka.cz|Jídlo a nápoje|Sladkosti|Čokoládové figurky|Orion Lanýžové figurky mléčné 315 g";"2025-12-01";250.0
"1191029853";"Orion Lanýžové figurky mléčné 315 g";"Orion";"Heureka.cz|Jídlo a nápoje|Sladkosti|Čokoládové figurky|Orion Lanýžové figurky mléčné 315 g";"2025-12-02";235.0
"1191029853";"Orion Lanýžové figurky mléčné 315 g";"Orion";"Heureka.cz|Jídlo a nápoje|Sladkosti|Čokoládové figurky|Orion Lanýžové figurky mléčné 315 g";"2025-12-02";250.0
"1191029853";"Orion Lanýžové figurky mléčné 315 g";"Orion";"Heureka.cz|Jídlo a nápoje|Sladkosti|Čokoládové figurky|Orion Lanýžové figurky mléčné 315 g";"2025-12-02";326.0
"1191029853";"Orion Lanýžové figurky mléčné 315 g";"Orion";"Heureka.cz|Jídlo a nápoje|Sladkosti|Čokoládové figurky|Orion Lanýžové figurky mléčné 315 g";"2025-12-03";235.0
"1191029853";"Orion Lanýžové figurky mléčné 315 g";"Orion";"Heureka.cz|Jídlo a nápoje|Sladkosti|Čokoládové figurky|Orion Lanýžové figurky mléčné 315 g";"2025-12-03";250.0
"1191029853";"Orion Lanýžové figurky mléčné 315 g";"Orion";"Heureka.cz|Jídlo a nápoje|Sladkosti|Čokoládové figurky|Orion Lanýžové figurky mléčné 315 g";"2025-12-03";326.0
"1191029853";"Orion Lanýžové figurky mléčné 315 g";"Orion";"Heureka.cz|Jídlo a nápoje|Sladkosti|Čokoládové figurky|Orion Lanýžové figurky mléčné 315 g";"2025-12-04";235.0
"1191029853";"Orion Lanýžové figurky mléčné 315 g";"Orion";"Heureka.cz|Jídlo a nápoje|Sladkosti|Čokoládové figurky|Orion Lanýžové figurky mléčné 315 g";"2025-12-04";250.0
"1191029853";"Orion Lanýžové figurky mléčné 315 g";"Orion";"Heureka.cz|Jídlo a nápoje|Sladkosti|Čokoládové figurky|Orion Lanýžové figurky mléčné 315 g";"2025-12-04";326.0
"1191029853";"Orion Lanýžové figurky mléčné 315 g";"Orion";"Heureka.cz|Jídlo a nápoje|Sladkosti|Čokoládové figurky|Orion Lanýžové figurky mléčné 315 g";"2025-12-05";235.0
"1191029853";"Orion Lanýžové figurky mléčné 315 g";"Orion";"Heureka.cz|Jídlo a nápoje|Sladkosti|Čokoládové figurky|Orion Lanýžové figurky mléčné 315 g";"2025-12-05";250.0
"1191029853";"Orion Lanýžové figurky mléčné 315 g";"Orion";"Heureka.cz|Jídlo a nápoje|Sladkosti|Čokoládové figurky|Orion Lanýžové figurky mléčné 315 g";"2025-12-05";326.0
"1191029853";"Orion Lanýžové figurky mléčné 315 g";"Orion";"Heureka.cz|Jídlo a nápoje|Sladkosti|Čokoládové figurky|Orion Lanýžové figurky mléčné 315 g";"2025-12-06";235.0
"1191029853";"Orion Lanýžové figurky mléčné 315 g";"Orion";"Heureka.cz|Jídlo a nápoje|Sladkosti|Čokoládové figurky|Orion Lanýžové figurky mléčné 315 g";"2025-12-06";250.0
"1191029853";"Orion Lanýžové figurky mléčné 315 g";"Orion";"Heureka.cz|Jídlo a nápoje|Sladkosti|Čokoládové figurky|Orion Lanýžové figurky mléčné 315 g";"2025-12-06";326.0
"1191029853";"Orion Lanýžové figurky mléčné 315 g";"Orion";"Heureka.cz|Jídlo a nápoje|Sladkosti|Čokoládové figurky|Orion Lanýžové figurky mléčné 315 g";"2025-12-07";235.0
"1191029853";"Orion Lanýžové figurky mléčné 315 g";"Orion";"Heureka.cz|Jídlo a nápoje|Sladkosti|Čokoládové figurky|Orion Lanýžové figurky mléčné 315 g";"2025-12-07";250.0
"1191029853";"Orion Lanýžové figurky mléčné 315 g";"Orion";"Heureka.cz|Jídlo a nápoje|Sladkosti|Čokoládové figurky|Orion Lanýžové figurky mléčné 315 g";"2025-12-07";326.0
"1191029853";"Orion Lanýžové figurky mléčné 315 g";"Orion";"Heureka.cz|Jídlo a nápoje|Sladkosti|Čokoládové figurky|Orion Lanýžové figurky mléčné 315 g";"2025-12-08";235.0
"1191029853";"Orion Lanýžové figurky mléčné 315 g";"Orion";"Heureka.cz|Jídlo a nápoje|Sladkosti|Čokoládové figurky|Orion Lanýžové figurky mléčné 315 g";"2025-12-08";250.0
"1191029853";"Orion Lanýžové figurky mléčné 315 g";"Orion";"Heureka.cz|Jídlo a nápoje|Sladkosti|Čokoládové figurky|Orion Lanýžové figurky mléčné 315 g";"2025-12-08";326.0
"1191029854";"Orion Lanýžové figurky hořké 315 g";"Orion";"Heureka.cz|Jídlo a nápoje|Sladkosti|Čokoládové figurky|Orion Lanýžové figurky hořké 315 g";"2025-10-23";300.0
"1191029854";"Orion Lanýžové figurky hořké 315 g";"Orion";"Heureka.cz|Jídlo a nápoje|Sladkosti|Čokoládové figurky|Orion Lanýžové figurky hořké 315 g";"2025-11-05";270.0
"1191029854";"Orion Lanýžové figurky hořké 315 g";"Orion";"Heureka.cz|Jídlo a nápoje|Sladkosti|Čokoládové figurky|Orion Lanýžové figurky hořké 315 g";"2025-11-06";240.0
"1191029854";"Orion Lanýžové figurky hořké 315 g";"Orion";"Heureka.cz|Jídlo a nápoje|Sladkosti|Čokoládové figurky|Orion Lanýžové figurky hořké 315 g";"2025-11-06";270.0
"1191029854";"Orion Lanýžové figurky hořké 315 g";"Orion";"Heureka.cz|Jídlo a nápoje|Sladkosti|Čokoládové figurky|Orion Lanýžové figurky hořké 315 g";"2025-11-07";240.0
"1191029854";"Orion Lanýžové figurky hořké 315 g";"Orion";"Heureka.cz|Jídlo a nápoje|Sladkosti|Čokoládové figurky|Orion Lanýžové figurky hořké 315 g";"2025-11-07";270.0
"1191029854";"Orion Lanýžové figurky hořké 315 g";"Orion";"Heureka.cz|Jídlo a nápoje|Sladkosti|Čokoládové figurky|Orion Lanýžové figurky hořké 315 g";"2025-11-08";240.0
"1191029854";"Orion Lanýžové figurky hořké 315 g";"Orion";"Heureka.cz|Jídlo a nápoje|Sladkosti|Čokoládové figurky|Orion Lanýžové figurky hořké 315 g";"2025-11-08";270.0
"1191029854";"Orion Lanýžové figurky hořké 315 g";"Orion";"Heureka.cz|Jídlo a nápoje|Sladkosti|Čokoládové figurky|Orion Lanýžové figurky hořké 315 g";"2025-11-09";240.0
"1191029854";"Orion Lanýžové figurky hořké 315 g";"Orion";"Heureka.cz|Jídlo a nápoje|Sladkosti|Čokoládové figurky|Orion Lanýžové figurky hořké 315 g";"2025-11-09";270.0
"1191029854";"Orion Lanýžové figurky hořké 315 g";"Orion";"Heureka.cz|Jídlo a nápoje|Sladkosti|Čokoládové figurky|Orion Lanýžové figurky hořké 315 g";"2025-11-09";293.0
"1191029854";"Orion Lanýžové figurky hořké 315 g";"Orion";"Heureka.cz|Jídlo a nápoje|Sladkosti|Čokoládové figurky|Orion Lanýžové figurky hořké 315 g";"2025-11-09";298.0
"1191029854";"Orion Lanýžové figurky hořké 315 g";"Orion";"Heureka.cz|Jídlo a nápoje|Sladkosti|Čokoládové figurky|Orion Lanýžové figurky hořké 315 g";"2025-11-10";0.0
"1191029854";"Orion Lanýžové figurky hořké 315 g";"Orion";"Heureka.cz|Jídlo a nápoje|Sladkosti|Čokoládové figurky|Orion Lanýžové figurky hořké 315 g";"2025-11-10";0.0
"1191029854";"Orion Lanýžové figurky hořké 315 g";"Orion";"Heureka.cz|Jídlo a nápoje|Sladkosti|Čokoládové figurky|Orion Lanýžové figurky hořké 315 g";"2025-11-11";0.0
"1191029854";"Orion Lanýžové figurky hořké 315 g";"Orion";"Heureka.cz|Jídlo a nápoje|Sladkosti|Čokoládové figurky|Orion Lanýžové figurky hořké 315 g";"2025-11-11";0.0
"1191029854";"Orion Lanýžové figurky hořké 315 g";"Orion";"Heureka.cz|Jídlo a nápoje|Sladkosti|Čokoládové figurky|Orion Lanýžové figurky hořké 315 g";"2025-11-12";0.0
"1191029854";"Orion Lanýžové figurky hořké 315 g";"Orion";"Heureka.cz|Jídlo a nápoje|Sladkosti|Čokoládové figurky|Orion Lanýžové figurky hořké 315 g";"2025-11-12";0.0
"1191029854";"Orion Lanýžové figurky hořké 315 g";"Orion";"Heureka.cz|Jídlo a nápoje|Sladkosti|Čokoládové figurky|Orion Lanýžové figurky hořké 315 g";"2025-11-12";293.0
"1191029854";"Orion Lanýžové figurky hořké 315 g";"Orion";"Heureka.cz|Jídlo a nápoje|Sladkosti|Čokoládové figurky|Orion Lanýžové figurky hořké 315 g";"2025-11-13";0.0
"1191029854";"Orion Lanýžové figurky hořké 315 g";"Orion";"Heureka.cz|Jídlo a nápoje|Sladkosti|Čokoládové figurky|Orion Lanýžové figurky hořké 315 g";"2025-11-13";0.0
"1191029854";"Orion Lanýžové figurky hořké 315 g";"Orion";"Heureka.cz|Jídlo a nápoje|Sladkosti|Čokoládové figurky|Orion Lanýžové figurky hořké 315 g";"2025-11-14";0.0
"1191029854";"Orion Lanýžové figurky hořké 315 g";"Orion";"Heureka.cz|Jídlo a nápoje|Sladkosti|Čokoládové figurky|Orion Lanýžové figurky hořké 315 g";"2025-11-14";0.0
"1191029854";"Orion Lanýžové figurky hořké 315 g";"Orion";"Heureka.cz|Jídlo a nápoje|Sladkosti|Čokoládové figurky|Orion Lanýžové figurky hořké 315 g";"2025-11-15";0.0
"1191029854";"Orion Lanýžové figurky hořké 315 g";"Orion";"Heureka.cz|Jídlo a nápoje|Sladkosti|Čokoládové figurky|Orion Lanýžové figurky hořké 315 g";"2025-11-15";270.0
"1191029854";"Orion Lanýžové figurky hořké 315 g";"Orion";"Heureka.cz|Jídlo a nápoje|Sladkosti|Čokoládové figurky|Orion Lanýžové figurky hořké 315 g";"2025-11-16";0.0
"1191029854";"Orion Lanýžové figurky hořké 315 g";"Orion";"Heureka.cz|Jídlo a nápoje|Sladkosti|Čokoládové figurky|Orion Lanýžové figurky hořké 315 g";"2025-11-16";270.0
"1191029854";"Orion Lanýžové figurky hořké 315 g";"Orion";"Heureka.cz|Jídlo a nápoje|Sladkosti|Čokoládové figurky|Orion Lanýžové figurky hořké 315 g";"2025-11-16";297.0
"1191029854";"Orion Lanýžové figurky hořké 315 g";"Orion";"Heureka.cz|Jídlo a nápoje|Sladkosti|Čokoládové figurky|Orion Lanýžové figurky hořké 315 g";"2025-11-16";303.0
"1191029854";"Orion Lanýžové figurky hořké 315 g";"Orion";"Heureka.cz|Jídlo a nápoje|Sladkosti|Čokoládové figurky|Orion Lanýžové figurky hořké 315 g";"2025-11-17";0.0
"1191029854";"Orion Lanýžové figurky hořké 315 g";"Orion";"Heureka.cz|Jídlo a nápoje|Sladkosti|Čokoládové figurky|Orion Lanýžové figurky hořké 315 g";"2025-11-17";270.0
"1191029854";"Orion Lanýžové figurky hořké 315 g";"Orion";"Heureka.cz|Jídlo a nápoje|Sladkosti|Čokoládové figurky|Orion Lanýžové figurky hořké 315 g";"2025-11-18";0.0
"1191029854";"Orion Lanýžové figurky hořké 315 g";"Orion";"Heureka.cz|Jídlo a nápoje|Sladkosti|Čokoládové figurky|Orion Lanýžové figurky hořké 315 g";"2025-11-18";270.0
"1191029854";"Orion Lanýžové figurky hořké 315 g";"Orion";"Heureka.cz|Jídlo a nápoje|Sladkosti|Čokoládové figurky|Orion Lanýžové figurky hořké 315 g";"2025-11-19";0.0
"1191029854";"Orion Lanýžové figurky hořké 315 g";"Orion";"Heureka.cz|Jídlo a nápoje|Sladkosti|Čokoládové figurky|Orion Lanýžové figurky hořké 315 g";"2025-11-19";270.0
"1191029854";"Orion Lanýžové figurky hořké 315 g";"Orion";"Heureka.cz|Jídlo a nápoje|Sladkosti|Čokoládové figurky|Orion Lanýžové figurky hořké 315 g";"2025-11-20";0.0
"1191029854";"Orion Lanýžové figurky hořké 315 g";"Orion";"Heureka.cz|Jídlo a nápoje|Sladkosti|Čokoládové figurky|Orion Lanýžové figurky hořké 315 g";"2025-11-20";270.0
"1191029854";"Orion Lanýžové figurky hořké 315 g";"Orion";"Heureka.cz|Jídlo a nápoje|Sladkosti|Čokoládové figurky|Orion Lanýžové figurky hořké 315 g";"2025-11-21";0.0
"1191029854";"Orion Lanýžové figurky hořké 315 g";"Orion";"Heureka.cz|Jídlo a nápoje|Sladkosti|Čokoládové figurky|Orion Lanýžové figurky hořké 315 g";"2025-11-21";270.0
"1191029854";"Orion Lanýžové figurky hořké 315 g";"Orion";"Heureka.cz|Jídlo a nápoje|Sladkosti|Čokoládové figurky|Orion Lanýžové figurky hořké 315 g";"2025-11-22";0.0
"1191029854";"Orion Lanýžové figurky hořké 315 g";"Orion";"Heureka.cz|Jídlo a nápoje|Sladkosti|Čokoládové figurky|Orion Lanýžové figurky hořké 315 g";"2025-11-22";270.0
"1191029854";"Orion Lanýžové figurky hořké 315 g";"Orion";"Heureka.cz|Jídlo a nápoje|Sladkosti|Čokoládové figurky|Orion Lanýžové figurky hořké 315 g";"2025-11-23";0.0
"1191029854";"Orion Lanýžové figurky hořké 315 g";"Orion";"Heureka.cz|Jídlo a nápoje|Sladkosti|Čokoládové figurky|Orion Lanýžové figurky hořké 315 g";"2025-11-23";270.0
"1191029854";"Orion Lanýžové figurky hořké 315 g";"Orion";"Heureka.cz|Jídlo a nápoje|Sladkosti|Čokoládové figurky|Orion Lanýžové figurky hořké 315 g";"2025-11-24";270.0
"1191029854";"Orion Lanýžové figurky hořké 315 g";"Orion";"Heureka.cz|Jídlo a nápoje|Sladkosti|Čokoládové figurky|Orion Lanýžové figurky hořké 315 g";"2025-11-25";270.0
"1191029854";"Orion Lanýžové figurky hořké 315 g";"Orion";"Heureka.cz|Jídlo a nápoje|Sladkosti|Čokoládové figurky|Orion Lanýžové figurky hořké 315 g";"2025-11-26";270.0
"1191029854";"Orion Lanýžové figurky hořké 315 g";"Orion";"Heureka.cz|Jídlo a nápoje|Sladkosti|Čokoládové figurky|Orion Lanýžové figurky hořké 315 g";"2025-11-27";270.0
"1191029854";"Orion Lanýžové figurky hořké 315 g";"Orion";"Heureka.cz|Jídlo a nápoje|Sladkosti|Čokoládové figurky|Orion Lanýžové figurky hořké 315 g";"2025-11-28";270.0
"1191029854";"Orion Lanýžové figurky hořké 315 g";"Orion";"Heureka.cz|Jídlo a nápoje|Sladkosti|Čokoládové figurky|Orion Lanýžové figurky hořké 315 g";"2025-11-29";270.0
"1191029854";"Orion Lanýžové figurky hořké 315 g";"Orion";"Heureka.cz|Jídlo a nápoje|Sladkosti|Čokoládové figurky|Orion Lanýžové figurky hořké 315 g";"2025-11-30";270.0
"1191029854";"Orion Lanýžové figurky hořké 315 g";"Orion";"Heureka.cz|Jídlo a nápoje|Sladkosti|Čokoládové figurky|Orion Lanýžové figurky hořké 315 g";"2025-12-01";270.0
"1191029854";"Orion Lanýžové figurky hořké 315 g";"Orion";"Heureka.cz|Jídlo a nápoje|Sladkosti|Čokoládové figurky|Orion Lanýžové figurky hořké 315 g";"2025-12-02";270.0
"1191029854";"Orion Lanýžové figurky hořké 315 g";"Orion";"Heureka.cz|Jídlo a nápoje|Sladkosti|Čokoládové figurky|Orion Lanýžové figurky hořké 315 g";"2025-12-03";270.0
"1191029854";"Orion Lanýžové figurky hořké 315 g";"Orion";"Heureka.cz|Jídlo a nápoje|Sladkosti|Čokoládové figurky|Orion Lanýžové figurky hořké 315 g";"2025-12-04";270.0
"1191029854";"Orion Lanýžové figurky hořké 315 g";"Orion";"Heureka.cz|Jídlo a nápoje|Sladkosti|Čokoládové figurky|Orion Lanýžové figurky hořké 315 g";"2025-12-05";270.0
"1191029854";"Orion Lanýžové figurky hořké 315 g";"Orion";"Heureka.cz|Jídlo a nápoje|Sladkosti|Čokoládové figurky|Orion Lanýžové figurky hořké 315 g";"2025-12-06";270.0
"1191029854";"Orion Lanýžové figurky hořké 315 g";"Orion";"Heureka.cz|Jídlo a nápoje|Sladkosti|Čokoládové figurky|Orion Lanýžové figurky hořké 315 g";"2025-12-07";300.0
"1191029854";"Orion Lanýžové figurky hořké 315 g";"Orion";"Heureka.cz|Jídlo a nápoje|Sladkosti|Čokoládové figurky|Orion Lanýžové figurky hořké 315 g";"2025-12-08";300.0
"1197118337";"Milka Santa 90 g";"Milka";"Heureka.cz|Jídlo a nápoje|Sladkosti|Čokoládové figurky|Milka Santa 90 g";"2025-10-23";68.0
"1197118337";"Milka Santa 90 g";"Milka";"Heureka.cz|Jídlo a nápoje|Sladkosti|Čokoládové figurky|Milka Santa 90 g";"2025-11-05";70.0
"1197118337";"Milka Santa 90 g";"Milka";"Heureka.cz|Jídlo a nápoje|Sladkosti|Čokoládové figurky|Milka Santa 90 g";"2025-11-06";70.0
"1197118337";"Milka Santa 90 g";"Milka";"Heureka.cz|Jídlo a nápoje|Sladkosti|Čokoládové figurky|Milka Santa 90 g";"2025-11-06";70.0
"1197118337";"Milka Santa 90 g";"Milka";"Heureka.cz|Jídlo a nápoje|Sladkosti|Čokoládové figurky|Milka Santa 90 g";"2025-11-07";70.0
"1197118337";"Milka Santa 90 g";"Milka";"Heureka.cz|Jídlo a nápoje|Sladkosti|Čokoládové figurky|Milka Santa 90 g";"2025-11-07";70.0
"1197118337";"Milka Santa 90 g";"Milka";"Heureka.cz|Jídlo a nápoje|Sladkosti|Čokoládové figurky|Milka Santa 90 g";"2025-11-08";70.0
"1197118337";"Milka Santa 90 g";"Milka";"Heureka.cz|Jídlo a nápoje|Sladkosti|Čokoládové figurky|Milka Santa 90 g";"2025-11-08";70.0
"1197118337";"Milka Santa 90 g";"Milka";"Heureka.cz|Jídlo a nápoje|Sladkosti|Čokoládové figurky|Milka Santa 90 g";"2025-11-09";70.0
"1197118337";"Milka Santa 90 g";"Milka";"Heureka.cz|Jídlo a nápoje|Sladkosti|Čokoládové figurky|Milka Santa 90 g";"2025-11-09";70.0
"1197118337";"Milka Santa 90 g";"Milka";"Heureka.cz|Jídlo a nápoje|Sladkosti|Čokoládové figurky|Milka Santa 90 g";"2025-11-09";84.0
"1197118337";"Milka Santa 90 g";"Milka";"Heureka.cz|Jídlo a nápoje|Sladkosti|Čokoládové figurky|Milka Santa 90 g";"2025-11-09";86.0
"1197118337";"Milka Santa 90 g";"Milka";"Heureka.cz|Jídlo a nápoje|Sladkosti|Čokoládové figurky|Milka Santa 90 g";"2025-11-10";70.0
"1197118337";"Milka Santa 90 g";"Milka";"Heureka.cz|Jídlo a nápoje|Sladkosti|Čokoládové figurky|Milka Santa 90 g";"2025-11-10";70.0
"1197118337";"Milka Santa 90 g";"Milka";"Heureka.cz|Jídlo a nápoje|Sladkosti|Čokoládové figurky|Milka Santa 90 g";"2025-11-11";70.0
"1197118337";"Milka Santa 90 g";"Milka";"Heureka.cz|Jídlo a nápoje|Sladkosti|Čokoládové figurky|Milka Santa 90 g";"2025-11-11";70.0
"1197118337";"Milka Santa 90 g";"Milka";"Heureka.cz|Jídlo a nápoje|Sladkosti|Čokoládové figurky|Milka Santa 90 g";"2025-11-12";70.0
"1197118337";"Milka Santa 90 g";"Milka";"Heureka.cz|Jídlo a nápoje|Sladkosti|Čokoládové figurky|Milka Santa 90 g";"2025-11-12";70.0
"1197118337";"Milka Santa 90 g";"Milka";"Heureka.cz|Jídlo a nápoje|Sladkosti|Čokoládové figurky|Milka Santa 90 g";"2025-11-12";84.0
"1197118337";"Milka Santa 90 g";"Milka";"Heureka.cz|Jídlo a nápoje|Sladkosti|Čokoládové figurky|Milka Santa 90 g";"2025-11-13";70.0
"1197118337";"Milka Santa 90 g";"Milka";"Heureka.cz|Jídlo a nápoje|Sladkosti|Čokoládové figurky|Milka Santa 90 g";"2025-11-13";80.0
"1197118337";"Milka Santa 90 g";"Milka";"Heureka.cz|Jídlo a nápoje|Sladkosti|Čokoládové figurky|Milka Santa 90 g";"2025-11-14";70.0
"1197118337";"Milka Santa 90 g";"Milka";"Heureka.cz|Jídlo a nápoje|Sladkosti|Čokoládové figurky|Milka Santa 90 g";"2025-11-14";80.0
"1197118337";"Milka Santa 90 g";"Milka";"Heureka.cz|Jídlo a nápoje|Sladkosti|Čokoládové figurky|Milka Santa 90 g";"2025-11-15";70.0
"1197118337";"Milka Santa 90 g";"Milka";"Heureka.cz|Jídlo a nápoje|Sladkosti|Čokoládové figurky|Milka Santa 90 g";"2025-11-15";80.0
"1197118337";"Milka Santa 90 g";"Milka";"Heureka.cz|Jídlo a nápoje|Sladkosti|Čokoládové figurky|Milka Santa 90 g";"2025-11-16";70.0
"1197118337";"Milka Santa 90 g";"Milka";"Heureka.cz|Jídlo a nápoje|Sladkosti|Čokoládové figurky|Milka Santa 90 g";"2025-11-16";80.0
"1197118337";"Milka Santa 90 g";"Milka";"Heureka.cz|Jídlo a nápoje|Sladkosti|Čokoládové figurky|Milka Santa 90 g";"2025-11-16";85.0
"1197118337";"Milka Santa 90 g";"Milka";"Heureka.cz|Jídlo a nápoje|Sladkosti|Čokoládové figurky|Milka Santa 90 g";"2025-11-16";87.0
"1197118337";"Milka Santa 90 g";"Milka";"Heureka.cz|Jídlo a nápoje|Sladkosti|Čokoládové figurky|Milka Santa 90 g";"2025-11-17";70.0
"1197118337";"Milka Santa 90 g";"Milka";"Heureka.cz|Jídlo a nápoje|Sladkosti|Čokoládové figurky|Milka Santa 90 g";"2025-11-17";80.0
"1197118337";"Milka Santa 90 g";"Milka";"Heureka.cz|Jídlo a nápoje|Sladkosti|Čokoládové figurky|Milka Santa 90 g";"2025-11-18";70.0
"1197118337";"Milka Santa 90 g";"Milka";"Heureka.cz|Jídlo a nápoje|Sladkosti|Čokoládové figurky|Milka Santa 90 g";"2025-11-18";80.0
"1197118337";"Milka Santa 90 g";"Milka";"Heureka.cz|Jídlo a nápoje|Sladkosti|Čokoládové figurky|Milka Santa 90 g";"2025-11-19";70.0
"1197118337";"Milka Santa 90 g";"Milka";"Heureka.cz|Jídlo a nápoje|Sladkosti|Čokoládové figurky|Milka Santa 90 g";"2025-11-19";85.0
"1197118337";"Milka Santa 90 g";"Milka";"Heureka.cz|Jídlo a nápoje|Sladkosti|Čokoládové figurky|Milka Santa 90 g";"2025-11-20";70.0
"1197118337";"Milka Santa 90 g";"Milka";"Heureka.cz|Jídlo a nápoje|Sladkosti|Čokoládové figurky|Milka Santa 90 g";"2025-11-20";85.0
"1197118337";"Milka Santa 90 g";"Milka";"Heureka.cz|Jídlo a nápoje|Sladkosti|Čokoládové figurky|Milka Santa 90 g";"2025-11-21";70.0
"1197118337";"Milka Santa 90 g";"Milka";"Heureka.cz|Jídlo a nápoje|Sladkosti|Čokoládové figurky|Milka Santa 90 g";"2025-11-21";85.0
"1197118337";"Milka Santa 90 g";"Milka";"Heureka.cz|Jídlo a nápoje|Sladkosti|Čokoládové figurky|Milka Santa 90 g";"2025-11-22";70.0
"1197118337";"Milka Santa 90 g";"Milka";"Heureka.cz|Jídlo a nápoje|Sladkosti|Čokoládové figurky|Milka Santa 90 g";"2025-11-22";85.0
"1197118337";"Milka Santa 90 g";"Milka";"Heureka.cz|Jídlo a nápoje|Sladkosti|Čokoládové figurky|Milka Santa 90 g";"2025-11-23";70.0
"1197118337";"Milka Santa 90 g";"Milka";"Heureka.cz|Jídlo a nápoje|Sladkosti|Čokoládové figurky|Milka Santa 90 g";"2025-11-23";85.0
"1197118337";"Milka Santa 90 g";"Milka";"Heureka.cz|Jídlo a nápoje|Sladkosti|Čokoládové figurky|Milka Santa 90 g";"2025-11-24";85.0
"1197118337";"Milka Santa 90 g";"Milka";"Heureka.cz|Jídlo a nápoje|Sladkosti|Čokoládové figurky|Milka Santa 90 g";"2025-11-25";85.0
"1197118337";"Milka Santa 90 g";"Milka";"Heureka.cz|Jídlo a nápoje|Sladkosti|Čokoládové figurky|Milka Santa 90 g";"2025-11-26";85.0
"1197118337";"Milka Santa 90 g";"Milka";"Heureka.cz|Jídlo a nápoje|Sladkosti|Čokoládové figurky|Milka Santa 90 g";"2025-11-27";85.0
"1197118337";"Milka Santa 90 g";"Milka";"Heureka.cz|Jídlo a nápoje|Sladkosti|Čokoládové figurky|Milka Santa 90 g";"2025-11-28";85.0
"1197118337";"Milka Santa 90 g";"Milka";"Heureka.cz|Jídlo a nápoje|Sladkosti|Čokoládové figurky|Milka Santa 90 g";"2025-11-29";85.0
"1197118337";"Milka Santa 90 g";"Milka";"Heureka.cz|Jídlo a nápoje|Sladkosti|Čokoládové figurky|Milka Santa 90 g";"2025-11-30";85.0
"1197118337";"Milka Santa 90 g";"Milka";"Heureka.cz|Jídlo a nápoje|Sladkosti|Čokoládové figurky|Milka Santa 90 g";"2025-12-01";85.0
"1197118337";"Milka Santa 90 g";"Milka";"Heureka.cz|Jídlo a nápoje|Sladkosti|Čokoládové figurky|Milka Santa 90 g";"2025-12-02";85.0
"1197118337";"Milka Santa 90 g";"Milka";"Heureka.cz|Jídlo a nápoje|Sladkosti|Čokoládové figurky|Milka Santa 90 g";"2025-12-03";85.0
"1197118337";"Milka Santa 90 g";"Milka";"Heureka.cz|Jídlo a nápoje|Sladkosti|Čokoládové figurky|Milka Santa 90 g";"2025-12-04";85.0
"1197118337";"Milka Santa 90 g";"Milka";"Heureka.cz|Jídlo a nápoje|Sladkosti|Čokoládové figurky|Milka Santa 90 g";"2025-12-05";85.0
"1197118337";"Milka Santa 90 g";"Milka";"Heureka.cz|Jídlo a nápoje|Sladkosti|Čokoládové figurky|Milka Santa 90 g";"2025-12-06";85.0
"1197118337";"Milka Santa 90 g";"Milka";"Heureka.cz|Jídlo a nápoje|Sladkosti|Čokoládové figurky|Milka Santa 90 g";"2025-12-07";85.0
"1197118337";"Milka Santa 90 g";"Milka";"Heureka.cz|Jídlo a nápoje|Sladkosti|Čokoládové figurky|Milka Santa 90 g";"2025-12-08";85.0
"1201606510";"Severka Čokoládové pastelky Tučnáci 100 g";"Severka";"Heureka.cz|Jídlo a nápoje|Sladkosti|Čokoládové figurky|Severka Čokoládové pastelky Tučnáci 100 g";"2025-10-23";155.0
"1201606510";"Severka Čokoládové pastelky Tučnáci 100 g";"Severka";"Heureka.cz|Jídlo a nápoje|Sladkosti|Čokoládové figurky|Severka Čokoládové pastelky Tučnáci 100 g";"2025-10-23";83.0
"1201606510";"Severka Čokoládové pastelky Tučnáci 100 g";"Severka";"Heureka.cz|Jídlo a nápoje|Sladkosti|Čokoládové figurky|Severka Čokoládové pastelky Tučnáci 100 g";"2025-10-23";95.0
"1201606510";"Severka Čokoládové pastelky Tučnáci 100 g";"Severka";"Heureka.cz|Jídlo a nápoje|Sladkosti|Čokoládové figurky|Severka Čokoládové pastelky Tučnáci 100 g";"2025-10-23";98.0
"1201606510";"Severka Čokoládové pastelky Tučnáci 100 g";"Severka";"Heureka.cz|Jídlo a nápoje|Sladkosti|Čokoládové figurky|Severka Čokoládové pastelky Tučnáci 100 g";"2025-10-23";100.0
"1201606510";"Severka Čokoládové pastelky Tučnáci 100 g";"Severka";"Heureka.cz|Jídlo a nápoje|Sladkosti|Čokoládové figurky|Severka Čokoládové pastelky Tučnáci 100 g";"2025-10-23";100.0
"1201606510";"Severka Čokoládové pastelky Tučnáci 100 g";"Severka";"Heureka.cz|Jídlo a nápoje|Sladkosti|Čokoládové figurky|Severka Čokoládové pastelky Tučnáci 100 g";"2025-10-23";106.0
"1201606510";"Severka Čokoládové pastelky Tučnáci 100 g";"Severka";"Heureka.cz|Jídlo a nápoje|Sladkosti|Čokoládové figurky|Severka Čokoládové pastelky Tučnáci 100 g";"2025-10-23";112.0
"1201606510";"Severka Čokoládové pastelky Tučnáci 100 g";"Severka";"Heureka.cz|Jídlo a nápoje|Sladkosti|Čokoládové figurky|Severka Čokoládové pastelky Tučnáci 100 g";"2025-10-23";119.0
"1201606510";"Severka Čokoládové pastelky Tučnáci 100 g";"Severka";"Heureka.cz|Jídlo a nápoje|Sladkosti|Čokoládové figurky|Severka Čokoládové pastelky Tučnáci 100 g";"2025-10-23";134.0
"1201606510";"Severka Čokoládové pastelky Tučnáci 100 g";"Severka";"Heureka.cz|Jídlo a nápoje|Sladkosti|Čokoládové figurky|Severka Čokoládové pastelky Tučnáci 100 g";"2025-10-23";155.0
"1201606510";"Severka Čokoládové pastelky Tučnáci 100 g";"Severka";"Heureka.cz|Jídlo a nápoje|Sladkosti|Čokoládové figurky|Severka Čokoládové pastelky Tučnáci 100 g";"2025-11-05";155.0
"1201606510";"Severka Čokoládové pastelky Tučnáci 100 g";"Severka";"Heureka.cz|Jídlo a nápoje|Sladkosti|Čokoládové figurky|Severka Čokoládové pastelky Tučnáci 100 g";"2025-11-05";83.0
"1201606510";"Severka Čokoládové pastelky Tučnáci 100 g";"Severka";"Heureka.cz|Jídlo a nápoje|Sladkosti|Čokoládové figurky|Severka Čokoládové pastelky Tučnáci 100 g";"2025-11-05";95.0
"1201606510";"Severka Čokoládové pastelky Tučnáci 100 g";"Severka";"Heureka.cz|Jídlo a nápoje|Sladkosti|Čokoládové figurky|Severka Čokoládové pastelky Tučnáci 100 g";"2025-11-05";95.0
"1201606510";"Severka Čokoládové pastelky Tučnáci 100 g";"Severka";"Heureka.cz|Jídlo a nápoje|Sladkosti|Čokoládové figurky|Severka Čokoládové pastelky Tučnáci 100 g";"2025-11-05";98.0
"1201606510";"Severka Čokoládové pastelky Tučnáci 100 g";"Severka";"Heureka.cz|Jídlo a nápoje|Sladkosti|Čokoládové figurky|Severka Čokoládové pastelky Tučnáci 100 g";"2025-11-05";100.0
"1201606510";"Severka Čokoládové pastelky Tučnáci 100 g";"Severka";"Heureka.cz|Jídlo a nápoje|Sladkosti|Čokoládové figurky|Severka Čokoládové pastelky Tučnáci 100 g";"2025-11-05";106.0
"1201606510";"Severka Čokoládové pastelky Tučnáci 100 g";"Severka";"Heureka.cz|Jídlo a nápoje|Sladkosti|Čokoládové figurky|Severka Čokoládové pastelky Tučnáci 100 g";"2025-11-05";112.0
"1201606510";"Severka Čokoládové pastelky Tučnáci 100 g";"Severka";"Heureka.cz|Jídlo a nápoje|Sladkosti|Čokoládové figurky|Severka Čokoládové pastelky Tučnáci 100 g";"2025-11-05";134.0
"1201606510";"Severka Čokoládové pastelky Tučnáci 100 g";"Severka";"Heureka.cz|Jídlo a nápoje|Sladkosti|Čokoládové figurky|Severka Čokoládové pastelky Tučnáci 100 g";"2025-11-05";155.0
"1201606510";"Severka Čokoládové pastelky Tučnáci 100 g";"Severka";"Heureka.cz|Jídlo a nápoje|Sladkosti|Čokoládové figurky|Severka Čokoládové pastelky Tučnáci 100 g";"2025-11-06";114.0
"1201606510";"Severka Čokoládové pastelky Tučnáci 100 g";"Severka";"Heureka.cz|Jídlo a nápoje|Sladkosti|Čokoládové figurky|Severka Čokoládové pastelky Tučnáci 100 g";"2025-11-06";106.0
"1201606510";"Severka Čokoládové pastelky Tučnáci 100 g";"Severka";"Heureka.cz|Jídlo a nápoje|Sladkosti|Čokoládové figurky|Severka Čokoládové pastelky Tučnáci 100 g";"2025-11-06";155.0
"1201606510";"Severka Čokoládové pastelky Tučnáci 100 g";"Severka";"Heureka.cz|Jídlo a nápoje|Sladkosti|Čokoládové figurky|Severka Čokoládové pastelky Tučnáci 100 g";"2025-11-06";83.0
"1201606510";"Severka Čokoládové pastelky Tučnáci 100 g";"Severka";"Heureka.cz|Jídlo a nápoje|Sladkosti|Čokoládové figurky|Severka Čokoládové pastelky Tučnáci 100 g";"2025-11-06";95.0
"1201606510";"Severka Čokoládové pastelky Tučnáci 100 g";"Severka";"Heureka.cz|Jídlo a nápoje|Sladkosti|Čokoládové figurky|Severka Čokoládové pastelky Tučnáci 100 g";"2025-11-06";95.0
"1201606510";"Severka Čokoládové pastelky Tučnáci 100 g";"Severka";"Heureka.cz|Jídlo a nápoje|Sladkosti|Čokoládové figurky|Severka Čokoládové pastelky Tučnáci 100 g";"2025-11-06";98.0
"1201606510";"Severka Čokoládové pastelky Tučnáci 100 g";"Severka";"Heureka.cz|Jídlo a nápoje|Sladkosti|Čokoládové figurky|Severka Čokoládové pastelky Tučnáci 100 g";"2025-11-06";100.0
"1201606510";"Severka Čokoládové pastelky Tučnáci 100 g";"Severka";"Heureka.cz|Jídlo a nápoje|Sladkosti|Čokoládové figurky|Severka Čokoládové pastelky Tučnáci 100 g";"2025-11-06";112.0
"1201606510";"Severka Čokoládové pastelky Tučnáci 100 g";"Severka";"Heureka.cz|Jídlo a nápoje|Sladkosti|Čokoládové figurky|Severka Čokoládové pastelky Tučnáci 100 g";"2025-11-06";155.0
"1201606510";"Severka Čokoládové pastelky Tučnáci 100 g";"Severka";"Heureka.cz|Jídlo a nápoje|Sladkosti|Čokoládové figurky|Severka Čokoládové pastelky Tučnáci 100 g";"2025-11-07";114.0
"1201606510";"Severka Čokoládové pastelky Tučnáci 100 g";"Severka";"Heureka.cz|Jídlo a nápoje|Sladkosti|Čokoládové figurky|Severka Čokoládové pastelky Tučnáci 100 g";"2025-11-07";106.0
"1201606510";"Severka Čokoládové pastelky Tučnáci 100 g";"Severka";"Heureka.cz|Jídlo a nápoje|Sladkosti|Čokoládové figurky|Severka Čokoládové pastelky Tučnáci 100 g";"2025-11-07";155.0
"1201606510";"Severka Čokoládové pastelky Tučnáci 100 g";"Severka";"Heureka.cz|Jídlo a nápoje|Sladkosti|Čokoládové figurky|Severka Čokoládové pastelky Tučnáci 100 g";"2025-11-07";83.0
"1201606510";"Severka Čokoládové pastelky Tučnáci 100 g";"Severka";"Heureka.cz|Jídlo a nápoje|Sladkosti|Čokoládové figurky|Severka Čokoládové pastelky Tučnáci 100 g";"2025-11-07";95.0
"1201606510";"Severka Čokoládové pastelky Tučnáci 100 g";"Severka";"Heureka.cz|Jídlo a nápoje|Sladkosti|Čokoládové figurky|Severka Čokoládové pastelky Tučnáci 100 g";"2025-11-07";95.0
"1201606510";"Severka Čokoládové pastelky Tučnáci 100 g";"Severka";"Heureka.cz|Jídlo a nápoje|Sladkosti|Čokoládové figurky|Severka Čokoládové pastelky Tučnáci 100 g";"2025-11-07";98.0
"1201606510";"Severka Čokoládové pastelky Tučnáci 100 g";"Severka";"Heureka.cz|Jídlo a nápoje|Sladkosti|Čokoládové figurky|Severka Čokoládové pastelky Tučnáci 100 g";"2025-11-07";100.0
"1201606510";"Severka Čokoládové pastelky Tučnáci 100 g";"Severka";"Heureka.cz|Jídlo a nápoje|Sladkosti|Čokoládové figurky|Severka Čokoládové pastelky Tučnáci 100 g";"2025-11-07";112.0
"1201606510";"Severka Čokoládové pastelky Tučnáci 100 g";"Severka";"Heureka.cz|Jídlo a nápoje|Sladkosti|Čokoládové figurky|Severka Čokoládové pastelky Tučnáci 100 g";"2025-11-07";155.0
"1201606510";"Severka Čokoládové pastelky Tučnáci 100 g";"Severka";"Heureka.cz|Jídlo a nápoje|Sladkosti|Čokoládové figurky|Severka Čokoládové pastelky Tučnáci 100 g";"2025-11-08";106.0
"1201606510";"Severka Čokoládové pastelky Tučnáci 100 g";"Severka";"Heureka.cz|Jídlo a nápoje|Sladkosti|Čokoládové figurky|Severka Čokoládové pastelky Tučnáci 100 g";"2025-11-08";114.0
"1201606510";"Severka Čokoládové pastelky Tučnáci 100 g";"Severka";"Heureka.cz|Jídlo a nápoje|Sladkosti|Čokoládové figurky|Severka Čokoládové pastelky Tučnáci 100 g";"2025-11-08";155.0
"1201606510";"Severka Čokoládové pastelky Tučnáci 100 g";"Severka";"Heureka.cz|Jídlo a nápoje|Sladkosti|Čokoládové figurky|Severka Čokoládové pastelky Tučnáci 100 g";"2025-11-08";83.0
"1201606510";"Severka Čokoládové pastelky Tučnáci 100 g";"Severka";"Heureka.cz|Jídlo a nápoje|Sladkosti|Čokoládové figurky|Severka Čokoládové pastelky Tučnáci 100 g";"2025-11-08";95.0
"1201606510";"Severka Čokoládové pastelky Tučnáci 100 g";"Severka";"Heureka.cz|Jídlo a nápoje|Sladkosti|Čokoládové figurky|Severka Čokoládové pastelky Tučnáci 100 g";"2025-11-08";95.0
"1201606510";"Severka Čokoládové pastelky Tučnáci 100 g";"Severka";"Heureka.cz|Jídlo a nápoje|Sladkosti|Čokoládové figurky|Severka Čokoládové pastelky Tučnáci 100 g";"2025-11-08";100.0
"1201606510";"Severka Čokoládové pastelky Tučnáci 100 g";"Severka";"Heureka.cz|Jídlo a nápoje|Sladkosti|Čokoládové figurky|Severka Čokoládové pastelky Tučnáci 100 g";"2025-11-08";112.0
"1201606510";"Severka Čokoládové pastelky Tučnáci 100 g";"Severka";"Heureka.cz|Jídlo a nápoje|Sladkosti|Čokoládové figurky|Severka Čokoládové pastelky Tučnáci 100 g";"2025-11-08";155.0
"1201606510";"Severka Čokoládové pastelky Tučnáci 100 g";"Severka";"Heureka.cz|Jídlo a nápoje|Sladkosti|Čokoládové figurky|Severka Čokoládové pastelky Tučnáci 100 g";"2025-11-09";114.0
"1201606510";"Severka Čokoládové pastelky Tučnáci 100 g";"Severka";"Heureka.cz|Jídlo a nápoje|Sladkosti|Čokoládové figurky|Severka Čokoládové pastelky Tučnáci 100 g";"2025-11-09";113.0
"1201606510";"Severka Čokoládové pastelky Tučnáci 100 g";"Severka";"Heureka.cz|Jídlo a nápoje|Sladkosti|Čokoládové figurky|Severka Čokoládové pastelky Tučnáci 100 g";"2025-11-09";155.0
"1201606510";"Severka Čokoládové pastelky Tučnáci 100 g";"Severka";"Heureka.cz|Jídlo a nápoje|Sladkosti|Čokoládové figurky|Severka Čokoládové pastelky Tučnáci 100 g";"2025-11-09";83.0
"1201606510";"Severka Čokoládové pastelky Tučnáci 100 g";"Severka";"Heureka.cz|Jídlo a nápoje|Sladkosti|Čokoládové figurky|Severka Čokoládové pastelky Tučnáci 100 g";"2025-11-09";95.0
"1201606510";"Severka Čokoládové pastelky Tučnáci 100 g";"Severka";"Heureka.cz|Jídlo a nápoje|Sladkosti|Čokoládové figurky|Severka Čokoládové pastelky Tučnáci 100 g";"2025-11-09";95.0
"1201606510";"Severka Čokoládové pastelky Tučnáci 100 g";"Severka";"Heureka.cz|Jídlo a nápoje|Sladkosti|Čokoládové figurky|Severka Čokoládové pastelky Tučnáci 100 g";"2025-11-09";100.0
"1201606510";"Severka Čokoládové pastelky Tučnáci 100 g";"Severka";"Heureka.cz|Jídlo a nápoje|Sladkosti|Čokoládové figurky|Severka Čokoládové pastelky Tučnáci 100 g";"2025-11-09";112.0
"1201606510";"Severka Čokoládové pastelky Tučnáci 100 g";"Severka";"Heureka.cz|Jídlo a nápoje|Sladkosti|Čokoládové figurky|Severka Čokoládové pastelky Tučnáci 100 g";"2025-11-09";155.0
"1201606510";"Severka Čokoládové pastelky Tučnáci 100 g";"Severka";"Heureka.cz|Jídlo a nápoje|Sladkosti|Čokoládové figurky|Severka Čokoládové pastelky Tučnáci 100 g";"2025-11-10";114.0
"1201606510";"Severka Čokoládové pastelky Tučnáci 100 g";"Severka";"Heureka.cz|Jídlo a nápoje|Sladkosti|Čokoládové figurky|Severka Čokoládové pastelky Tučnáci 100 g";"2025-11-10";113.0
"1201606510";"Severka Čokoládové pastelky Tučnáci 100 g";"Severka";"Heureka.cz|Jídlo a nápoje|Sladkosti|Čokoládové figurky|Severka Čokoládové pastelky Tučnáci 100 g";"2025-11-10";155.0
"1201606510";"Severka Čokoládové pastelky Tučnáci 100 g";"Severka";"Heureka.cz|Jídlo a nápoje|Sladkosti|Čokoládové figurky|Severka Čokoládové pastelky Tučnáci 100 g";"2025-11-10";95.0
"1201606510";"Severka Čokoládové pastelky Tučnáci 100 g";"Severka";"Heureka.cz|Jídlo a nápoje|Sladkosti|Čokoládové figurky|Severka Čokoládové pastelky Tučnáci 100 g";"2025-11-10";95.0
"1201606510";"Severka Čokoládové pastelky Tučnáci 100 g";"Severka";"Heureka.cz|Jídlo a nápoje|Sladkosti|Čokoládové figurky|Severka Čokoládové pastelky Tučnáci 100 g";"2025-11-10";100.0
"1201606510";"Severka Čokoládové pastelky Tučnáci 100 g";"Severka";"Heureka.cz|Jídlo a nápoje|Sladkosti|Čokoládové figurky|Severka Čokoládové pastelky Tučnáci 100 g";"2025-11-10";112.0
"1201606510";"Severka Čokoládové pastelky Tučnáci 100 g";"Severka";"Heureka.cz|Jídlo a nápoje|Sladkosti|Čokoládové figurky|Severka Čokoládové pastelky Tučnáci 100 g";"2025-11-10";155.0
"1201606510";"Severka Čokoládové pastelky Tučnáci 100 g";"Severka";"Heureka.cz|Jídlo a nápoje|Sladkosti|Čokoládové figurky|Severka Čokoládové pastelky Tučnáci 100 g";"2025-11-11";113.0
"1201606510";"Severka Čokoládové pastelky Tučnáci 100 g";"Severka";"Heureka.cz|Jídlo a nápoje|Sladkosti|Čokoládové figurky|Severka Čokoládové pastelky Tučnáci 100 g";"2025-11-11";155.0
"1201606510";"Severka Čokoládové pastelky Tučnáci 100 g";"Severka";"Heureka.cz|Jídlo a nápoje|Sladkosti|Čokoládové figurky|Severka Čokoládové pastelky Tučnáci 100 g";"2025-11-11";83.0
"1201606510";"Severka Čokoládové pastelky Tučnáci 100 g";"Severka";"Heureka.cz|Jídlo a nápoje|Sladkosti|Čokoládové figurky|Severka Čokoládové pastelky Tučnáci 100 g";"2025-11-11";95.0
"1201606510";"Severka Čokoládové pastelky Tučnáci 100 g";"Severka";"Heureka.cz|Jídlo a nápoje|Sladkosti|Čokoládové figurky|Severka Čokoládové pastelky Tučnáci 100 g";"2025-11-11";95.0
"1201606510";"Severka Čokoládové pastelky Tučnáci 100 g";"Severka";"Heureka.cz|Jídlo a nápoje|Sladkosti|Čokoládové figurky|Severka Čokoládové pastelky Tučnáci 100 g";"2025-11-11";98.0
"1201606510";"Severka Čokoládové pastelky Tučnáci 100 g";"Severka";"Heureka.cz|Jídlo a nápoje|Sladkosti|Čokoládové figurky|Severka Čokoládové pastelky Tučnáci 100 g";"2025-11-11";100.0
"1201606510";"Severka Čokoládové pastelky Tučnáci 100 g";"Severka";"Heureka.cz|Jídlo a nápoje|Sladkosti|Čokoládové figurky|Severka Čokoládové pastelky Tučnáci 100 g";"2025-11-11";112.0
"1201606510";"Severka Čokoládové pastelky Tučnáci 100 g";"Severka";"Heureka.cz|Jídlo a nápoje|Sladkosti|Čokoládové figurky|Severka Čokoládové pastelky Tučnáci 100 g";"2025-11-11";114.0
"1201606510";"Severka Čokoládové pastelky Tučnáci 100 g";"Severka";"Heureka.cz|Jídlo a nápoje|Sladkosti|Čokoládové figurky|Severka Čokoládové pastelky Tučnáci 100 g";"2025-11-11";155.0
"1201606510";"Severka Čokoládové pastelky Tučnáci 100 g";"Severka";"Heureka.cz|Jídlo a nápoje|Sladkosti|Čokoládové figurky|Severka Čokoládové pastelky Tučnáci 100 g";"2025-11-12";106.0
"1201606510";"Severka Čokoládové pastelky Tučnáci 100 g";"Severka";"Heureka.cz|Jídlo a nápoje|Sladkosti|Čokoládové figurky|Severka Čokoládové pastelky Tučnáci 100 g";"2025-11-12";155.0
"1201606510";"Severka Čokoládové pastelky Tučnáci 100 g";"Severka";"Heureka.cz|Jídlo a nápoje|Sladkosti|Čokoládové figurky|Severka Čokoládové pastelky Tučnáci 100 g";"2025-11-12";83.0
"1201606510";"Severka Čokoládové pastelky Tučnáci 100 g";"Severka";"Heureka.cz|Jídlo a nápoje|Sladkosti|Čokoládové figurky|Severka Čokoládové pastelky Tučnáci 100 g";"2025-11-12";95.0
"1201606510";"Severka Čokoládové pastelky Tučnáci 100 g";"Severka";"Heureka.cz|Jídlo a nápoje|Sladkosti|Čokoládové figurky|Severka Čokoládové pastelky Tučnáci 100 g";"2025-11-12";95.0
"1201606510";"Severka Čokoládové pastelky Tučnáci 100 g";"Severka";"Heureka.cz|Jídlo a nápoje|Sladkosti|Čokoládové figurky|Severka Čokoládové pastelky Tučnáci 100 g";"2025-11-12";98.0
"1201606510";"Severka Čokoládové pastelky Tučnáci 100 g";"Severka";"Heureka.cz|Jídlo a nápoje|Sladkosti|Čokoládové figurky|Severka Čokoládové pastelky Tučnáci 100 g";"2025-11-12";100.0
"1201606510";"Severka Čokoládové pastelky Tučnáci 100 g";"Severka";"Heureka.cz|Jídlo a nápoje|Sladkosti|Čokoládové figurky|Severka Čokoládové pastelky Tučnáci 100 g";"2025-11-12";112.0
"1201606510";"Severka Čokoládové pastelky Tučnáci 100 g";"Severka";"Heureka.cz|Jídlo a nápoje|Sladkosti|Čokoládové figurky|Severka Čokoládové pastelky Tučnáci 100 g";"2025-11-12";114.0
"1201606510";"Severka Čokoládové pastelky Tučnáci 100 g";"Severka";"Heureka.cz|Jídlo a nápoje|Sladkosti|Čokoládové figurky|Severka Čokoládové pastelky Tučnáci 100 g";"2025-11-12";155.0
"1201606510";"Severka Čokoládové pastelky Tučnáci 100 g";"Severka";"Heureka.cz|Jídlo a nápoje|Sladkosti|Čokoládové figurky|Severka Čokoládové pastelky Tučnáci 100 g";"2025-11-13";106.0
"1201606510";"Severka Čokoládové pastelky Tučnáci 100 g";"Severka";"Heureka.cz|Jídlo a nápoje|Sladkosti|Čokoládové figurky|Severka Čokoládové pastelky Tučnáci 100 g";"2025-11-13";155.0
"1201606510";"Severka Čokoládové pastelky Tučnáci 100 g";"Severka";"Heureka.cz|Jídlo a nápoje|Sladkosti|Čokoládové figurky|Severka Čokoládové pastelky Tučnáci 100 g";"2025-11-13";83.0
"1201606510";"Severka Čokoládové pastelky Tučnáci 100 g";"Severka";"Heureka.cz|Jídlo a nápoje|Sladkosti|Čokoládové figurky|Severka Čokoládové pastelky Tučnáci 100 g";"2025-11-13";95.0
"1201606510";"Severka Čokoládové pastelky Tučnáci 100 g";"Severka";"Heureka.cz|Jídlo a nápoje|Sladkosti|Čokoládové figurky|Severka Čokoládové pastelky Tučnáci 100 g";"2025-11-13";95.0
"1201606510";"Severka Čokoládové pastelky Tučnáci 100 g";"Severka";"Heureka.cz|Jídlo a nápoje|Sladkosti|Čokoládové figurky|Severka Čokoládové pastelky Tučnáci 100 g";"2025-11-13";98.0
"1201606510";"Severka Čokoládové pastelky Tučnáci 100 g";"Severka";"Heureka.cz|Jídlo a nápoje|Sladkosti|Čokoládové figurky|Severka Čokoládové pastelky Tučnáci 100 g";"2025-11-13";100.0
"1201606510";"Severka Čokoládové pastelky Tučnáci 100 g";"Severka";"Heureka.cz|Jídlo a nápoje|Sladkosti|Čokoládové figurky|Severka Čokoládové pastelky Tučnáci 100 g";"2025-11-13";112.0
"1201606510";"Severka Čokoládové pastelky Tučnáci 100 g";"Severka";"Heureka.cz|Jídlo a nápoje|Sladkosti|Čokoládové figurky|Severka Čokoládové pastelky Tučnáci 100 g";"2025-11-13";114.0
"1201606510";"Severka Čokoládové pastelky Tučnáci 100 g";"Severka";"Heureka.cz|Jídlo a nápoje|Sladkosti|Čokoládové figurky|Severka Čokoládové pastelky Tučnáci 100 g";"2025-11-13";155.0
"1201606510";"Severka Čokoládové pastelky Tučnáci 100 g";"Severka";"Heureka.cz|Jídlo a nápoje|Sladkosti|Čokoládové figurky|Severka Čokoládové pastelky Tučnáci 100 g";"2025-11-14";114.0
"1201606510";"Severka Čokoládové pastelky Tučnáci 100 g";"Severka";"Heureka.cz|Jídlo a nápoje|Sladkosti|Čokoládové figurky|Severka Čokoládové pastelky Tučnáci 100 g";"2025-11-14";106.0
"1201606510";"Severka Čokoládové pastelky Tučnáci 100 g";"Severka";"Heureka.cz|Jídlo a nápoje|Sladkosti|Čokoládové figurky|Severka Čokoládové pastelky Tučnáci 100 g";"2025-11-14";155.0
"1201606510";"Severka Čokoládové pastelky Tučnáci 100 g";"Severka";"Heureka.cz|Jídlo a nápoje|Sladkosti|Čokoládové figurky|Severka Čokoládové pastelky Tučnáci 100 g";"2025-11-14";83.0
"1201606510";"Severka Čokoládové pastelky Tučnáci 100 g";"Severka";"Heureka.cz|Jídlo a nápoje|Sladkosti|Čokoládové figurky|Severka Čokoládové pastelky Tučnáci 100 g";"2025-11-14";95.0
"1201606510";"Severka Čokoládové pastelky Tučnáci 100 g";"Severka";"Heureka.cz|Jídlo a nápoje|Sladkosti|Čokoládové figurky|Severka Čokoládové pastelky Tučnáci 100 g";"2025-11-14";95.0
"1201606510";"Severka Čokoládové pastelky Tučnáci 100 g";"Severka";"Heureka.cz|Jídlo a nápoje|Sladkosti|Čokoládové figurky|Severka Čokoládové pastelky Tučnáci 100 g";"2025-11-14";98.0
"1201606510";"Severka Čokoládové pastelky Tučnáci 100 g";"Severka";"Heureka.cz|Jídlo a nápoje|Sladkosti|Čokoládové figurky|Severka Čokoládové pastelky Tučnáci 100 g";"2025-11-14";100.0
"1201606510";"Severka Čokoládové pastelky Tučnáci 100 g";"Severka";"Heureka.cz|Jídlo a nápoje|Sladkosti|Čokoládové figurky|Severka Čokoládové pastelky Tučnáci 100 g";"2025-11-14";112.0
"1201606510";"Severka Čokoládové pastelky Tučnáci 100 g";"Severka";"Heureka.cz|Jídlo a nápoje|Sladkosti|Čokoládové figurky|Severka Čokoládové pastelky Tučnáci 100 g";"2025-11-14";119.0
"1201606510";"Severka Čokoládové pastelky Tučnáci 100 g";"Severka";"Heureka.cz|Jídlo a nápoje|Sladkosti|Čokoládové figurky|Severka Čokoládové pastelky Tučnáci 100 g";"2025-11-14";155.0
"1201606510";"Severka Čokoládové pastelky Tučnáci 100 g";"Severka";"Heureka.cz|Jídlo a nápoje|Sladkosti|Čokoládové figurky|Severka Čokoládové pastelky Tučnáci 100 g";"2025-11-15";114.0
"1201606510";"Severka Čokoládové pastelky Tučnáci 100 g";"Severka";"Heureka.cz|Jídlo a nápoje|Sladkosti|Čokoládové figurky|Severka Čokoládové pastelky Tučnáci 100 g";"2025-11-15";106.0
"1201606510";"Severka Čokoládové pastelky Tučnáci 100 g";"Severka";"Heureka.cz|Jídlo a nápoje|Sladkosti|Čokoládové figurky|Severka Čokoládové pastelky Tučnáci 100 g";"2025-11-15";155.0
"1201606510";"Severka Čokoládové pastelky Tučnáci 100 g";"Severka";"Heureka.cz|Jídlo a nápoje|Sladkosti|Čokoládové figurky|Severka Čokoládové pastelky Tučnáci 100 g";"2025-11-15";83.0
"1201606510";"Severka Čokoládové pastelky Tučnáci 100 g";"Severka";"Heureka.cz|Jídlo a nápoje|Sladkosti|Čokoládové figurky|Severka Čokoládové pastelky Tučnáci 100 g";"2025-11-15";95.0
"1201606510";"Severka Čokoládové pastelky Tučnáci 100 g";"Severka";"Heureka.cz|Jídlo a nápoje|Sladkosti|Čokoládové figurky|Severka Čokoládové pastelky Tučnáci 100 g";"2025-11-15";95.0
"1201606510";"Severka Čokoládové pastelky Tučnáci 100 g";"Severka";"Heureka.cz|Jídlo a nápoje|Sladkosti|Čokoládové figurky|Severka Čokoládové pastelky Tučnáci 100 g";"2025-11-15";98.0
"1201606510";"Severka Čokoládové pastelky Tučnáci 100 g";"Severka";"Heureka.cz|Jídlo a nápoje|Sladkosti|Čokoládové figurky|Severka Čokoládové pastelky Tučnáci 100 g";"2025-11-15";100.0
"1201606510";"Severka Čokoládové pastelky Tučnáci 100 g";"Severka";"Heureka.cz|Jídlo a nápoje|Sladkosti|Čokoládové figurky|Severka Čokoládové pastelky Tučnáci 100 g";"2025-11-15";112.0
"1201606510";"Severka Čokoládové pastelky Tučnáci 100 g";"Severka";"Heureka.cz|Jídlo a nápoje|Sladkosti|Čokoládové figurky|Severka Čokoládové pastelky Tučnáci 100 g";"2025-11-15";155.0
"1201606510";"Severka Čokoládové pastelky Tučnáci 100 g";"Severka";"Heureka.cz|Jídlo a nápoje|Sladkosti|Čokoládové figurky|Severka Čokoládové pastelky Tučnáci 100 g";"2025-11-16";106.0
"1201606510";"Severka Čokoládové pastelky Tučnáci 100 g";"Severka";"Heureka.cz|Jídlo a nápoje|Sladkosti|Čokoládové figurky|Severka Čokoládové pastelky Tučnáci 100 g";"2025-11-16";155.0
"1201606510";"Severka Čokoládové pastelky Tučnáci 100 g";"Severka";"Heureka.cz|Jídlo a nápoje|Sladkosti|Čokoládové figurky|Severka Čokoládové pastelky Tučnáci 100 g";"2025-11-16";83.0
"1201606510";"Severka Čokoládové pastelky Tučnáci 100 g";"Severka";"Heureka.cz|Jídlo a nápoje|Sladkosti|Čokoládové figurky|Severka Čokoládové pastelky Tučnáci 100 g";"2025-11-16";95.0
"1201606510";"Severka Čokoládové pastelky Tučnáci 100 g";"Severka";"Heureka.cz|Jídlo a nápoje|Sladkosti|Čokoládové figurky|Severka Čokoládové pastelky Tučnáci 100 g";"2025-11-16";95.0
"1201606510";"Severka Čokoládové pastelky Tučnáci 100 g";"Severka";"Heureka.cz|Jídlo a nápoje|Sladkosti|Čokoládové figurky|Severka Čokoládové pastelky Tučnáci 100 g";"2025-11-16";98.0
"1201606510";"Severka Čokoládové pastelky Tučnáci 100 g";"Severka";"Heureka.cz|Jídlo a nápoje|Sladkosti|Čokoládové figurky|Severka Čokoládové pastelky Tučnáci 100 g";"2025-11-16";100.0
"1201606510";"Severka Čokoládové pastelky Tučnáci 100 g";"Severka";"Heureka.cz|Jídlo a nápoje|Sladkosti|Čokoládové figurky|Severka Čokoládové pastelky Tučnáci 100 g";"2025-11-16";100.0
"1201606510";"Severka Čokoládové pastelky Tučnáci 100 g";"Severka";"Heureka.cz|Jídlo a nápoje|Sladkosti|Čokoládové figurky|Severka Čokoládové pastelky Tučnáci 100 g";"2025-11-16";112.0
"1201606510";"Severka Čokoládové pastelky Tučnáci 100 g";"Severka";"Heureka.cz|Jídlo a nápoje|Sladkosti|Čokoládové figurky|Severka Čokoládové pastelky Tučnáci 100 g";"2025-11-16";114.0
"1201606510";"Severka Čokoládové pastelky Tučnáci 100 g";"Severka";"Heureka.cz|Jídlo a nápoje|Sladkosti|Čokoládové figurky|Severka Čokoládové pastelky Tučnáci 100 g";"2025-11-16";155.0
"1201606510";"Severka Čokoládové pastelky Tučnáci 100 g";"Severka";"Heureka.cz|Jídlo a nápoje|Sladkosti|Čokoládové figurky|Severka Čokoládové pastelky Tučnáci 100 g";"2025-11-17";106.0
"1201606510";"Severka Čokoládové pastelky Tučnáci 100 g";"Severka";"Heureka.cz|Jídlo a nápoje|Sladkosti|Čokoládové figurky|Severka Čokoládové pastelky Tučnáci 100 g";"2025-11-17";155.0
"1201606510";"Severka Čokoládové pastelky Tučnáci 100 g";"Severka";"Heureka.cz|Jídlo a nápoje|Sladkosti|Čokoládové figurky|Severka Čokoládové pastelky Tučnáci 100 g";"2025-11-17";83.0
"1201606510";"Severka Čokoládové pastelky Tučnáci 100 g";"Severka";"Heureka.cz|Jídlo a nápoje|Sladkosti|Čokoládové figurky|Severka Čokoládové pastelky Tučnáci 100 g";"2025-11-17";95.0
"1201606510";"Severka Čokoládové pastelky Tučnáci 100 g";"Severka";"Heureka.cz|Jídlo a nápoje|Sladkosti|Čokoládové figurky|Severka Čokoládové pastelky Tučnáci 100 g";"2025-11-17";95.0
"1201606510";"Severka Čokoládové pastelky Tučnáci 100 g";"Severka";"Heureka.cz|Jídlo a nápoje|Sladkosti|Čokoládové figurky|Severka Čokoládové pastelky Tučnáci 100 g";"2025-11-17";98.0
"1201606510";"Severka Čokoládové pastelky Tučnáci 100 g";"Severka";"Heureka.cz|Jídlo a nápoje|Sladkosti|Čokoládové figurky|Severka Čokoládové pastelky Tučnáci 100 g";"2025-11-17";100.0
"1201606510";"Severka Čokoládové pastelky Tučnáci 100 g";"Severka";"Heureka.cz|Jídlo a nápoje|Sladkosti|Čokoládové figurky|Severka Čokoládové pastelky Tučnáci 100 g";"2025-11-17";100.0
"1201606510";"Severka Čokoládové pastelky Tučnáci 100 g";"Severka";"Heureka.cz|Jídlo a nápoje|Sladkosti|Čokoládové figurky|Severka Čokoládové pastelky Tučnáci 100 g";"2025-11-17";112.0
"1201606510";"Severka Čokoládové pastelky Tučnáci 100 g";"Severka";"Heureka.cz|Jídlo a nápoje|Sladkosti|Čokoládové figurky|Severka Čokoládové pastelky Tučnáci 100 g";"2025-11-17";114.0
"1201606510";"Severka Čokoládové pastelky Tučnáci 100 g";"Severka";"Heureka.cz|Jídlo a nápoje|Sladkosti|Čokoládové figurky|Severka Čokoládové pastelky Tučnáci 100 g";"2025-11-17";155.0
"1201606510";"Severka Čokoládové pastelky Tučnáci 100 g";"Severka";"Heureka.cz|Jídlo a nápoje|Sladkosti|Čokoládové figurky|Severka Čokoládové pastelky Tučnáci 100 g";"2025-11-18";114.0
"1201606510";"Severka Čokoládové pastelky Tučnáci 100 g";"Severka";"Heureka.cz|Jídlo a nápoje|Sladkosti|Čokoládové figurky|Severka Čokoládové pastelky Tučnáci 100 g";"2025-11-18";106.0
"1201606510";"Severka Čokoládové pastelky Tučnáci 100 g";"Severka";"Heureka.cz|Jídlo a nápoje|Sladkosti|Čokoládové figurky|Severka Čokoládové pastelky Tučnáci 100 g";"2025-11-18";155.0
"1201606510";"Severka Čokoládové pastelky Tučnáci 100 g";"Severka";"Heureka.cz|Jídlo a nápoje|Sladkosti|Čokoládové figurky|Severka Čokoládové pastelky Tučnáci 100 g";"2025-11-18";83.0
"1201606510";"Severka Čokoládové pastelky Tučnáci 100 g";"Severka";"Heureka.cz|Jídlo a nápoje|Sladkosti|Čokoládové figurky|Severka Čokoládové pastelky Tučnáci 100 g";"2025-11-18";95.0
"1201606510";"Severka Čokoládové pastelky Tučnáci 100 g";"Severka";"Heureka.cz|Jídlo a nápoje|Sladkosti|Čokoládové figurky|Severka Čokoládové pastelky Tučnáci 100 g";"2025-11-18";95.0
"1201606510";"Severka Čokoládové pastelky Tučnáci 100 g";"Severka";"Heureka.cz|Jídlo a nápoje|Sladkosti|Čokoládové figurky|Severka Čokoládové pastelky Tučnáci 100 g";"2025-11-18";98.0
"1201606510";"Severka Čokoládové pastelky Tučnáci 100 g";"Severka";"Heureka.cz|Jídlo a nápoje|Sladkosti|Čokoládové figurky|Severka Čokoládové pastelky Tučnáci 100 g";"2025-11-18";100.0
"1201606510";"Severka Čokoládové pastelky Tučnáci 100 g";"Severka";"Heureka.cz|Jídlo a nápoje|Sladkosti|Čokoládové figurky|Severka Čokoládové pastelky Tučnáci 100 g";"2025-11-18";100.0
"1201606510";"Severka Čokoládové pastelky Tučnáci 100 g";"Severka";"Heureka.cz|Jídlo a nápoje|Sladkosti|Čokoládové figurky|Severka Čokoládové pastelky Tučnáci 100 g";"2025-11-18";112.0
"1201606510";"Severka Čokoládové pastelky Tučnáci 100 g";"Severka";"Heureka.cz|Jídlo a nápoje|Sladkosti|Čokoládové figurky|Severka Čokoládové pastelky Tučnáci 100 g";"2025-11-18";155.0
"1201606510";"Severka Čokoládové pastelky Tučnáci 100 g";"Severka";"Heureka.cz|Jídlo a nápoje|Sladkosti|Čokoládové figurky|Severka Čokoládové pastelky Tučnáci 100 g";"2025-11-19";114.0
"1201606510";"Severka Čokoládové pastelky Tučnáci 100 g";"Severka";"Heureka.cz|Jídlo a nápoje|Sladkosti|Čokoládové figurky|Severka Čokoládové pastelky Tučnáci 100 g";"2025-11-19";106.0
"1201606510";"Severka Čokoládové pastelky Tučnáci 100 g";"Severka";"Heureka.cz|Jídlo a nápoje|Sladkosti|Čokoládové figurky|Severka Čokoládové pastelky Tučnáci 100 g";"2025-11-19";155.0
"1201606510";"Severka Čokoládové pastelky Tučnáci 100 g";"Severka";"Heureka.cz|Jídlo a nápoje|Sladkosti|Čokoládové figurky|Severka Čokoládové pastelky Tučnáci 100 g";"2025-11-19";83.0
"1201606510";"Severka Čokoládové pastelky Tučnáci 100 g";"Severka";"Heureka.cz|Jídlo a nápoje|Sladkosti|Čokoládové figurky|Severka Čokoládové pastelky Tučnáci 100 g";"2025-11-19";95.0
"1201606510";"Severka Čokoládové pastelky Tučnáci 100 g";"Severka";"Heureka.cz|Jídlo a nápoje|Sladkosti|Čokoládové figurky|Severka Čokoládové pastelky Tučnáci 100 g";"2025-11-19";95.0
"1201606510";"Severka Čokoládové pastelky Tučnáci 100 g";"Severka";"Heureka.cz|Jídlo a nápoje|Sladkosti|Čokoládové figurky|Severka Čokoládové pastelky Tučnáci 100 g";"2025-11-19";98.0
"1201606510";"Severka Čokoládové pastelky Tučnáci 100 g";"Severka";"Heureka.cz|Jídlo a nápoje|Sladkosti|Čokoládové figurky|Severka Čokoládové pastelky Tučnáci 100 g";"2025-11-19";100.0
"1201606510";"Severka Čokoládové pastelky Tučnáci 100 g";"Severka";"Heureka.cz|Jídlo a nápoje|Sladkosti|Čokoládové figurky|Severka Čokoládové pastelky Tučnáci 100 g";"2025-11-19";100.0
"1201606510";"Severka Čokoládové pastelky Tučnáci 100 g";"Severka";"Heureka.cz|Jídlo a nápoje|Sladkosti|Čokoládové figurky|Severka Čokoládové pastelky Tučnáci 100 g";"2025-11-19";112.0
"1201606510";"Severka Čokoládové pastelky Tučnáci 100 g";"Severka";"Heureka.cz|Jídlo a nápoje|Sladkosti|Čokoládové figurky|Severka Čokoládové pastelky Tučnáci 100 g";"2025-11-19";155.0
"1201606510";"Severka Čokoládové pastelky Tučnáci 100 g";"Severka";"Heureka.cz|Jídlo a nápoje|Sladkosti|Čokoládové figurky|Severka Čokoládové pastelky Tučnáci 100 g";"2025-11-20";106.0
"1201606510";"Severka Čokoládové pastelky Tučnáci 100 g";"Severka";"Heureka.cz|Jídlo a nápoje|Sladkosti|Čokoládové figurky|Severka Čokoládové pastelky Tučnáci 100 g";"2025-11-20";155.0
"1201606510";"Severka Čokoládové pastelky Tučnáci 100 g";"Severka";"Heureka.cz|Jídlo a nápoje|Sladkosti|Čokoládové figurky|Severka Čokoládové pastelky Tučnáci 100 g";"2025-11-20";83.0
"1201606510";"Severka Čokoládové pastelky Tučnáci 100 g";"Severka";"Heureka.cz|Jídlo a nápoje|Sladkosti|Čokoládové figurky|Severka Čokoládové pastelky Tučnáci 100 g";"2025-11-20";95.0
"1201606510";"Severka Čokoládové pastelky Tučnáci 100 g";"Severka";"Heureka.cz|Jídlo a nápoje|Sladkosti|Čokoládové figurky|Severka Čokoládové pastelky Tučnáci 100 g";"2025-11-20";95.0
"1201606510";"Severka Čokoládové pastelky Tučnáci 100 g";"Severka";"Heureka.cz|Jídlo a nápoje|Sladkosti|Čokoládové figurky|Severka Čokoládové pastelky Tučnáci 100 g";"2025-11-20";98.0
"1201606510";"Severka Čokoládové pastelky Tučnáci 100 g";"Severka";"Heureka.cz|Jídlo a nápoje|Sladkosti|Čokoládové figurky|Severka Čokoládové pastelky Tučnáci 100 g";"2025-11-20";100.0
"1201606510";"Severka Čokoládové pastelky Tučnáci 100 g";"Severka";"Heureka.cz|Jídlo a nápoje|Sladkosti|Čokoládové figurky|Severka Čokoládové pastelky Tučnáci 100 g";"2025-11-20";100.0
"1201606510";"Severka Čokoládové pastelky Tučnáci 100 g";"Severka";"Heureka.cz|Jídlo a nápoje|Sladkosti|Čokoládové figurky|Severka Čokoládové pastelky Tučnáci 100 g";"2025-11-20";112.0
"1201606510";"Severka Čokoládové pastelky Tučnáci 100 g";"Severka";"Heureka.cz|Jídlo a nápoje|Sladkosti|Čokoládové figurky|Severka Čokoládové pastelky Tučnáci 100 g";"2025-11-20";114.0
"1201606510";"Severka Čokoládové pastelky Tučnáci 100 g";"Severka";"Heureka.cz|Jídlo a nápoje|Sladkosti|Čokoládové figurky|Severka Čokoládové pastelky Tučnáci 100 g";"2025-11-20";155.0
"1201606510";"Severka Čokoládové pastelky Tučnáci 100 g";"Severka";"Heureka.cz|Jídlo a nápoje|Sladkosti|Čokoládové figurky|Severka Čokoládové pastelky Tučnáci 100 g";"2025-11-21";114.0
"1201606510";"Severka Čokoládové pastelky Tučnáci 100 g";"Severka";"Heureka.cz|Jídlo a nápoje|Sladkosti|Čokoládové figurky|Severka Čokoládové pastelky Tučnáci 100 g";"2025-11-21";106.0
"1201606510";"Severka Čokoládové pastelky Tučnáci 100 g";"Severka";"Heureka.cz|Jídlo a nápoje|Sladkosti|Čokoládové figurky|Severka Čokoládové pastelky Tučnáci 100 g";"2025-11-21";155.0
"1201606510";"Severka Čokoládové pastelky Tučnáci 100 g";"Severka";"Heureka.cz|Jídlo a nápoje|Sladkosti|Čokoládové figurky|Severka Čokoládové pastelky Tučnáci 100 g";"2025-11-21";83.0
"1201606510";"Severka Čokoládové pastelky Tučnáci 100 g";"Severka";"Heureka.cz|Jídlo a nápoje|Sladkosti|Čokoládové figurky|Severka Čokoládové pastelky Tučnáci 100 g";"2025-11-21";95.0
"1201606510";"Severka Čokoládové pastelky Tučnáci 100 g";"Severka";"Heureka.cz|Jídlo a nápoje|Sladkosti|Čokoládové figurky|Severka Čokoládové pastelky Tučnáci 100 g";"2025-11-21";95.0
"1201606510";"Severka Čokoládové pastelky Tučnáci 100 g";"Severka";"Heureka.cz|Jídlo a nápoje|Sladkosti|Čokoládové figurky|Severka Čokoládové pastelky Tučnáci 100 g";"2025-11-21";98.0
"1201606510";"Severka Čokoládové pastelky Tučnáci 100 g";"Severka";"Heureka.cz|Jídlo a nápoje|Sladkosti|Čokoládové figurky|Severka Čokoládové pastelky Tučnáci 100 g";"2025-11-21";100.0
"1201606510";"Severka Čokoládové pastelky Tučnáci 100 g";"Severka";"Heureka.cz|Jídlo a nápoje|Sladkosti|Čokoládové figurky|Severka Čokoládové pastelky Tučnáci 100 g";"2025-11-21";100.0
"1201606510";"Severka Čokoládové pastelky Tučnáci 100 g";"Severka";"Heureka.cz|Jídlo a nápoje|Sladkosti|Čokoládové figurky|Severka Čokoládové pastelky Tučnáci 100 g";"2025-11-21";112.0
"1201606510";"Severka Čokoládové pastelky Tučnáci 100 g";"Severka";"Heureka.cz|Jídlo a nápoje|Sladkosti|Čokoládové figurky|Severka Čokoládové pastelky Tučnáci 100 g";"2025-11-21";131.0
"1201606510";"Severka Čokoládové pastelky Tučnáci 100 g";"Severka";"Heureka.cz|Jídlo a nápoje|Sladkosti|Čokoládové figurky|Severka Čokoládové pastelky Tučnáci 100 g";"2025-11-21";155.0
"1201606510";"Severka Čokoládové pastelky Tučnáci 100 g";"Severka";"Heureka.cz|Jídlo a nápoje|Sladkosti|Čokoládové figurky|Severka Čokoládové pastelky Tučnáci 100 g";"2025-11-22";106.0
"1201606510";"Severka Čokoládové pastelky Tučnáci 100 g";"Severka";"Heureka.cz|Jídlo a nápoje|Sladkosti|Čokoládové figurky|Severka Čokoládové pastelky Tučnáci 100 g";"2025-11-22";114.0
"1201606510";"Severka Čokoládové pastelky Tučnáci 100 g";"Severka";"Heureka.cz|Jídlo a nápoje|Sladkosti|Čokoládové figurky|Severka Čokoládové pastelky Tučnáci 100 g";"2025-11-22";155.0
"1201606510";"Severka Čokoládové pastelky Tučnáci 100 g";"Severka";"Heureka.cz|Jídlo a nápoje|Sladkosti|Čokoládové figurky|Severka Čokoládové pastelky Tučnáci 100 g";"2025-11-22";83.0
"1201606510";"Severka Čokoládové pastelky Tučnáci 100 g";"Severka";"Heureka.cz|Jídlo a nápoje|Sladkosti|Čokoládové figurky|Severka Čokoládové pastelky Tučnáci 100 g";"2025-11-22";95.0
"1201606510";"Severka Čokoládové pastelky Tučnáci 100 g";"Severka";"Heureka.cz|Jídlo a nápoje|Sladkosti|Čokoládové figurky|Severka Čokoládové pastelky Tučnáci 100 g";"2025-11-22";95.0
"1201606510";"Severka Čokoládové pastelky Tučnáci 100 g";"Severka";"Heureka.cz|Jídlo a nápoje|Sladkosti|Čokoládové figurky|Severka Čokoládové pastelky Tučnáci 100 g";"2025-11-22";98.0
"1201606510";"Severka Čokoládové pastelky Tučnáci 100 g";"Severka";"Heureka.cz|Jídlo a nápoje|Sladkosti|Čokoládové figurky|Severka Čokoládové pastelky Tučnáci 100 g";"2025-11-22";100.0
"1201606510";"Severka Čokoládové pastelky Tučnáci 100 g";"Severka";"Heureka.cz|Jídlo a nápoje|Sladkosti|Čokoládové figurky|Severka Čokoládové pastelky Tučnáci 100 g";"2025-11-22";100.0
"1201606510";"Severka Čokoládové pastelky Tučnáci 100 g";"Severka";"Heureka.cz|Jídlo a nápoje|Sladkosti|Čokoládové figurky|Severka Čokoládové pastelky Tučnáci 100 g";"2025-11-22";112.0
"1201606510";"Severka Čokoládové pastelky Tučnáci 100 g";"Severka";"Heureka.cz|Jídlo a nápoje|Sladkosti|Čokoládové figurky|Severka Čokoládové pastelky Tučnáci 100 g";"2025-11-22";131.0
"1201606510";"Severka Čokoládové pastelky Tučnáci 100 g";"Severka";"Heureka.cz|Jídlo a nápoje|Sladkosti|Čokoládové figurky|Severka Čokoládové pastelky Tučnáci 100 g";"2025-11-22";155.0
"1201606510";"Severka Čokoládové pastelky Tučnáci 100 g";"Severka";"Heureka.cz|Jídlo a nápoje|Sladkosti|Čokoládové figurky|Severka Čokoládové pastelky Tučnáci 100 g";"2025-11-23";106.0
"1201606510";"Severka Čokoládové pastelky Tučnáci 100 g";"Severka";"Heureka.cz|Jídlo a nápoje|Sladkosti|Čokoládové figurky|Severka Čokoládové pastelky Tučnáci 100 g";"2025-11-23";114.0
"1201606510";"Severka Čokoládové pastelky Tučnáci 100 g";"Severka";"Heureka.cz|Jídlo a nápoje|Sladkosti|Čokoládové figurky|Severka Čokoládové pastelky Tučnáci 100 g";"2025-11-23";155.0
"1201606510";"Severka Čokoládové pastelky Tučnáci 100 g";"Severka";"Heureka.cz|Jídlo a nápoje|Sladkosti|Čokoládové figurky|Severka Čokoládové pastelky Tučnáci 100 g";"2025-11-23";83.0
"1201606510";"Severka Čokoládové pastelky Tučnáci 100 g";"Severka";"Heureka.cz|Jídlo a nápoje|Sladkosti|Čokoládové figurky|Severka Čokoládové pastelky Tučnáci 100 g";"2025-11-23";95.0
"1201606510";"Severka Čokoládové pastelky Tučnáci 100 g";"Severka";"Heureka.cz|Jídlo a nápoje|Sladkosti|Čokoládové figurky|Severka Čokoládové pastelky Tučnáci 100 g";"2025-11-23";95.0
"1201606510";"Severka Čokoládové pastelky Tučnáci 100 g";"Severka";"Heureka.cz|Jídlo a nápoje|Sladkosti|Čokoládové figurky|Severka Čokoládové pastelky Tučnáci 100 g";"2025-11-23";98.0
"1201606510";"Severka Čokoládové pastelky Tučnáci 100 g";"Severka";"Heureka.cz|Jídlo a nápoje|Sladkosti|Čokoládové figurky|Severka Čokoládové pastelky Tučnáci 100 g";"2025-11-23";100.0
"1201606510";"Severka Čokoládové pastelky Tučnáci 100 g";"Severka";"Heureka.cz|Jídlo a nápoje|Sladkosti|Čokoládové figurky|Severka Čokoládové pastelky Tučnáci 100 g";"2025-11-23";100.0
"1201606510";"Severka Čokoládové pastelky Tučnáci 100 g";"Severka";"Heureka.cz|Jídlo a nápoje|Sladkosti|Čokoládové figurky|Severka Čokoládové pastelky Tučnáci 100 g";"2025-11-23";112.0
"1201606510";"Severka Čokoládové pastelky Tučnáci 100 g";"Severka";"Heureka.cz|Jídlo a nápoje|Sladkosti|Čokoládové figurky|Severka Čokoládové pastelky Tučnáci 100 g";"2025-11-23";131.0
"1201606510";"Severka Čokoládové pastelky Tučnáci 100 g";"Severka";"Heureka.cz|Jídlo a nápoje|Sladkosti|Čokoládové figurky|Severka Čokoládové pastelky Tučnáci 100 g";"2025-11-23";155.0
"1201606510";"Severka Čokoládové pastelky Tučnáci 100 g";"Severka";"Heureka.cz|Jídlo a nápoje|Sladkosti|Čokoládové figurky|Severka Čokoládové pastelky Tučnáci 100 g";"2025-11-24";106.0
"1201606510";"Severka Čokoládové pastelky Tučnáci 100 g";"Severka";"Heureka.cz|Jídlo a nápoje|Sladkosti|Čokoládové figurky|Severka Čokoládové pastelky Tučnáci 100 g";"2025-11-24";155.0
"1201606510";"Severka Čokoládové pastelky Tučnáci 100 g";"Severka";"Heureka.cz|Jídlo a nápoje|Sladkosti|Čokoládové figurky|Severka Čokoládové pastelky Tučnáci 100 g";"2025-11-24";83.0
"1201606510";"Severka Čokoládové pastelky Tučnáci 100 g";"Severka";"Heureka.cz|Jídlo a nápoje|Sladkosti|Čokoládové figurky|Severka Čokoládové pastelky Tučnáci 100 g";"2025-11-24";95.0
"1201606510";"Severka Čokoládové pastelky Tučnáci 100 g";"Severka";"Heureka.cz|Jídlo a nápoje|Sladkosti|Čokoládové figurky|Severka Čokoládové pastelky Tučnáci 100 g";"2025-11-24";95.0
"1201606510";"Severka Čokoládové pastelky Tučnáci 100 g";"Severka";"Heureka.cz|Jídlo a nápoje|Sladkosti|Čokoládové figurky|Severka Čokoládové pastelky Tučnáci 100 g";"2025-11-24";98.0
"1201606510";"Severka Čokoládové pastelky Tučnáci 100 g";"Severka";"Heureka.cz|Jídlo a nápoje|Sladkosti|Čokoládové figurky|Severka Čokoládové pastelky Tučnáci 100 g";"2025-11-24";100.0
"1201606510";"Severka Čokoládové pastelky Tučnáci 100 g";"Severka";"Heureka.cz|Jídlo a nápoje|Sladkosti|Čokoládové figurky|Severka Čokoládové pastelky Tučnáci 100 g";"2025-11-24";100.0
"1201606510";"Severka Čokoládové pastelky Tučnáci 100 g";"Severka";"Heureka.cz|Jídlo a nápoje|Sladkosti|Čokoládové figurky|Severka Čokoládové pastelky Tučnáci 100 g";"2025-11-24";112.0
"1201606510";"Severka Čokoládové pastelky Tučnáci 100 g";"Severka";"Heureka.cz|Jídlo a nápoje|Sladkosti|Čokoládové figurky|Severka Čokoládové pastelky Tučnáci 100 g";"2025-11-24";114.0
"1201606510";"Severka Čokoládové pastelky Tučnáci 100 g";"Severka";"Heureka.cz|Jídlo a nápoje|Sladkosti|Čokoládové figurky|Severka Čokoládové pastelky Tučnáci 100 g";"2025-11-24";131.0
"1201606510";"Severka Čokoládové pastelky Tučnáci 100 g";"Severka";"Heureka.cz|Jídlo a nápoje|Sladkosti|Čokoládové figurky|Severka Čokoládové pastelky Tučnáci 100 g";"2025-11-24";155.0
"1201606510";"Severka Čokoládové pastelky Tučnáci 100 g";"Severka";"Heureka.cz|Jídlo a nápoje|Sladkosti|Čokoládové figurky|Severka Čokoládové pastelky Tučnáci 100 g";"2025-11-25";106.0
"1201606510";"Severka Čokoládové pastelky Tučnáci 100 g";"Severka";"Heureka.cz|Jídlo a nápoje|Sladkosti|Čokoládové figurky|Severka Čokoládové pastelky Tučnáci 100 g";"2025-11-25";114.0
"1201606510";"Severka Čokoládové pastelky Tučnáci 100 g";"Severka";"Heureka.cz|Jídlo a nápoje|Sladkosti|Čokoládové figurky|Severka Čokoládové pastelky Tučnáci 100 g";"2025-11-25";155.0
"1201606510";"Severka Čokoládové pastelky Tučnáci 100 g";"Severka";"Heureka.cz|Jídlo a nápoje|Sladkosti|Čokoládové figurky|Severka Čokoládové pastelky Tučnáci 100 g";"2025-11-25";83.0
"1201606510";"Severka Čokoládové pastelky Tučnáci 100 g";"Severka";"Heureka.cz|Jídlo a nápoje|Sladkosti|Čokoládové figurky|Severka Čokoládové pastelky Tučnáci 100 g";"2025-11-25";95.0
"1201606510";"Severka Čokoládové pastelky Tučnáci 100 g";"Severka";"Heureka.cz|Jídlo a nápoje|Sladkosti|Čokoládové figurky|Severka Čokoládové pastelky Tučnáci 100 g";"2025-11-25";98.0
"1201606510";"Severka Čokoládové pastelky Tučnáci 100 g";"Severka";"Heureka.cz|Jídlo a nápoje|Sladkosti|Čokoládové figurky|Severka Čokoládové pastelky Tučnáci 100 g";"2025-11-25";100.0
"1201606510";"Severka Čokoládové pastelky Tučnáci 100 g";"Severka";"Heureka.cz|Jídlo a nápoje|Sladkosti|Čokoládové figurky|Severka Čokoládové pastelky Tučnáci 100 g";"2025-11-25";100.0
"1201606510";"Severka Čokoládové pastelky Tučnáci 100 g";"Severka";"Heureka.cz|Jídlo a nápoje|Sladkosti|Čokoládové figurky|Severka Čokoládové pastelky Tučnáci 100 g";"2025-11-25";112.0
"1201606510";"Severka Čokoládové pastelky Tučnáci 100 g";"Severka";"Heureka.cz|Jídlo a nápoje|Sladkosti|Čokoládové figurky|Severka Čokoládové pastelky Tučnáci 100 g";"2025-11-25";121.0
"1201606510";"Severka Čokoládové pastelky Tučnáci 100 g";"Severka";"Heureka.cz|Jídlo a nápoje|Sladkosti|Čokoládové figurky|Severka Čokoládové pastelky Tučnáci 100 g";"2025-11-25";131.0
"1201606510";"Severka Čokoládové pastelky Tučnáci 100 g";"Severka";"Heureka.cz|Jídlo a nápoje|Sladkosti|Čokoládové figurky|Severka Čokoládové pastelky Tučnáci 100 g";"2025-11-25";155.0
"1201606510";"Severka Čokoládové pastelky Tučnáci 100 g";"Severka";"Heureka.cz|Jídlo a nápoje|Sladkosti|Čokoládové figurky|Severka Čokoládové pastelky Tučnáci 100 g";"2025-11-26";113.0
"1201606510";"Severka Čokoládové pastelky Tučnáci 100 g";"Severka";"Heureka.cz|Jídlo a nápoje|Sladkosti|Čokoládové figurky|Severka Čokoládové pastelky Tučnáci 100 g";"2025-11-26";106.0
"1201606510";"Severka Čokoládové pastelky Tučnáci 100 g";"Severka";"Heureka.cz|Jídlo a nápoje|Sladkosti|Čokoládové figurky|Severka Čokoládové pastelky Tučnáci 100 g";"2025-11-26";155.0
"1201606510";"Severka Čokoládové pastelky Tučnáci 100 g";"Severka";"Heureka.cz|Jídlo a nápoje|Sladkosti|Čokoládové figurky|Severka Čokoládové pastelky Tučnáci 100 g";"2025-11-26";83.0
"1201606510";"Severka Čokoládové pastelky Tučnáci 100 g";"Severka";"Heureka.cz|Jídlo a nápoje|Sladkosti|Čokoládové figurky|Severka Čokoládové pastelky Tučnáci 100 g";"2025-11-26";95.0
"1201606510";"Severka Čokoládové pastelky Tučnáci 100 g";"Severka";"Heureka.cz|Jídlo a nápoje|Sladkosti|Čokoládové figurky|Severka Čokoládové pastelky Tučnáci 100 g";"2025-11-26";95.0
"1201606510";"Severka Čokoládové pastelky Tučnáci 100 g";"Severka";"Heureka.cz|Jídlo a nápoje|Sladkosti|Čokoládové figurky|Severka Čokoládové pastelky Tučnáci 100 g";"2025-11-26";98.0
"1201606510";"Severka Čokoládové pastelky Tučnáci 100 g";"Severka";"Heureka.cz|Jídlo a nápoje|Sladkosti|Čokoládové figurky|Severka Čokoládové pastelky Tučnáci 100 g";"2025-11-26";100.0
"1201606510";"Severka Čokoládové pastelky Tučnáci 100 g";"Severka";"Heureka.cz|Jídlo a nápoje|Sladkosti|Čokoládové figurky|Severka Čokoládové pastelky Tučnáci 100 g";"2025-11-26";100.0
"1201606510";"Severka Čokoládové pastelky Tučnáci 100 g";"Severka";"Heureka.cz|Jídlo a nápoje|Sladkosti|Čokoládové figurky|Severka Čokoládové pastelky Tučnáci 100 g";"2025-11-26";105.0
"1201606510";"Severka Čokoládové pastelky Tučnáci 100 g";"Severka";"Heureka.cz|Jídlo a nápoje|Sladkosti|Čokoládové figurky|Severka Čokoládové pastelky Tučnáci 100 g";"2025-11-26";112.0
"1201606510";"Severka Čokoládové pastelky Tučnáci 100 g";"Severka";"Heureka.cz|Jídlo a nápoje|Sladkosti|Čokoládové figurky|Severka Čokoládové pastelky Tučnáci 100 g";"2025-11-26";121.0
"1201606510";"Severka Čokoládové pastelky Tučnáci 100 g";"Severka";"Heureka.cz|Jídlo a nápoje|Sladkosti|Čokoládové figurky|Severka Čokoládové pastelky Tučnáci 100 g";"2025-11-26";131.0
"1201606510";"Severka Čokoládové pastelky Tučnáci 100 g";"Severka";"Heureka.cz|Jídlo a nápoje|Sladkosti|Čokoládové figurky|Severka Čokoládové pastelky Tučnáci 100 g";"2025-11-26";155.0
"1201606510";"Severka Čokoládové pastelky Tučnáci 100 g";"Severka";"Heureka.cz|Jídlo a nápoje|Sladkosti|Čokoládové figurky|Severka Čokoládové pastelky Tučnáci 100 g";"2025-11-27";114.0
"1201606510";"Severka Čokoládové pastelky Tučnáci 100 g";"Severka";"Heureka.cz|Jídlo a nápoje|Sladkosti|Čokoládové figurky|Severka Čokoládové pastelky Tučnáci 100 g";"2025-11-27";106.0
"1201606510";"Severka Čokoládové pastelky Tučnáci 100 g";"Severka";"Heureka.cz|Jídlo a nápoje|Sladkosti|Čokoládové figurky|Severka Čokoládové pastelky Tučnáci 100 g";"2025-11-27";155.0
"1201606510";"Severka Čokoládové pastelky Tučnáci 100 g";"Severka";"Heureka.cz|Jídlo a nápoje|Sladkosti|Čokoládové figurky|Severka Čokoládové pastelky Tučnáci 100 g";"2025-11-27";83.0
"1201606510";"Severka Čokoládové pastelky Tučnáci 100 g";"Severka";"Heureka.cz|Jídlo a nápoje|Sladkosti|Čokoládové figurky|Severka Čokoládové pastelky Tučnáci 100 g";"2025-11-27";95.0
"1201606510";"Severka Čokoládové pastelky Tučnáci 100 g";"Severka";"Heureka.cz|Jídlo a nápoje|Sladkosti|Čokoládové figurky|Severka Čokoládové pastelky Tučnáci 100 g";"2025-11-27";95.0
"1201606510";"Severka Čokoládové pastelky Tučnáci 100 g";"Severka";"Heureka.cz|Jídlo a nápoje|Sladkosti|Čokoládové figurky|Severka Čokoládové pastelky Tučnáci 100 g";"2025-11-27";98.0
"1201606510";"Severka Čokoládové pastelky Tučnáci 100 g";"Severka";"Heureka.cz|Jídlo a nápoje|Sladkosti|Čokoládové figurky|Severka Čokoládové pastelky Tučnáci 100 g";"2025-11-27";100.0
"1201606510";"Severka Čokoládové pastelky Tučnáci 100 g";"Severka";"Heureka.cz|Jídlo a nápoje|Sladkosti|Čokoládové figurky|Severka Čokoládové pastelky Tučnáci 100 g";"2025-11-27";100.0
"1201606510";"Severka Čokoládové pastelky Tučnáci 100 g";"Severka";"Heureka.cz|Jídlo a nápoje|Sladkosti|Čokoládové figurky|Severka Čokoládové pastelky Tučnáci 100 g";"2025-11-27";105.0
"1201606510";"Severka Čokoládové pastelky Tučnáci 100 g";"Severka";"Heureka.cz|Jídlo a nápoje|Sladkosti|Čokoládové figurky|Severka Čokoládové pastelky Tučnáci 100 g";"2025-11-27";112.0
"1201606510";"Severka Čokoládové pastelky Tučnáci 100 g";"Severka";"Heureka.cz|Jídlo a nápoje|Sladkosti|Čokoládové figurky|Severka Čokoládové pastelky Tučnáci 100 g";"2025-11-27";121.0
"1201606510";"Severka Čokoládové pastelky Tučnáci 100 g";"Severka";"Heureka.cz|Jídlo a nápoje|Sladkosti|Čokoládové figurky|Severka Čokoládové pastelky Tučnáci 100 g";"2025-11-27";131.0
"1201606510";"Severka Čokoládové pastelky Tučnáci 100 g";"Severka";"Heureka.cz|Jídlo a nápoje|Sladkosti|Čokoládové figurky|Severka Čokoládové pastelky Tučnáci 100 g";"2025-11-27";155.0
"1201606510";"Severka Čokoládové pastelky Tučnáci 100 g";"Severka";"Heureka.cz|Jídlo a nápoje|Sladkosti|Čokoládové figurky|Severka Čokoládové pastelky Tučnáci 100 g";"2025-11-28";114.0
"1201606510";"Severka Čokoládové pastelky Tučnáci 100 g";"Severka";"Heureka.cz|Jídlo a nápoje|Sladkosti|Čokoládové figurky|Severka Čokoládové pastelky Tučnáci 100 g";"2025-11-28";106.0
"1201606510";"Severka Čokoládové pastelky Tučnáci 100 g";"Severka";"Heureka.cz|Jídlo a nápoje|Sladkosti|Čokoládové figurky|Severka Čokoládové pastelky Tučnáci 100 g";"2025-11-28";155.0
"1201606510";"Severka Čokoládové pastelky Tučnáci 100 g";"Severka";"Heureka.cz|Jídlo a nápoje|Sladkosti|Čokoládové figurky|Severka Čokoládové pastelky Tučnáci 100 g";"2025-11-28";83.0
"1201606510";"Severka Čokoládové pastelky Tučnáci 100 g";"Severka";"Heureka.cz|Jídlo a nápoje|Sladkosti|Čokoládové figurky|Severka Čokoládové pastelky Tučnáci 100 g";"2025-11-28";95.0
"1201606510";"Severka Čokoládové pastelky Tučnáci 100 g";"Severka";"Heureka.cz|Jídlo a nápoje|Sladkosti|Čokoládové figurky|Severka Čokoládové pastelky Tučnáci 100 g";"2025-11-28";95.0
"1201606510";"Severka Čokoládové pastelky Tučnáci 100 g";"Severka";"Heureka.cz|Jídlo a nápoje|Sladkosti|Čokoládové figurky|Severka Čokoládové pastelky Tučnáci 100 g";"2025-11-28";98.0
"1201606510";"Severka Čokoládové pastelky Tučnáci 100 g";"Severka";"Heureka.cz|Jídlo a nápoje|Sladkosti|Čokoládové figurky|Severka Čokoládové pastelky Tučnáci 100 g";"2025-11-28";100.0
"1201606510";"Severka Čokoládové pastelky Tučnáci 100 g";"Severka";"Heureka.cz|Jídlo a nápoje|Sladkosti|Čokoládové figurky|Severka Čokoládové pastelky Tučnáci 100 g";"2025-11-28";100.0
"1201606510";"Severka Čokoládové pastelky Tučnáci 100 g";"Severka";"Heureka.cz|Jídlo a nápoje|Sladkosti|Čokoládové figurky|Severka Čokoládové pastelky Tučnáci 100 g";"2025-11-28";105.0
"1201606510";"Severka Čokoládové pastelky Tučnáci 100 g";"Severka";"Heureka.cz|Jídlo a nápoje|Sladkosti|Čokoládové figurky|Severka Čokoládové pastelky Tučnáci 100 g";"2025-11-28";112.0
"1201606510";"Severka Čokoládové pastelky Tučnáci 100 g";"Severka";"Heureka.cz|Jídlo a nápoje|Sladkosti|Čokoládové figurky|Severka Čokoládové pastelky Tučnáci 100 g";"2025-11-28";121.0
"1201606510";"Severka Čokoládové pastelky Tučnáci 100 g";"Severka";"Heureka.cz|Jídlo a nápoje|Sladkosti|Čokoládové figurky|Severka Čokoládové pastelky Tučnáci 100 g";"2025-11-28";131.0
"1201606510";"Severka Čokoládové pastelky Tučnáci 100 g";"Severka";"Heureka.cz|Jídlo a nápoje|Sladkosti|Čokoládové figurky|Severka Čokoládové pastelky Tučnáci 100 g";"2025-11-28";155.0
"1201606510";"Severka Čokoládové pastelky Tučnáci 100 g";"Severka";"Heureka.cz|Jídlo a nápoje|Sladkosti|Čokoládové figurky|Severka Čokoládové pastelky Tučnáci 100 g";"2025-11-29";114.0
"1201606510";"Severka Čokoládové pastelky Tučnáci 100 g";"Severka";"Heureka.cz|Jídlo a nápoje|Sladkosti|Čokoládové figurky|Severka Čokoládové pastelky Tučnáci 100 g";"2025-11-29";106.0
"1201606510";"Severka Čokoládové pastelky Tučnáci 100 g";"Severka";"Heureka.cz|Jídlo a nápoje|Sladkosti|Čokoládové figurky|Severka Čokoládové pastelky Tučnáci 100 g";"2025-11-29";155.0
"1201606510";"Severka Čokoládové pastelky Tučnáci 100 g";"Severka";"Heureka.cz|Jídlo a nápoje|Sladkosti|Čokoládové figurky|Severka Čokoládové pastelky Tučnáci 100 g";"2025-11-29";83.0
"1201606510";"Severka Čokoládové pastelky Tučnáci 100 g";"Severka";"Heureka.cz|Jídlo a nápoje|Sladkosti|Čokoládové figurky|Severka Čokoládové pastelky Tučnáci 100 g";"2025-11-29";95.0
"1201606510";"Severka Čokoládové pastelky Tučnáci 100 g";"Severka";"Heureka.cz|Jídlo a nápoje|Sladkosti|Čokoládové figurky|Severka Čokoládové pastelky Tučnáci 100 g";"2025-11-29";95.0
"1201606510";"Severka Čokoládové pastelky Tučnáci 100 g";"Severka";"Heureka.cz|Jídlo a nápoje|Sladkosti|Čokoládové figurky|Severka Čokoládové pastelky Tučnáci 100 g";"2025-11-29";98.0
"1201606510";"Severka Čokoládové pastelky Tučnáci 100 g";"Severka";"Heureka.cz|Jídlo a nápoje|Sladkosti|Čokoládové figurky|Severka Čokoládové pastelky Tučnáci 100 g";"2025-11-29";100.0
"1201606510";"Severka Čokoládové pastelky Tučnáci 100 g";"Severka";"Heureka.cz|Jídlo a nápoje|Sladkosti|Čokoládové figurky|Severka Čokoládové pastelky Tučnáci 100 g";"2025-11-29";100.0
"1201606510";"Severka Čokoládové pastelky Tučnáci 100 g";"Severka";"Heureka.cz|Jídlo a nápoje|Sladkosti|Čokoládové figurky|Severka Čokoládové pastelky Tučnáci 100 g";"2025-11-29";105.0
"1201606510";"Severka Čokoládové pastelky Tučnáci 100 g";"Severka";"Heureka.cz|Jídlo a nápoje|Sladkosti|Čokoládové figurky|Severka Čokoládové pastelky Tučnáci 100 g";"2025-11-29";112.0
"1201606510";"Severka Čokoládové pastelky Tučnáci 100 g";"Severka";"Heureka.cz|Jídlo a nápoje|Sladkosti|Čokoládové figurky|Severka Čokoládové pastelky Tučnáci 100 g";"2025-11-29";121.0
"1201606510";"Severka Čokoládové pastelky Tučnáci 100 g";"Severka";"Heureka.cz|Jídlo a nápoje|Sladkosti|Čokoládové figurky|Severka Čokoládové pastelky Tučnáci 100 g";"2025-11-29";131.0
"1201606510";"Severka Čokoládové pastelky Tučnáci 100 g";"Severka";"Heureka.cz|Jídlo a nápoje|Sladkosti|Čokoládové figurky|Severka Čokoládové pastelky Tučnáci 100 g";"2025-11-29";155.0
"1201606510";"Severka Čokoládové pastelky Tučnáci 100 g";"Severka";"Heureka.cz|Jídlo a nápoje|Sladkosti|Čokoládové figurky|Severka Čokoládové pastelky Tučnáci 100 g";"2025-11-30";114.0
"1201606510";"Severka Čokoládové pastelky Tučnáci 100 g";"Severka";"Heureka.cz|Jídlo a nápoje|Sladkosti|Čokoládové figurky|Severka Čokoládové pastelky Tučnáci 100 g";"2025-11-30";106.0
"1201606510";"Severka Čokoládové pastelky Tučnáci 100 g";"Severka";"Heureka.cz|Jídlo a nápoje|Sladkosti|Čokoládové figurky|Severka Čokoládové pastelky Tučnáci 100 g";"2025-11-30";155.0
"1201606510";"Severka Čokoládové pastelky Tučnáci 100 g";"Severka";"Heureka.cz|Jídlo a nápoje|Sladkosti|Čokoládové figurky|Severka Čokoládové pastelky Tučnáci 100 g";"2025-11-30";83.0
"1201606510";"Severka Čokoládové pastelky Tučnáci 100 g";"Severka";"Heureka.cz|Jídlo a nápoje|Sladkosti|Čokoládové figurky|Severka Čokoládové pastelky Tučnáci 100 g";"2025-11-30";95.0
"1201606510";"Severka Čokoládové pastelky Tučnáci 100 g";"Severka";"Heureka.cz|Jídlo a nápoje|Sladkosti|Čokoládové figurky|Severka Čokoládové pastelky Tučnáci 100 g";"2025-11-30";95.0
"1201606510";"Severka Čokoládové pastelky Tučnáci 100 g";"Severka";"Heureka.cz|Jídlo a nápoje|Sladkosti|Čokoládové figurky|Severka Čokoládové pastelky Tučnáci 100 g";"2025-11-30";98.0
"1201606510";"Severka Čokoládové pastelky Tučnáci 100 g";"Severka";"Heureka.cz|Jídlo a nápoje|Sladkosti|Čokoládové figurky|Severka Čokoládové pastelky Tučnáci 100 g";"2025-11-30";100.0
"1201606510";"Severka Čokoládové pastelky Tučnáci 100 g";"Severka";"Heureka.cz|Jídlo a nápoje|Sladkosti|Čokoládové figurky|Severka Čokoládové pastelky Tučnáci 100 g";"2025-11-30";100.0
"1201606510";"Severka Čokoládové pastelky Tučnáci 100 g";"Severka";"Heureka.cz|Jídlo a nápoje|Sladkosti|Čokoládové figurky|Severka Čokoládové pastelky Tučnáci 100 g";"2025-11-30";105.0
"1201606510";"Severka Čokoládové pastelky Tučnáci 100 g";"Severka";"Heureka.cz|Jídlo a nápoje|Sladkosti|Čokoládové figurky|Severka Čokoládové pastelky Tučnáci 100 g";"2025-11-30";112.0
"1201606510";"Severka Čokoládové pastelky Tučnáci 100 g";"Severka";"Heureka.cz|Jídlo a nápoje|Sladkosti|Čokoládové figurky|Severka Čokoládové pastelky Tučnáci 100 g";"2025-11-30";131.0
"1201606510";"Severka Čokoládové pastelky Tučnáci 100 g";"Severka";"Heureka.cz|Jídlo a nápoje|Sladkosti|Čokoládové figurky|Severka Čokoládové pastelky Tučnáci 100 g";"2025-11-30";155.0
"1201606510";"Severka Čokoládové pastelky Tučnáci 100 g";"Severka";"Heureka.cz|Jídlo a nápoje|Sladkosti|Čokoládové figurky|Severka Čokoládové pastelky Tučnáci 100 g";"2025-12-01";106.0
"1201606510";"Severka Čokoládové pastelky Tučnáci 100 g";"Severka";"Heureka.cz|Jídlo a nápoje|Sladkosti|Čokoládové figurky|Severka Čokoládové pastelky Tučnáci 100 g";"2025-12-01";114.0
"1201606510";"Severka Čokoládové pastelky Tučnáci 100 g";"Severka";"Heureka.cz|Jídlo a nápoje|Sladkosti|Čokoládové figurky|Severka Čokoládové pastelky Tučnáci 100 g";"2025-12-01";155.0
"1201606510";"Severka Čokoládové pastelky Tučnáci 100 g";"Severka";"Heureka.cz|Jídlo a nápoje|Sladkosti|Čokoládové figurky|Severka Čokoládové pastelky Tučnáci 100 g";"2025-12-01";95.0
"1201606510";"Severka Čokoládové pastelky Tučnáci 100 g";"Severka";"Heureka.cz|Jídlo a nápoje|Sladkosti|Čokoládové figurky|Severka Čokoládové pastelky Tučnáci 100 g";"2025-12-01";95.0
"1201606510";"Severka Čokoládové pastelky Tučnáci 100 g";"Severka";"Heureka.cz|Jídlo a nápoje|Sladkosti|Čokoládové figurky|Severka Čokoládové pastelky Tučnáci 100 g";"2025-12-01";98.0
"1201606510";"Severka Čokoládové pastelky Tučnáci 100 g";"Severka";"Heureka.cz|Jídlo a nápoje|Sladkosti|Čokoládové figurky|Severka Čokoládové pastelky Tučnáci 100 g";"2025-12-01";100.0
"1201606510";"Severka Čokoládové pastelky Tučnáci 100 g";"Severka";"Heureka.cz|Jídlo a nápoje|Sladkosti|Čokoládové figurky|Severka Čokoládové pastelky Tučnáci 100 g";"2025-12-01";100.0
"1201606510";"Severka Čokoládové pastelky Tučnáci 100 g";"Severka";"Heureka.cz|Jídlo a nápoje|Sladkosti|Čokoládové figurky|Severka Čokoládové pastelky Tučnáci 100 g";"2025-12-01";105.0
"1201606510";"Severka Čokoládové pastelky Tučnáci 100 g";"Severka";"Heureka.cz|Jídlo a nápoje|Sladkosti|Čokoládové figurky|Severka Čokoládové pastelky Tučnáci 100 g";"2025-12-01";112.0
"1201606510";"Severka Čokoládové pastelky Tučnáci 100 g";"Severka";"Heureka.cz|Jídlo a nápoje|Sladkosti|Čokoládové figurky|Severka Čokoládové pastelky Tučnáci 100 g";"2025-12-01";121.0
"1201606510";"Severka Čokoládové pastelky Tučnáci 100 g";"Severka";"Heureka.cz|Jídlo a nápoje|Sladkosti|Čokoládové figurky|Severka Čokoládové pastelky Tučnáci 100 g";"2025-12-01";131.0
"1201606510";"Severka Čokoládové pastelky Tučnáci 100 g";"Severka";"Heureka.cz|Jídlo a nápoje|Sladkosti|Čokoládové figurky|Severka Čokoládové pastelky Tučnáci 100 g";"2025-12-01";155.0
"1201606510";"Severka Čokoládové pastelky Tučnáci 100 g";"Severka";"Heureka.cz|Jídlo a nápoje|Sladkosti|Čokoládové figurky|Severka Čokoládové pastelky Tučnáci 100 g";"2025-12-02";114.0
"1201606510";"Severka Čokoládové pastelky Tučnáci 100 g";"Severka";"Heureka.cz|Jídlo a nápoje|Sladkosti|Čokoládové figurky|Severka Čokoládové pastelky Tučnáci 100 g";"2025-12-02";106.0
"1201606510";"Severka Čokoládové pastelky Tučnáci 100 g";"Severka";"Heureka.cz|Jídlo a nápoje|Sladkosti|Čokoládové figurky|Severka Čokoládové pastelky Tučnáci 100 g";"2025-12-02";155.0
"1201606510";"Severka Čokoládové pastelky Tučnáci 100 g";"Severka";"Heureka.cz|Jídlo a nápoje|Sladkosti|Čokoládové figurky|Severka Čokoládové pastelky Tučnáci 100 g";"2025-12-02";95.0
"1201606510";"Severka Čokoládové pastelky Tučnáci 100 g";"Severka";"Heureka.cz|Jídlo a nápoje|Sladkosti|Čokoládové figurky|Severka Čokoládové pastelky Tučnáci 100 g";"2025-12-02";95.0
"1201606510";"Severka Čokoládové pastelky Tučnáci 100 g";"Severka";"Heureka.cz|Jídlo a nápoje|Sladkosti|Čokoládové figurky|Severka Čokoládové pastelky Tučnáci 100 g";"2025-12-02";98.0
"1201606510";"Severka Čokoládové pastelky Tučnáci 100 g";"Severka";"Heureka.cz|Jídlo a nápoje|Sladkosti|Čokoládové figurky|Severka Čokoládové pastelky Tučnáci 100 g";"2025-12-02";100.0
"1201606510";"Severka Čokoládové pastelky Tučnáci 100 g";"Severka";"Heureka.cz|Jídlo a nápoje|Sladkosti|Čokoládové figurky|Severka Čokoládové pastelky Tučnáci 100 g";"2025-12-02";100.0
"1201606510";"Severka Čokoládové pastelky Tučnáci 100 g";"Severka";"Heureka.cz|Jídlo a nápoje|Sladkosti|Čokoládové figurky|Severka Čokoládové pastelky Tučnáci 100 g";"2025-12-02";112.0
"1201606510";"Severka Čokoládové pastelky Tučnáci 100 g";"Severka";"Heureka.cz|Jídlo a nápoje|Sladkosti|Čokoládové figurky|Severka Čokoládové pastelky Tučnáci 100 g";"2025-12-02";121.0
"1201606510";"Severka Čokoládové pastelky Tučnáci 100 g";"Severka";"Heureka.cz|Jídlo a nápoje|Sladkosti|Čokoládové figurky|Severka Čokoládové pastelky Tučnáci 100 g";"2025-12-02";155.0
"1201606510";"Severka Čokoládové pastelky Tučnáci 100 g";"Severka";"Heureka.cz|Jídlo a nápoje|Sladkosti|Čokoládové figurky|Severka Čokoládové pastelky Tučnáci 100 g";"2025-12-03";114.0
"1201606510";"Severka Čokoládové pastelky Tučnáci 100 g";"Severka";"Heureka.cz|Jídlo a nápoje|Sladkosti|Čokoládové figurky|Severka Čokoládové pastelky Tučnáci 100 g";"2025-12-03";106.0
"1201606510";"Severka Čokoládové pastelky Tučnáci 100 g";"Severka";"Heureka.cz|Jídlo a nápoje|Sladkosti|Čokoládové figurky|Severka Čokoládové pastelky Tučnáci 100 g";"2025-12-03";155.0
"1201606510";"Severka Čokoládové pastelky Tučnáci 100 g";"Severka";"Heureka.cz|Jídlo a nápoje|Sladkosti|Čokoládové figurky|Severka Čokoládové pastelky Tučnáci 100 g";"2025-12-03";95.0
"1201606510";"Severka Čokoládové pastelky Tučnáci 100 g";"Severka";"Heureka.cz|Jídlo a nápoje|Sladkosti|Čokoládové figurky|Severka Čokoládové pastelky Tučnáci 100 g";"2025-12-03";95.0
"1201606510";"Severka Čokoládové pastelky Tučnáci 100 g";"Severka";"Heureka.cz|Jídlo a nápoje|Sladkosti|Čokoládové figurky|Severka Čokoládové pastelky Tučnáci 100 g";"2025-12-03";98.0
"1201606510";"Severka Čokoládové pastelky Tučnáci 100 g";"Severka";"Heureka.cz|Jídlo a nápoje|Sladkosti|Čokoládové figurky|Severka Čokoládové pastelky Tučnáci 100 g";"2025-12-03";100.0
"1201606510";"Severka Čokoládové pastelky Tučnáci 100 g";"Severka";"Heureka.cz|Jídlo a nápoje|Sladkosti|Čokoládové figurky|Severka Čokoládové pastelky Tučnáci 100 g";"2025-12-03";100.0
"1201606510";"Severka Čokoládové pastelky Tučnáci 100 g";"Severka";"Heureka.cz|Jídlo a nápoje|Sladkosti|Čokoládové figurky|Severka Čokoládové pastelky Tučnáci 100 g";"2025-12-03";112.0
"1201606510";"Severka Čokoládové pastelky Tučnáci 100 g";"Severka";"Heureka.cz|Jídlo a nápoje|Sladkosti|Čokoládové figurky|Severka Čokoládové pastelky Tučnáci 100 g";"2025-12-03";121.0
"1201606510";"Severka Čokoládové pastelky Tučnáci 100 g";"Severka";"Heureka.cz|Jídlo a nápoje|Sladkosti|Čokoládové figurky|Severka Čokoládové pastelky Tučnáci 100 g";"2025-12-03";131.0
"1201606510";"Severka Čokoládové pastelky Tučnáci 100 g";"Severka";"Heureka.cz|Jídlo a nápoje|Sladkosti|Čokoládové figurky|Severka Čokoládové pastelky Tučnáci 100 g";"2025-12-03";155.0
"1201606510";"Severka Čokoládové pastelky Tučnáci 100 g";"Severka";"Heureka.cz|Jídlo a nápoje|Sladkosti|Čokoládové figurky|Severka Čokoládové pastelky Tučnáci 100 g";"2025-12-04";114.0
"1201606510";"Severka Čokoládové pastelky Tučnáci 100 g";"Severka";"Heureka.cz|Jídlo a nápoje|Sladkosti|Čokoládové figurky|Severka Čokoládové pastelky Tučnáci 100 g";"2025-12-04";106.0
"1201606510";"Severka Čokoládové pastelky Tučnáci 100 g";"Severka";"Heureka.cz|Jídlo a nápoje|Sladkosti|Čokoládové figurky|Severka Čokoládové pastelky Tučnáci 100 g";"2025-12-04";155.0
"1201606510";"Severka Čokoládové pastelky Tučnáci 100 g";"Severka";"Heureka.cz|Jídlo a nápoje|Sladkosti|Čokoládové figurky|Severka Čokoládové pastelky Tučnáci 100 g";"2025-12-04";95.0
"1201606510";"Severka Čokoládové pastelky Tučnáci 100 g";"Severka";"Heureka.cz|Jídlo a nápoje|Sladkosti|Čokoládové figurky|Severka Čokoládové pastelky Tučnáci 100 g";"2025-12-04";95.0
"1201606510";"Severka Čokoládové pastelky Tučnáci 100 g";"Severka";"Heureka.cz|Jídlo a nápoje|Sladkosti|Čokoládové figurky|Severka Čokoládové pastelky Tučnáci 100 g";"2025-12-04";98.0
"1201606510";"Severka Čokoládové pastelky Tučnáci 100 g";"Severka";"Heureka.cz|Jídlo a nápoje|Sladkosti|Čokoládové figurky|Severka Čokoládové pastelky Tučnáci 100 g";"2025-12-04";100.0
"1201606510";"Severka Čokoládové pastelky Tučnáci 100 g";"Severka";"Heureka.cz|Jídlo a nápoje|Sladkosti|Čokoládové figurky|Severka Čokoládové pastelky Tučnáci 100 g";"2025-12-04";100.0
"1201606510";"Severka Čokoládové pastelky Tučnáci 100 g";"Severka";"Heureka.cz|Jídlo a nápoje|Sladkosti|Čokoládové figurky|Severka Čokoládové pastelky Tučnáci 100 g";"2025-12-04";112.0
"1201606510";"Severka Čokoládové pastelky Tučnáci 100 g";"Severka";"Heureka.cz|Jídlo a nápoje|Sladkosti|Čokoládové figurky|Severka Čokoládové pastelky Tučnáci 100 g";"2025-12-04";121.0
"1201606510";"Severka Čokoládové pastelky Tučnáci 100 g";"Severka";"Heureka.cz|Jídlo a nápoje|Sladkosti|Čokoládové figurky|Severka Čokoládové pastelky Tučnáci 100 g";"2025-12-04";155.0
"1201606510";"Severka Čokoládové pastelky Tučnáci 100 g";"Severka";"Heureka.cz|Jídlo a nápoje|Sladkosti|Čokoládové figurky|Severka Čokoládové pastelky Tučnáci 100 g";"2025-12-05";114.0
"1201606510";"Severka Čokoládové pastelky Tučnáci 100 g";"Severka";"Heureka.cz|Jídlo a nápoje|Sladkosti|Čokoládové figurky|Severka Čokoládové pastelky Tučnáci 100 g";"2025-12-05";106.0
"1201606510";"Severka Čokoládové pastelky Tučnáci 100 g";"Severka";"Heureka.cz|Jídlo a nápoje|Sladkosti|Čokoládové figurky|Severka Čokoládové pastelky Tučnáci 100 g";"2025-12-05";155.0
"1201606510";"Severka Čokoládové pastelky Tučnáci 100 g";"Severka";"Heureka.cz|Jídlo a nápoje|Sladkosti|Čokoládové figurky|Severka Čokoládové pastelky Tučnáci 100 g";"2025-12-05";83.0
"1201606510";"Severka Čokoládové pastelky Tučnáci 100 g";"Severka";"Heureka.cz|Jídlo a nápoje|Sladkosti|Čokoládové figurky|Severka Čokoládové pastelky Tučnáci 100 g";"2025-12-05";95.0
"1201606510";"Severka Čokoládové pastelky Tučnáci 100 g";"Severka";"Heureka.cz|Jídlo a nápoje|Sladkosti|Čokoládové figurky|Severka Čokoládové pastelky Tučnáci 100 g";"2025-12-05";95.0
"1201606510";"Severka Čokoládové pastelky Tučnáci 100 g";"Severka";"Heureka.cz|Jídlo a nápoje|Sladkosti|Čokoládové figurky|Severka Čokoládové pastelky Tučnáci 100 g";"2025-12-05";98.0
"1201606510";"Severka Čokoládové pastelky Tučnáci 100 g";"Severka";"Heureka.cz|Jídlo a nápoje|Sladkosti|Čokoládové figurky|Severka Čokoládové pastelky Tučnáci 100 g";"2025-12-05";100.0
"1201606510";"Severka Čokoládové pastelky Tučnáci 100 g";"Severka";"Heureka.cz|Jídlo a nápoje|Sladkosti|Čokoládové figurky|Severka Čokoládové pastelky Tučnáci 100 g";"2025-12-05";100.0
"1201606510";"Severka Čokoládové pastelky Tučnáci 100 g";"Severka";"Heureka.cz|Jídlo a nápoje|Sladkosti|Čokoládové figurky|Severka Čokoládové pastelky Tučnáci 100 g";"2025-12-05";112.0
"1201606510";"Severka Čokoládové pastelky Tučnáci 100 g";"Severka";"Heureka.cz|Jídlo a nápoje|Sladkosti|Čokoládové figurky|Severka Čokoládové pastelky Tučnáci 100 g";"2025-12-05";121.0
"1201606510";"Severka Čokoládové pastelky Tučnáci 100 g";"Severka";"Heureka.cz|Jídlo a nápoje|Sladkosti|Čokoládové figurky|Severka Čokoládové pastelky Tučnáci 100 g";"2025-12-05";155.0
"1201606510";"Severka Čokoládové pastelky Tučnáci 100 g";"Severka";"Heureka.cz|Jídlo a nápoje|Sladkosti|Čokoládové figurky|Severka Čokoládové pastelky Tučnáci 100 g";"2025-12-06";114.0
"1201606510";"Severka Čokoládové pastelky Tučnáci 100 g";"Severka";"Heureka.cz|Jídlo a nápoje|Sladkosti|Čokoládové figurky|Severka Čokoládové pastelky Tučnáci 100 g";"2025-12-06";106.0
"1201606510";"Severka Čokoládové pastelky Tučnáci 100 g";"Severka";"Heureka.cz|Jídlo a nápoje|Sladkosti|Čokoládové figurky|Severka Čokoládové pastelky Tučnáci 100 g";"2025-12-06";155.0
"1201606510";"Severka Čokoládové pastelky Tučnáci 100 g";"Severka";"Heureka.cz|Jídlo a nápoje|Sladkosti|Čokoládové figurky|Severka Čokoládové pastelky Tučnáci 100 g";"2025-12-06";83.0
"1201606510";"Severka Čokoládové pastelky Tučnáci 100 g";"Severka";"Heureka.cz|Jídlo a nápoje|Sladkosti|Čokoládové figurky|Severka Čokoládové pastelky Tučnáci 100 g";"2025-12-06";95.0
"1201606510";"Severka Čokoládové pastelky Tučnáci 100 g";"Severka";"Heureka.cz|Jídlo a nápoje|Sladkosti|Čokoládové figurky|Severka Čokoládové pastelky Tučnáci 100 g";"2025-12-06";95.0
"1201606510";"Severka Čokoládové pastelky Tučnáci 100 g";"Severka";"Heureka.cz|Jídlo a nápoje|Sladkosti|Čokoládové figurky|Severka Čokoládové pastelky Tučnáci 100 g";"2025-12-06";98.0
"1201606510";"Severka Čokoládové pastelky Tučnáci 100 g";"Severka";"Heureka.cz|Jídlo a nápoje|Sladkosti|Čokoládové figurky|Severka Čokoládové pastelky Tučnáci 100 g";"2025-12-06";100.0
"1201606510";"Severka Čokoládové pastelky Tučnáci 100 g";"Severka";"Heureka.cz|Jídlo a nápoje|Sladkosti|Čokoládové figurky|Severka Čokoládové pastelky Tučnáci 100 g";"2025-12-06";100.0
"1201606510";"Severka Čokoládové pastelky Tučnáci 100 g";"Severka";"Heureka.cz|Jídlo a nápoje|Sladkosti|Čokoládové figurky|Severka Čokoládové pastelky Tučnáci 100 g";"2025-12-06";112.0
"1201606510";"Severka Čokoládové pastelky Tučnáci 100 g";"Severka";"Heureka.cz|Jídlo a nápoje|Sladkosti|Čokoládové figurky|Severka Čokoládové pastelky Tučnáci 100 g";"2025-12-06";121.0
"1201606510";"Severka Čokoládové pastelky Tučnáci 100 g";"Severka";"Heureka.cz|Jídlo a nápoje|Sladkosti|Čokoládové figurky|Severka Čokoládové pastelky Tučnáci 100 g";"2025-12-06";155.0
"1201606510";"Severka Čokoládové pastelky Tučnáci 100 g";"Severka";"Heureka.cz|Jídlo a nápoje|Sladkosti|Čokoládové figurky|Severka Čokoládové pastelky Tučnáci 100 g";"2025-12-07";114.0
"1201606510";"Severka Čokoládové pastelky Tučnáci 100 g";"Severka";"Heureka.cz|Jídlo a nápoje|Sladkosti|Čokoládové figurky|Severka Čokoládové pastelky Tučnáci 100 g";"2025-12-07";106.0
"1201606510";"Severka Čokoládové pastelky Tučnáci 100 g";"Severka";"Heureka.cz|Jídlo a nápoje|Sladkosti|Čokoládové figurky|Severka Čokoládové pastelky Tučnáci 100 g";"2025-12-07";155.0
"1201606510";"Severka Čokoládové pastelky Tučnáci 100 g";"Severka";"Heureka.cz|Jídlo a nápoje|Sladkosti|Čokoládové figurky|Severka Čokoládové pastelky Tučnáci 100 g";"2025-12-07";83.0
"1201606510";"Severka Čokoládové pastelky Tučnáci 100 g";"Severka";"Heureka.cz|Jídlo a nápoje|Sladkosti|Čokoládové figurky|Severka Čokoládové pastelky Tučnáci 100 g";"2025-12-07";95.0
"1201606510";"Severka Čokoládové pastelky Tučnáci 100 g";"Severka";"Heureka.cz|Jídlo a nápoje|Sladkosti|Čokoládové figurky|Severka Čokoládové pastelky Tučnáci 100 g";"2025-12-07";95.0
"1201606510";"Severka Čokoládové pastelky Tučnáci 100 g";"Severka";"Heureka.cz|Jídlo a nápoje|Sladkosti|Čokoládové figurky|Severka Čokoládové pastelky Tučnáci 100 g";"2025-12-07";98.0
"1201606510";"Severka Čokoládové pastelky Tučnáci 100 g";"Severka";"Heureka.cz|Jídlo a nápoje|Sladkosti|Čokoládové figurky|Severka Čokoládové pastelky Tučnáci 100 g";"2025-12-07";100.0
"1201606510";"Severka Čokoládové pastelky Tučnáci 100 g";"Severka";"Heureka.cz|Jídlo a nápoje|Sladkosti|Čokoládové figurky|Severka Čokoládové pastelky Tučnáci 100 g";"2025-12-07";100.0
"1201606510";"Severka Čokoládové pastelky Tučnáci 100 g";"Severka";"Heureka.cz|Jídlo a nápoje|Sladkosti|Čokoládové figurky|Severka Čokoládové pastelky Tučnáci 100 g";"2025-12-07";112.0
"1201606510";"Severka Čokoládové pastelky Tučnáci 100 g";"Severka";"Heureka.cz|Jídlo a nápoje|Sladkosti|Čokoládové figurky|Severka Čokoládové pastelky Tučnáci 100 g";"2025-12-07";121.0
"1201606510";"Severka Čokoládové pastelky Tučnáci 100 g";"Severka";"Heureka.cz|Jídlo a nápoje|Sladkosti|Čokoládové figurky|Severka Čokoládové pastelky Tučnáci 100 g";"2025-12-07";155.0
"1201606510";"Severka Čokoládové pastelky Tučnáci 100 g";"Severka";"Heureka.cz|Jídlo a nápoje|Sladkosti|Čokoládové figurky|Severka Čokoládové pastelky Tučnáci 100 g";"2025-12-08";114.0
"1201606510";"Severka Čokoládové pastelky Tučnáci 100 g";"Severka";"Heureka.cz|Jídlo a nápoje|Sladkosti|Čokoládové figurky|Severka Čokoládové pastelky Tučnáci 100 g";"2025-12-08";106.0
"1201606510";"Severka Čokoládové pastelky Tučnáci 100 g";"Severka";"Heureka.cz|Jídlo a nápoje|Sladkosti|Čokoládové figurky|Severka Čokoládové pastelky Tučnáci 100 g";"2025-12-08";155.0
"1201606510";"Severka Čokoládové pastelky Tučnáci 100 g";"Severka";"Heureka.cz|Jídlo a nápoje|Sladkosti|Čokoládové figurky|Severka Čokoládové pastelky Tučnáci 100 g";"2025-12-08";83.0
"1201606510";"Severka Čokoládové pastelky Tučnáci 100 g";"Severka";"Heureka.cz|Jídlo a nápoje|Sladkosti|Čokoládové figurky|Severka Čokoládové pastelky Tučnáci 100 g";"2025-12-08";95.0
"1201606510";"Severka Čokoládové pastelky Tučnáci 100 g";"Severka";"Heureka.cz|Jídlo a nápoje|Sladkosti|Čokoládové figurky|Severka Čokoládové pastelky Tučnáci 100 g";"2025-12-08";95.0
"1201606510";"Severka Čokoládové pastelky Tučnáci 100 g";"Severka";"Heureka.cz|Jídlo a nápoje|Sladkosti|Čokoládové figurky|Severka Čokoládové pastelky Tučnáci 100 g";"2025-12-08";98.0
"1201606510";"Severka Čokoládové pastelky Tučnáci 100 g";"Severka";"Heureka.cz|Jídlo a nápoje|Sladkosti|Čokoládové figurky|Severka Čokoládové pastelky Tučnáci 100 g";"2025-12-08";100.0
"1201606510";"Severka Čokoládové pastelky Tučnáci 100 g";"Severka";"Heureka.cz|Jídlo a nápoje|Sladkosti|Čokoládové figurky|Severka Čokoládové pastelky Tučnáci 100 g";"2025-12-08";100.0
"1201606510";"Severka Čokoládové pastelky Tučnáci 100 g";"Severka";"Heureka.cz|Jídlo a nápoje|Sladkosti|Čokoládové figurky|Severka Čokoládové pastelky Tučnáci 100 g";"2025-12-08";112.0
"1201606510";"Severka Čokoládové pastelky Tučnáci 100 g";"Severka";"Heureka.cz|Jídlo a nápoje|Sladkosti|Čokoládové figurky|Severka Čokoládové pastelky Tučnáci 100 g";"2025-12-08";121.0
"1201606510";"Severka Čokoládové pastelky Tučnáci 100 g";"Severka";"Heureka.cz|Jídlo a nápoje|Sladkosti|Čokoládové figurky|Severka Čokoládové pastelky Tučnáci 100 g";"2025-12-08";155.0
"1201646724";"Severka čokopastelky kočky mléčná a bílá čokoláda 100 g";"Severka";"Heureka.cz|Jídlo a nápoje|Sladkosti|Čokoládové figurky|Severka čokopastelky kočky mléčná a bílá čokoláda 100 g";"2025-10-23";83.0
"1201646724";"Severka čokopastelky kočky mléčná a bílá čokoláda 100 g";"Severka";"Heureka.cz|Jídlo a nápoje|Sladkosti|Čokoládové figurky|Severka čokopastelky kočky mléčná a bílá čokoláda 100 g";"2025-10-23";83.0
"1201646724";"Severka čokopastelky kočky mléčná a bílá čokoláda 100 g";"Severka";"Heureka.cz|Jídlo a nápoje|Sladkosti|Čokoládové figurky|Severka čokopastelky kočky mléčná a bílá čokoláda 100 g";"2025-10-23";98.0
"1201646724";"Severka čokopastelky kočky mléčná a bílá čokoláda 100 g";"Severka";"Heureka.cz|Jídlo a nápoje|Sladkosti|Čokoládové figurky|Severka čokopastelky kočky mléčná a bílá čokoláda 100 g";"2025-10-23";99.0
"1201646724";"Severka čokopastelky kočky mléčná a bílá čokoláda 100 g";"Severka";"Heureka.cz|Jídlo a nápoje|Sladkosti|Čokoládové figurky|Severka čokopastelky kočky mléčná a bílá čokoláda 100 g";"2025-10-23";99.0
"1201646724";"Severka čokopastelky kočky mléčná a bílá čokoláda 100 g";"Severka";"Heureka.cz|Jídlo a nápoje|Sladkosti|Čokoládové figurky|Severka čokopastelky kočky mléčná a bílá čokoláda 100 g";"2025-10-23";99.0
"1201646724";"Severka čokopastelky kočky mléčná a bílá čokoláda 100 g";"Severka";"Heureka.cz|Jídlo a nápoje|Sladkosti|Čokoládové figurky|Severka čokopastelky kočky mléčná a bílá čokoláda 100 g";"2025-10-23";106.0
"1201646724";"Severka čokopastelky kočky mléčná a bílá čokoláda 100 g";"Severka";"Heureka.cz|Jídlo a nápoje|Sladkosti|Čokoládové figurky|Severka čokopastelky kočky mléčná a bílá čokoláda 100 g";"2025-10-23";112.0
"1201646724";"Severka čokopastelky kočky mléčná a bílá čokoláda 100 g";"Severka";"Heureka.cz|Jídlo a nápoje|Sladkosti|Čokoládové figurky|Severka čokopastelky kočky mléčná a bílá čokoláda 100 g";"2025-10-23";115.0
"1201646724";"Severka čokopastelky kočky mléčná a bílá čokoláda 100 g";"Severka";"Heureka.cz|Jídlo a nápoje|Sladkosti|Čokoládové figurky|Severka čokopastelky kočky mléčná a bílá čokoláda 100 g";"2025-10-23";116.0
"1201646724";"Severka čokopastelky kočky mléčná a bílá čokoláda 100 g";"Severka";"Heureka.cz|Jídlo a nápoje|Sladkosti|Čokoládové figurky|Severka čokopastelky kočky mléčná a bílá čokoláda 100 g";"2025-11-05";83.0
"1201646724";"Severka čokopastelky kočky mléčná a bílá čokoláda 100 g";"Severka";"Heureka.cz|Jídlo a nápoje|Sladkosti|Čokoládové figurky|Severka čokopastelky kočky mléčná a bílá čokoláda 100 g";"2025-11-05";98.0
"1201646724";"Severka čokopastelky kočky mléčná a bílá čokoláda 100 g";"Severka";"Heureka.cz|Jídlo a nápoje|Sladkosti|Čokoládové figurky|Severka čokopastelky kočky mléčná a bílá čokoláda 100 g";"2025-11-05";99.0
"1201646724";"Severka čokopastelky kočky mléčná a bílá čokoláda 100 g";"Severka";"Heureka.cz|Jídlo a nápoje|Sladkosti|Čokoládové figurky|Severka čokopastelky kočky mléčná a bílá čokoláda 100 g";"2025-11-05";100.0
"1201646724";"Severka čokopastelky kočky mléčná a bílá čokoláda 100 g";"Severka";"Heureka.cz|Jídlo a nápoje|Sladkosti|Čokoládové figurky|Severka čokopastelky kočky mléčná a bílá čokoláda 100 g";"2025-11-05";106.0
"1201646724";"Severka čokopastelky kočky mléčná a bílá čokoláda 100 g";"Severka";"Heureka.cz|Jídlo a nápoje|Sladkosti|Čokoládové figurky|Severka čokopastelky kočky mléčná a bílá čokoláda 100 g";"2025-11-05";112.0
"1201646724";"Severka čokopastelky kočky mléčná a bílá čokoláda 100 g";"Severka";"Heureka.cz|Jídlo a nápoje|Sladkosti|Čokoládové figurky|Severka čokopastelky kočky mléčná a bílá čokoláda 100 g";"2025-11-05";115.0
"1201646724";"Severka čokopastelky kočky mléčná a bílá čokoláda 100 g";"Severka";"Heureka.cz|Jídlo a nápoje|Sladkosti|Čokoládové figurky|Severka čokopastelky kočky mléčná a bílá čokoláda 100 g";"2025-11-05";116.0
"1201646724";"Severka čokopastelky kočky mléčná a bílá čokoláda 100 g";"Severka";"Heureka.cz|Jídlo a nápoje|Sladkosti|Čokoládové figurky|Severka čokopastelky kočky mléčná a bílá čokoláda 100 g";"2025-11-06";83.0
"1201646724";"Severka čokopastelky kočky mléčná a bílá čokoláda 100 g";"Severka";"Heureka.cz|Jídlo a nápoje|Sladkosti|Čokoládové figurky|Severka čokopastelky kočky mléčná a bílá čokoláda 100 g";"2025-11-06";98.0
"1201646724";"Severka čokopastelky kočky mléčná a bílá čokoláda 100 g";"Severka";"Heureka.cz|Jídlo a nápoje|Sladkosti|Čokoládové figurky|Severka čokopastelky kočky mléčná a bílá čokoláda 100 g";"2025-11-06";99.0
"1201646724";"Severka čokopastelky kočky mléčná a bílá čokoláda 100 g";"Severka";"Heureka.cz|Jídlo a nápoje|Sladkosti|Čokoládové figurky|Severka čokopastelky kočky mléčná a bílá čokoláda 100 g";"2025-11-06";100.0
"1201646724";"Severka čokopastelky kočky mléčná a bílá čokoláda 100 g";"Severka";"Heureka.cz|Jídlo a nápoje|Sladkosti|Čokoládové figurky|Severka čokopastelky kočky mléčná a bílá čokoláda 100 g";"2025-11-06";106.0
"1201646724";"Severka čokopastelky kočky mléčná a bílá čokoláda 100 g";"Severka";"Heureka.cz|Jídlo a nápoje|Sladkosti|Čokoládové figurky|Severka čokopastelky kočky mléčná a bílá čokoláda 100 g";"2025-11-06";112.0
"1201646724";"Severka čokopastelky kočky mléčná a bílá čokoláda 100 g";"Severka";"Heureka.cz|Jídlo a nápoje|Sladkosti|Čokoládové figurky|Severka čokopastelky kočky mléčná a bílá čokoláda 100 g";"2025-11-06";115.0
"1201646724";"Severka čokopastelky kočky mléčná a bílá čokoláda 100 g";"Severka";"Heureka.cz|Jídlo a nápoje|Sladkosti|Čokoládové figurky|Severka čokopastelky kočky mléčná a bílá čokoláda 100 g";"2025-11-06";116.0
"1201646724";"Severka čokopastelky kočky mléčná a bílá čokoláda 100 g";"Severka";"Heureka.cz|Jídlo a nápoje|Sladkosti|Čokoládové figurky|Severka čokopastelky kočky mléčná a bílá čokoláda 100 g";"2025-11-07";83.0
"1201646724";"Severka čokopastelky kočky mléčná a bílá čokoláda 100 g";"Severka";"Heureka.cz|Jídlo a nápoje|Sladkosti|Čokoládové figurky|Severka čokopastelky kočky mléčná a bílá čokoláda 100 g";"2025-11-07";98.0
"1201646724";"Severka čokopastelky kočky mléčná a bílá čokoláda 100 g";"Severka";"Heureka.cz|Jídlo a nápoje|Sladkosti|Čokoládové figurky|Severka čokopastelky kočky mléčná a bílá čokoláda 100 g";"2025-11-07";99.0
"1201646724";"Severka čokopastelky kočky mléčná a bílá čokoláda 100 g";"Severka";"Heureka.cz|Jídlo a nápoje|Sladkosti|Čokoládové figurky|Severka čokopastelky kočky mléčná a bílá čokoláda 100 g";"2025-11-07";100.0
"1201646724";"Severka čokopastelky kočky mléčná a bílá čokoláda 100 g";"Severka";"Heureka.cz|Jídlo a nápoje|Sladkosti|Čokoládové figurky|Severka čokopastelky kočky mléčná a bílá čokoláda 100 g";"2025-11-07";106.0
"1201646724";"Severka čokopastelky kočky mléčná a bílá čokoláda 100 g";"Severka";"Heureka.cz|Jídlo a nápoje|Sladkosti|Čokoládové figurky|Severka čokopastelky kočky mléčná a bílá čokoláda 100 g";"2025-11-07";112.0
"1201646724";"Severka čokopastelky kočky mléčná a bílá čokoláda 100 g";"Severka";"Heureka.cz|Jídlo a nápoje|Sladkosti|Čokoládové figurky|Severka čokopastelky kočky mléčná a bílá čokoláda 100 g";"2025-11-07";115.0
"1201646724";"Severka čokopastelky kočky mléčná a bílá čokoláda 100 g";"Severka";"Heureka.cz|Jídlo a nápoje|Sladkosti|Čokoládové figurky|Severka čokopastelky kočky mléčná a bílá čokoláda 100 g";"2025-11-07";116.0
"1201646724";"Severka čokopastelky kočky mléčná a bílá čokoláda 100 g";"Severka";"Heureka.cz|Jídlo a nápoje|Sladkosti|Čokoládové figurky|Severka čokopastelky kočky mléčná a bílá čokoláda 100 g";"2025-11-08";83.0
"1201646724";"Severka čokopastelky kočky mléčná a bílá čokoláda 100 g";"Severka";"Heureka.cz|Jídlo a nápoje|Sladkosti|Čokoládové figurky|Severka čokopastelky kočky mléčná a bílá čokoláda 100 g";"2025-11-08";100.0
"1201646724";"Severka čokopastelky kočky mléčná a bílá čokoláda 100 g";"Severka";"Heureka.cz|Jídlo a nápoje|Sladkosti|Čokoládové figurky|Severka čokopastelky kočky mléčná a bílá čokoláda 100 g";"2025-11-08";106.0
"1201646724";"Severka čokopastelky kočky mléčná a bílá čokoláda 100 g";"Severka";"Heureka.cz|Jídlo a nápoje|Sladkosti|Čokoládové figurky|Severka čokopastelky kočky mléčná a bílá čokoláda 100 g";"2025-11-08";112.0
"1201646724";"Severka čokopastelky kočky mléčná a bílá čokoláda 100 g";"Severka";"Heureka.cz|Jídlo a nápoje|Sladkosti|Čokoládové figurky|Severka čokopastelky kočky mléčná a bílá čokoláda 100 g";"2025-11-08";115.0
"1201646724";"Severka čokopastelky kočky mléčná a bílá čokoláda 100 g";"Severka";"Heureka.cz|Jídlo a nápoje|Sladkosti|Čokoládové figurky|Severka čokopastelky kočky mléčná a bílá čokoláda 100 g";"2025-11-08";116.0
"1201646724";"Severka čokopastelky kočky mléčná a bílá čokoláda 100 g";"Severka";"Heureka.cz|Jídlo a nápoje|Sladkosti|Čokoládové figurky|Severka čokopastelky kočky mléčná a bílá čokoláda 100 g";"2025-11-09";83.0
"1201646724";"Severka čokopastelky kočky mléčná a bílá čokoláda 100 g";"Severka";"Heureka.cz|Jídlo a nápoje|Sladkosti|Čokoládové figurky|Severka čokopastelky kočky mléčná a bílá čokoláda 100 g";"2025-11-09";100.0
"1201646724";"Severka čokopastelky kočky mléčná a bílá čokoláda 100 g";"Severka";"Heureka.cz|Jídlo a nápoje|Sladkosti|Čokoládové figurky|Severka čokopastelky kočky mléčná a bílá čokoláda 100 g";"2025-11-09";106.0
"1201646724";"Severka čokopastelky kočky mléčná a bílá čokoláda 100 g";"Severka";"Heureka.cz|Jídlo a nápoje|Sladkosti|Čokoládové figurky|Severka čokopastelky kočky mléčná a bílá čokoláda 100 g";"2025-11-09";112.0
"1201646724";"Severka čokopastelky kočky mléčná a bílá čokoláda 100 g";"Severka";"Heureka.cz|Jídlo a nápoje|Sladkosti|Čokoládové figurky|Severka čokopastelky kočky mléčná a bílá čokoláda 100 g";"2025-11-09";115.0
"1201646724";"Severka čokopastelky kočky mléčná a bílá čokoláda 100 g";"Severka";"Heureka.cz|Jídlo a nápoje|Sladkosti|Čokoládové figurky|Severka čokopastelky kočky mléčná a bílá čokoláda 100 g";"2025-11-09";116.0
"1201646724";"Severka čokopastelky kočky mléčná a bílá čokoláda 100 g";"Severka";"Heureka.cz|Jídlo a nápoje|Sladkosti|Čokoládové figurky|Severka čokopastelky kočky mléčná a bílá čokoláda 100 g";"2025-11-10";99.0
"1201646724";"Severka čokopastelky kočky mléčná a bílá čokoláda 100 g";"Severka";"Heureka.cz|Jídlo a nápoje|Sladkosti|Čokoládové figurky|Severka čokopastelky kočky mléčná a bílá čokoláda 100 g";"2025-11-10";106.0
"1201646724";"Severka čokopastelky kočky mléčná a bílá čokoláda 100 g";"Severka";"Heureka.cz|Jídlo a nápoje|Sladkosti|Čokoládové figurky|Severka čokopastelky kočky mléčná a bílá čokoláda 100 g";"2025-11-10";106.0
"1201646724";"Severka čokopastelky kočky mléčná a bílá čokoláda 100 g";"Severka";"Heureka.cz|Jídlo a nápoje|Sladkosti|Čokoládové figurky|Severka čokopastelky kočky mléčná a bílá čokoláda 100 g";"2025-11-10";112.0
"1201646724";"Severka čokopastelky kočky mléčná a bílá čokoláda 100 g";"Severka";"Heureka.cz|Jídlo a nápoje|Sladkosti|Čokoládové figurky|Severka čokopastelky kočky mléčná a bílá čokoláda 100 g";"2025-11-10";115.0
"1201646724";"Severka čokopastelky kočky mléčná a bílá čokoláda 100 g";"Severka";"Heureka.cz|Jídlo a nápoje|Sladkosti|Čokoládové figurky|Severka čokopastelky kočky mléčná a bílá čokoláda 100 g";"2025-11-10";116.0
"1201646724";"Severka čokopastelky kočky mléčná a bílá čokoláda 100 g";"Severka";"Heureka.cz|Jídlo a nápoje|Sladkosti|Čokoládové figurky|Severka čokopastelky kočky mléčná a bílá čokoláda 100 g";"2025-11-11";83.0
"1201646724";"Severka čokopastelky kočky mléčná a bílá čokoláda 100 g";"Severka";"Heureka.cz|Jídlo a nápoje|Sladkosti|Čokoládové figurky|Severka čokopastelky kočky mléčná a bílá čokoláda 100 g";"2025-11-11";98.0
"1201646724";"Severka čokopastelky kočky mléčná a bílá čokoláda 100 g";"Severka";"Heureka.cz|Jídlo a nápoje|Sladkosti|Čokoládové figurky|Severka čokopastelky kočky mléčná a bílá čokoláda 100 g";"2025-11-11";106.0
"1201646724";"Severka čokopastelky kočky mléčná a bílá čokoláda 100 g";"Severka";"Heureka.cz|Jídlo a nápoje|Sladkosti|Čokoládové figurky|Severka čokopastelky kočky mléčná a bílá čokoláda 100 g";"2025-11-11";107.0
"1201646724";"Severka čokopastelky kočky mléčná a bílá čokoláda 100 g";"Severka";"Heureka.cz|Jídlo a nápoje|Sladkosti|Čokoládové figurky|Severka čokopastelky kočky mléčná a bílá čokoláda 100 g";"2025-11-11";112.0
"1201646724";"Severka čokopastelky kočky mléčná a bílá čokoláda 100 g";"Severka";"Heureka.cz|Jídlo a nápoje|Sladkosti|Čokoládové figurky|Severka čokopastelky kočky mléčná a bílá čokoláda 100 g";"2025-11-11";115.0
"1201646724";"Severka čokopastelky kočky mléčná a bílá čokoláda 100 g";"Severka";"Heureka.cz|Jídlo a nápoje|Sladkosti|Čokoládové figurky|Severka čokopastelky kočky mléčná a bílá čokoláda 100 g";"2025-11-11";116.0
"1201646724";"Severka čokopastelky kočky mléčná a bílá čokoláda 100 g";"Severka";"Heureka.cz|Jídlo a nápoje|Sladkosti|Čokoládové figurky|Severka čokopastelky kočky mléčná a bílá čokoláda 100 g";"2025-11-12";83.0
"1201646724";"Severka čokopastelky kočky mléčná a bílá čokoláda 100 g";"Severka";"Heureka.cz|Jídlo a nápoje|Sladkosti|Čokoládové figurky|Severka čokopastelky kočky mléčná a bílá čokoláda 100 g";"2025-11-12";98.0
"1201646724";"Severka čokopastelky kočky mléčná a bílá čokoláda 100 g";"Severka";"Heureka.cz|Jídlo a nápoje|Sladkosti|Čokoládové figurky|Severka čokopastelky kočky mléčná a bílá čokoláda 100 g";"2025-11-12";106.0
"1201646724";"Severka čokopastelky kočky mléčná a bílá čokoláda 100 g";"Severka";"Heureka.cz|Jídlo a nápoje|Sladkosti|Čokoládové figurky|Severka čokopastelky kočky mléčná a bílá čokoláda 100 g";"2025-11-12";107.0
"1201646724";"Severka čokopastelky kočky mléčná a bílá čokoláda 100 g";"Severka";"Heureka.cz|Jídlo a nápoje|Sladkosti|Čokoládové figurky|Severka čokopastelky kočky mléčná a bílá čokoláda 100 g";"2025-11-12";112.0
"1201646724";"Severka čokopastelky kočky mléčná a bílá čokoláda 100 g";"Severka";"Heureka.cz|Jídlo a nápoje|Sladkosti|Čokoládové figurky|Severka čokopastelky kočky mléčná a bílá čokoláda 100 g";"2025-11-12";115.0
"1201646724";"Severka čokopastelky kočky mléčná a bílá čokoláda 100 g";"Severka";"Heureka.cz|Jídlo a nápoje|Sladkosti|Čokoládové figurky|Severka čokopastelky kočky mléčná a bílá čokoláda 100 g";"2025-11-12";116.0
"1201646724";"Severka čokopastelky kočky mléčná a bílá čokoláda 100 g";"Severka";"Heureka.cz|Jídlo a nápoje|Sladkosti|Čokoládové figurky|Severka čokopastelky kočky mléčná a bílá čokoláda 100 g";"2025-11-13";83.0
"1201646724";"Severka čokopastelky kočky mléčná a bílá čokoláda 100 g";"Severka";"Heureka.cz|Jídlo a nápoje|Sladkosti|Čokoládové figurky|Severka čokopastelky kočky mléčná a bílá čokoláda 100 g";"2025-11-13";98.0
"1201646724";"Severka čokopastelky kočky mléčná a bílá čokoláda 100 g";"Severka";"Heureka.cz|Jídlo a nápoje|Sladkosti|Čokoládové figurky|Severka čokopastelky kočky mléčná a bílá čokoláda 100 g";"2025-11-13";100.0
"1201646724";"Severka čokopastelky kočky mléčná a bílá čokoláda 100 g";"Severka";"Heureka.cz|Jídlo a nápoje|Sladkosti|Čokoládové figurky|Severka čokopastelky kočky mléčná a bílá čokoláda 100 g";"2025-11-13";106.0
"1201646724";"Severka čokopastelky kočky mléčná a bílá čokoláda 100 g";"Severka";"Heureka.cz|Jídlo a nápoje|Sladkosti|Čokoládové figurky|Severka čokopastelky kočky mléčná a bílá čokoláda 100 g";"2025-11-13";112.0
"1201646724";"Severka čokopastelky kočky mléčná a bílá čokoláda 100 g";"Severka";"Heureka.cz|Jídlo a nápoje|Sladkosti|Čokoládové figurky|Severka čokopastelky kočky mléčná a bílá čokoláda 100 g";"2025-11-13";115.0
"1201646724";"Severka čokopastelky kočky mléčná a bílá čokoláda 100 g";"Severka";"Heureka.cz|Jídlo a nápoje|Sladkosti|Čokoládové figurky|Severka čokopastelky kočky mléčná a bílá čokoláda 100 g";"2025-11-13";116.0
"1201646724";"Severka čokopastelky kočky mléčná a bílá čokoláda 100 g";"Severka";"Heureka.cz|Jídlo a nápoje|Sladkosti|Čokoládové figurky|Severka čokopastelky kočky mléčná a bílá čokoláda 100 g";"2025-11-14";83.0
"1201646724";"Severka čokopastelky kočky mléčná a bílá čokoláda 100 g";"Severka";"Heureka.cz|Jídlo a nápoje|Sladkosti|Čokoládové figurky|Severka čokopastelky kočky mléčná a bílá čokoláda 100 g";"2025-11-14";98.0
"1201646724";"Severka čokopastelky kočky mléčná a bílá čokoláda 100 g";"Severka";"Heureka.cz|Jídlo a nápoje|Sladkosti|Čokoládové figurky|Severka čokopastelky kočky mléčná a bílá čokoláda 100 g";"2025-11-14";100.0
"1201646724";"Severka čokopastelky kočky mléčná a bílá čokoláda 100 g";"Severka";"Heureka.cz|Jídlo a nápoje|Sladkosti|Čokoládové figurky|Severka čokopastelky kočky mléčná a bílá čokoláda 100 g";"2025-11-14";106.0
"1201646724";"Severka čokopastelky kočky mléčná a bílá čokoláda 100 g";"Severka";"Heureka.cz|Jídlo a nápoje|Sladkosti|Čokoládové figurky|Severka čokopastelky kočky mléčná a bílá čokoláda 100 g";"2025-11-14";112.0
"1201646724";"Severka čokopastelky kočky mléčná a bílá čokoláda 100 g";"Severka";"Heureka.cz|Jídlo a nápoje|Sladkosti|Čokoládové figurky|Severka čokopastelky kočky mléčná a bílá čokoláda 100 g";"2025-11-14";115.0
"1201646724";"Severka čokopastelky kočky mléčná a bílá čokoláda 100 g";"Severka";"Heureka.cz|Jídlo a nápoje|Sladkosti|Čokoládové figurky|Severka čokopastelky kočky mléčná a bílá čokoláda 100 g";"2025-11-14";116.0
"1201646724";"Severka čokopastelky kočky mléčná a bílá čokoláda 100 g";"Severka";"Heureka.cz|Jídlo a nápoje|Sladkosti|Čokoládové figurky|Severka čokopastelky kočky mléčná a bílá čokoláda 100 g";"2025-11-15";83.0
"1201646724";"Severka čokopastelky kočky mléčná a bílá čokoláda 100 g";"Severka";"Heureka.cz|Jídlo a nápoje|Sladkosti|Čokoládové figurky|Severka čokopastelky kočky mléčná a bílá čokoláda 100 g";"2025-11-15";98.0
"1201646724";"Severka čokopastelky kočky mléčná a bílá čokoláda 100 g";"Severka";"Heureka.cz|Jídlo a nápoje|Sladkosti|Čokoládové figurky|Severka čokopastelky kočky mléčná a bílá čokoláda 100 g";"2025-11-15";100.0
"1201646724";"Severka čokopastelky kočky mléčná a bílá čokoláda 100 g";"Severka";"Heureka.cz|Jídlo a nápoje|Sladkosti|Čokoládové figurky|Severka čokopastelky kočky mléčná a bílá čokoláda 100 g";"2025-11-15";106.0
"1201646724";"Severka čokopastelky kočky mléčná a bílá čokoláda 100 g";"Severka";"Heureka.cz|Jídlo a nápoje|Sladkosti|Čokoládové figurky|Severka čokopastelky kočky mléčná a bílá čokoláda 100 g";"2025-11-15";112.0
"1201646724";"Severka čokopastelky kočky mléčná a bílá čokoláda 100 g";"Severka";"Heureka.cz|Jídlo a nápoje|Sladkosti|Čokoládové figurky|Severka čokopastelky kočky mléčná a bílá čokoláda 100 g";"2025-11-15";115.0
"1201646724";"Severka čokopastelky kočky mléčná a bílá čokoláda 100 g";"Severka";"Heureka.cz|Jídlo a nápoje|Sladkosti|Čokoládové figurky|Severka čokopastelky kočky mléčná a bílá čokoláda 100 g";"2025-11-15";116.0
"1201646724";"Severka čokopastelky kočky mléčná a bílá čokoláda 100 g";"Severka";"Heureka.cz|Jídlo a nápoje|Sladkosti|Čokoládové figurky|Severka čokopastelky kočky mléčná a bílá čokoláda 100 g";"2025-11-16";83.0
"1201646724";"Severka čokopastelky kočky mléčná a bílá čokoláda 100 g";"Severka";"Heureka.cz|Jídlo a nápoje|Sladkosti|Čokoládové figurky|Severka čokopastelky kočky mléčná a bílá čokoláda 100 g";"2025-11-16";83.0
"1201646724";"Severka čokopastelky kočky mléčná a bílá čokoláda 100 g";"Severka";"Heureka.cz|Jídlo a nápoje|Sladkosti|Čokoládové figurky|Severka čokopastelky kočky mléčná a bílá čokoláda 100 g";"2025-11-16";98.0
"1201646724";"Severka čokopastelky kočky mléčná a bílá čokoláda 100 g";"Severka";"Heureka.cz|Jídlo a nápoje|Sladkosti|Čokoládové figurky|Severka čokopastelky kočky mléčná a bílá čokoláda 100 g";"2025-11-16";100.0
"1201646724";"Severka čokopastelky kočky mléčná a bílá čokoláda 100 g";"Severka";"Heureka.cz|Jídlo a nápoje|Sladkosti|Čokoládové figurky|Severka čokopastelky kočky mléčná a bílá čokoláda 100 g";"2025-11-16";106.0
"1201646724";"Severka čokopastelky kočky mléčná a bílá čokoláda 100 g";"Severka";"Heureka.cz|Jídlo a nápoje|Sladkosti|Čokoládové figurky|Severka čokopastelky kočky mléčná a bílá čokoláda 100 g";"2025-11-16";112.0
"1201646724";"Severka čokopastelky kočky mléčná a bílá čokoláda 100 g";"Severka";"Heureka.cz|Jídlo a nápoje|Sladkosti|Čokoládové figurky|Severka čokopastelky kočky mléčná a bílá čokoláda 100 g";"2025-11-16";115.0
"1201646724";"Severka čokopastelky kočky mléčná a bílá čokoláda 100 g";"Severka";"Heureka.cz|Jídlo a nápoje|Sladkosti|Čokoládové figurky|Severka čokopastelky kočky mléčná a bílá čokoláda 100 g";"2025-11-16";116.0
"1201646724";"Severka čokopastelky kočky mléčná a bílá čokoláda 100 g";"Severka";"Heureka.cz|Jídlo a nápoje|Sladkosti|Čokoládové figurky|Severka čokopastelky kočky mléčná a bílá čokoláda 100 g";"2025-11-17";83.0
"1201646724";"Severka čokopastelky kočky mléčná a bílá čokoláda 100 g";"Severka";"Heureka.cz|Jídlo a nápoje|Sladkosti|Čokoládové figurky|Severka čokopastelky kočky mléčná a bílá čokoláda 100 g";"2025-11-17";83.0
"1201646724";"Severka čokopastelky kočky mléčná a bílá čokoláda 100 g";"Severka";"Heureka.cz|Jídlo a nápoje|Sladkosti|Čokoládové figurky|Severka čokopastelky kočky mléčná a bílá čokoláda 100 g";"2025-11-17";98.0
"1201646724";"Severka čokopastelky kočky mléčná a bílá čokoláda 100 g";"Severka";"Heureka.cz|Jídlo a nápoje|Sladkosti|Čokoládové figurky|Severka čokopastelky kočky mléčná a bílá čokoláda 100 g";"2025-11-17";100.0
"1201646724";"Severka čokopastelky kočky mléčná a bílá čokoláda 100 g";"Severka";"Heureka.cz|Jídlo a nápoje|Sladkosti|Čokoládové figurky|Severka čokopastelky kočky mléčná a bílá čokoláda 100 g";"2025-11-17";106.0
"1201646724";"Severka čokopastelky kočky mléčná a bílá čokoláda 100 g";"Severka";"Heureka.cz|Jídlo a nápoje|Sladkosti|Čokoládové figurky|Severka čokopastelky kočky mléčná a bílá čokoláda 100 g";"2025-11-17";112.0
"1201646724";"Severka čokopastelky kočky mléčná a bílá čokoláda 100 g";"Severka";"Heureka.cz|Jídlo a nápoje|Sladkosti|Čokoládové figurky|Severka čokopastelky kočky mléčná a bílá čokoláda 100 g";"2025-11-17";115.0
"1201646724";"Severka čokopastelky kočky mléčná a bílá čokoláda 100 g";"Severka";"Heureka.cz|Jídlo a nápoje|Sladkosti|Čokoládové figurky|Severka čokopastelky kočky mléčná a bílá čokoláda 100 g";"2025-11-17";116.0
"1201646724";"Severka čokopastelky kočky mléčná a bílá čokoláda 100 g";"Severka";"Heureka.cz|Jídlo a nápoje|Sladkosti|Čokoládové figurky|Severka čokopastelky kočky mléčná a bílá čokoláda 100 g";"2025-11-18";83.0
"1201646724";"Severka čokopastelky kočky mléčná a bílá čokoláda 100 g";"Severka";"Heureka.cz|Jídlo a nápoje|Sladkosti|Čokoládové figurky|Severka čokopastelky kočky mléčná a bílá čokoláda 100 g";"2025-11-18";83.0
"1201646724";"Severka čokopastelky kočky mléčná a bílá čokoláda 100 g";"Severka";"Heureka.cz|Jídlo a nápoje|Sladkosti|Čokoládové figurky|Severka čokopastelky kočky mléčná a bílá čokoláda 100 g";"2025-11-18";98.0
"1201646724";"Severka čokopastelky kočky mléčná a bílá čokoláda 100 g";"Severka";"Heureka.cz|Jídlo a nápoje|Sladkosti|Čokoládové figurky|Severka čokopastelky kočky mléčná a bílá čokoláda 100 g";"2025-11-18";99.0
"1201646724";"Severka čokopastelky kočky mléčná a bílá čokoláda 100 g";"Severka";"Heureka.cz|Jídlo a nápoje|Sladkosti|Čokoládové figurky|Severka čokopastelky kočky mléčná a bílá čokoláda 100 g";"2025-11-18";106.0
"1201646724";"Severka čokopastelky kočky mléčná a bílá čokoláda 100 g";"Severka";"Heureka.cz|Jídlo a nápoje|Sladkosti|Čokoládové figurky|Severka čokopastelky kočky mléčná a bílá čokoláda 100 g";"2025-11-18";112.0
"1201646724";"Severka čokopastelky kočky mléčná a bílá čokoláda 100 g";"Severka";"Heureka.cz|Jídlo a nápoje|Sladkosti|Čokoládové figurky|Severka čokopastelky kočky mléčná a bílá čokoláda 100 g";"2025-11-18";115.0
"1201646724";"Severka čokopastelky kočky mléčná a bílá čokoláda 100 g";"Severka";"Heureka.cz|Jídlo a nápoje|Sladkosti|Čokoládové figurky|Severka čokopastelky kočky mléčná a bílá čokoláda 100 g";"2025-11-18";116.0
"1201646724";"Severka čokopastelky kočky mléčná a bílá čokoláda 100 g";"Severka";"Heureka.cz|Jídlo a nápoje|Sladkosti|Čokoládové figurky|Severka čokopastelky kočky mléčná a bílá čokoláda 100 g";"2025-11-19";83.0
"1201646724";"Severka čokopastelky kočky mléčná a bílá čokoláda 100 g";"Severka";"Heureka.cz|Jídlo a nápoje|Sladkosti|Čokoládové figurky|Severka čokopastelky kočky mléčná a bílá čokoláda 100 g";"2025-11-19";83.0
"1201646724";"Severka čokopastelky kočky mléčná a bílá čokoláda 100 g";"Severka";"Heureka.cz|Jídlo a nápoje|Sladkosti|Čokoládové figurky|Severka čokopastelky kočky mléčná a bílá čokoláda 100 g";"2025-11-19";98.0
"1201646724";"Severka čokopastelky kočky mléčná a bílá čokoláda 100 g";"Severka";"Heureka.cz|Jídlo a nápoje|Sladkosti|Čokoládové figurky|Severka čokopastelky kočky mléčná a bílá čokoláda 100 g";"2025-11-19";100.0
"1201646724";"Severka čokopastelky kočky mléčná a bílá čokoláda 100 g";"Severka";"Heureka.cz|Jídlo a nápoje|Sladkosti|Čokoládové figurky|Severka čokopastelky kočky mléčná a bílá čokoláda 100 g";"2025-11-19";106.0
"1201646724";"Severka čokopastelky kočky mléčná a bílá čokoláda 100 g";"Severka";"Heureka.cz|Jídlo a nápoje|Sladkosti|Čokoládové figurky|Severka čokopastelky kočky mléčná a bílá čokoláda 100 g";"2025-11-19";112.0
"1201646724";"Severka čokopastelky kočky mléčná a bílá čokoláda 100 g";"Severka";"Heureka.cz|Jídlo a nápoje|Sladkosti|Čokoládové figurky|Severka čokopastelky kočky mléčná a bílá čokoláda 100 g";"2025-11-19";115.0
"1201646724";"Severka čokopastelky kočky mléčná a bílá čokoláda 100 g";"Severka";"Heureka.cz|Jídlo a nápoje|Sladkosti|Čokoládové figurky|Severka čokopastelky kočky mléčná a bílá čokoláda 100 g";"2025-11-19";116.0
"1201646724";"Severka čokopastelky kočky mléčná a bílá čokoláda 100 g";"Severka";"Heureka.cz|Jídlo a nápoje|Sladkosti|Čokoládové figurky|Severka čokopastelky kočky mléčná a bílá čokoláda 100 g";"2025-11-20";83.0
"1201646724";"Severka čokopastelky kočky mléčná a bílá čokoláda 100 g";"Severka";"Heureka.cz|Jídlo a nápoje|Sladkosti|Čokoládové figurky|Severka čokopastelky kočky mléčná a bílá čokoláda 100 g";"2025-11-20";83.0
"1201646724";"Severka čokopastelky kočky mléčná a bílá čokoláda 100 g";"Severka";"Heureka.cz|Jídlo a nápoje|Sladkosti|Čokoládové figurky|Severka čokopastelky kočky mléčná a bílá čokoláda 100 g";"2025-11-20";98.0
"1201646724";"Severka čokopastelky kočky mléčná a bílá čokoláda 100 g";"Severka";"Heureka.cz|Jídlo a nápoje|Sladkosti|Čokoládové figurky|Severka čokopastelky kočky mléčná a bílá čokoláda 100 g";"2025-11-20";100.0
"1201646724";"Severka čokopastelky kočky mléčná a bílá čokoláda 100 g";"Severka";"Heureka.cz|Jídlo a nápoje|Sladkosti|Čokoládové figurky|Severka čokopastelky kočky mléčná a bílá čokoláda 100 g";"2025-11-20";106.0
"1201646724";"Severka čokopastelky kočky mléčná a bílá čokoláda 100 g";"Severka";"Heureka.cz|Jídlo a nápoje|Sladkosti|Čokoládové figurky|Severka čokopastelky kočky mléčná a bílá čokoláda 100 g";"2025-11-20";112.0
"1201646724";"Severka čokopastelky kočky mléčná a bílá čokoláda 100 g";"Severka";"Heureka.cz|Jídlo a nápoje|Sladkosti|Čokoládové figurky|Severka čokopastelky kočky mléčná a bílá čokoláda 100 g";"2025-11-20";115.0
"1201646724";"Severka čokopastelky kočky mléčná a bílá čokoláda 100 g";"Severka";"Heureka.cz|Jídlo a nápoje|Sladkosti|Čokoládové figurky|Severka čokopastelky kočky mléčná a bílá čokoláda 100 g";"2025-11-20";116.0
"1201646724";"Severka čokopastelky kočky mléčná a bílá čokoláda 100 g";"Severka";"Heureka.cz|Jídlo a nápoje|Sladkosti|Čokoládové figurky|Severka čokopastelky kočky mléčná a bílá čokoláda 100 g";"2025-11-21";83.0
"1201646724";"Severka čokopastelky kočky mléčná a bílá čokoláda 100 g";"Severka";"Heureka.cz|Jídlo a nápoje|Sladkosti|Čokoládové figurky|Severka čokopastelky kočky mléčná a bílá čokoláda 100 g";"2025-11-21";83.0
"1201646724";"Severka čokopastelky kočky mléčná a bílá čokoláda 100 g";"Severka";"Heureka.cz|Jídlo a nápoje|Sladkosti|Čokoládové figurky|Severka čokopastelky kočky mléčná a bílá čokoláda 100 g";"2025-11-21";98.0
"1201646724";"Severka čokopastelky kočky mléčná a bílá čokoláda 100 g";"Severka";"Heureka.cz|Jídlo a nápoje|Sladkosti|Čokoládové figurky|Severka čokopastelky kočky mléčná a bílá čokoláda 100 g";"2025-11-21";100.0
"1201646724";"Severka čokopastelky kočky mléčná a bílá čokoláda 100 g";"Severka";"Heureka.cz|Jídlo a nápoje|Sladkosti|Čokoládové figurky|Severka čokopastelky kočky mléčná a bílá čokoláda 100 g";"2025-11-21";106.0
"1201646724";"Severka čokopastelky kočky mléčná a bílá čokoláda 100 g";"Severka";"Heureka.cz|Jídlo a nápoje|Sladkosti|Čokoládové figurky|Severka čokopastelky kočky mléčná a bílá čokoláda 100 g";"2025-11-21";112.0
"1201646724";"Severka čokopastelky kočky mléčná a bílá čokoláda 100 g";"Severka";"Heureka.cz|Jídlo a nápoje|Sladkosti|Čokoládové figurky|Severka čokopastelky kočky mléčná a bílá čokoláda 100 g";"2025-11-21";115.0
"1201646724";"Severka čokopastelky kočky mléčná a bílá čokoláda 100 g";"Severka";"Heureka.cz|Jídlo a nápoje|Sladkosti|Čokoládové figurky|Severka čokopastelky kočky mléčná a bílá čokoláda 100 g";"2025-11-21";116.0
"1201646724";"Severka čokopastelky kočky mléčná a bílá čokoláda 100 g";"Severka";"Heureka.cz|Jídlo a nápoje|Sladkosti|Čokoládové figurky|Severka čokopastelky kočky mléčná a bílá čokoláda 100 g";"2025-11-22";83.0
"1201646724";"Severka čokopastelky kočky mléčná a bílá čokoláda 100 g";"Severka";"Heureka.cz|Jídlo a nápoje|Sladkosti|Čokoládové figurky|Severka čokopastelky kočky mléčná a bílá čokoláda 100 g";"2025-11-22";83.0
"1201646724";"Severka čokopastelky kočky mléčná a bílá čokoláda 100 g";"Severka";"Heureka.cz|Jídlo a nápoje|Sladkosti|Čokoládové figurky|Severka čokopastelky kočky mléčná a bílá čokoláda 100 g";"2025-11-22";98.0
"1201646724";"Severka čokopastelky kočky mléčná a bílá čokoláda 100 g";"Severka";"Heureka.cz|Jídlo a nápoje|Sladkosti|Čokoládové figurky|Severka čokopastelky kočky mléčná a bílá čokoláda 100 g";"2025-11-22";100.0
"1201646724";"Severka čokopastelky kočky mléčná a bílá čokoláda 100 g";"Severka";"Heureka.cz|Jídlo a nápoje|Sladkosti|Čokoládové figurky|Severka čokopastelky kočky mléčná a bílá čokoláda 100 g";"2025-11-22";106.0
"1201646724";"Severka čokopastelky kočky mléčná a bílá čokoláda 100 g";"Severka";"Heureka.cz|Jídlo a nápoje|Sladkosti|Čokoládové figurky|Severka čokopastelky kočky mléčná a bílá čokoláda 100 g";"2025-11-22";112.0
"1201646724";"Severka čokopastelky kočky mléčná a bílá čokoláda 100 g";"Severka";"Heureka.cz|Jídlo a nápoje|Sladkosti|Čokoládové figurky|Severka čokopastelky kočky mléčná a bílá čokoláda 100 g";"2025-11-22";115.0
"1201646724";"Severka čokopastelky kočky mléčná a bílá čokoláda 100 g";"Severka";"Heureka.cz|Jídlo a nápoje|Sladkosti|Čokoládové figurky|Severka čokopastelky kočky mléčná a bílá čokoláda 100 g";"2025-11-23";83.0
"1201646724";"Severka čokopastelky kočky mléčná a bílá čokoláda 100 g";"Severka";"Heureka.cz|Jídlo a nápoje|Sladkosti|Čokoládové figurky|Severka čokopastelky kočky mléčná a bílá čokoláda 100 g";"2025-11-23";83.0
"1201646724";"Severka čokopastelky kočky mléčná a bílá čokoláda 100 g";"Severka";"Heureka.cz|Jídlo a nápoje|Sladkosti|Čokoládové figurky|Severka čokopastelky kočky mléčná a bílá čokoláda 100 g";"2025-11-23";98.0
"1201646724";"Severka čokopastelky kočky mléčná a bílá čokoláda 100 g";"Severka";"Heureka.cz|Jídlo a nápoje|Sladkosti|Čokoládové figurky|Severka čokopastelky kočky mléčná a bílá čokoláda 100 g";"2025-11-23";100.0
"1201646724";"Severka čokopastelky kočky mléčná a bílá čokoláda 100 g";"Severka";"Heureka.cz|Jídlo a nápoje|Sladkosti|Čokoládové figurky|Severka čokopastelky kočky mléčná a bílá čokoláda 100 g";"2025-11-23";106.0
"1201646724";"Severka čokopastelky kočky mléčná a bílá čokoláda 100 g";"Severka";"Heureka.cz|Jídlo a nápoje|Sladkosti|Čokoládové figurky|Severka čokopastelky kočky mléčná a bílá čokoláda 100 g";"2025-11-23";112.0
"1201646724";"Severka čokopastelky kočky mléčná a bílá čokoláda 100 g";"Severka";"Heureka.cz|Jídlo a nápoje|Sladkosti|Čokoládové figurky|Severka čokopastelky kočky mléčná a bílá čokoláda 100 g";"2025-11-23";115.0
"1201646724";"Severka čokopastelky kočky mléčná a bílá čokoláda 100 g";"Severka";"Heureka.cz|Jídlo a nápoje|Sladkosti|Čokoládové figurky|Severka čokopastelky kočky mléčná a bílá čokoláda 100 g";"2025-11-24";83.0
"1201646724";"Severka čokopastelky kočky mléčná a bílá čokoláda 100 g";"Severka";"Heureka.cz|Jídlo a nápoje|Sladkosti|Čokoládové figurky|Severka čokopastelky kočky mléčná a bílá čokoláda 100 g";"2025-11-24";83.0
"1201646724";"Severka čokopastelky kočky mléčná a bílá čokoláda 100 g";"Severka";"Heureka.cz|Jídlo a nápoje|Sladkosti|Čokoládové figurky|Severka čokopastelky kočky mléčná a bílá čokoláda 100 g";"2025-11-24";98.0
"1201646724";"Severka čokopastelky kočky mléčná a bílá čokoláda 100 g";"Severka";"Heureka.cz|Jídlo a nápoje|Sladkosti|Čokoládové figurky|Severka čokopastelky kočky mléčná a bílá čokoláda 100 g";"2025-11-24";100.0
"1201646724";"Severka čokopastelky kočky mléčná a bílá čokoláda 100 g";"Severka";"Heureka.cz|Jídlo a nápoje|Sladkosti|Čokoládové figurky|Severka čokopastelky kočky mléčná a bílá čokoláda 100 g";"2025-11-24";106.0
"1201646724";"Severka čokopastelky kočky mléčná a bílá čokoláda 100 g";"Severka";"Heureka.cz|Jídlo a nápoje|Sladkosti|Čokoládové figurky|Severka čokopastelky kočky mléčná a bílá čokoláda 100 g";"2025-11-24";112.0
"1201646724";"Severka čokopastelky kočky mléčná a bílá čokoláda 100 g";"Severka";"Heureka.cz|Jídlo a nápoje|Sladkosti|Čokoládové figurky|Severka čokopastelky kočky mléčná a bílá čokoláda 100 g";"2025-11-24";115.0
"1201646724";"Severka čokopastelky kočky mléčná a bílá čokoláda 100 g";"Severka";"Heureka.cz|Jídlo a nápoje|Sladkosti|Čokoládové figurky|Severka čokopastelky kočky mléčná a bílá čokoláda 100 g";"2025-11-25";83.0
"1201646724";"Severka čokopastelky kočky mléčná a bílá čokoláda 100 g";"Severka";"Heureka.cz|Jídlo a nápoje|Sladkosti|Čokoládové figurky|Severka čokopastelky kočky mléčná a bílá čokoláda 100 g";"2025-11-25";83.0
"1201646724";"Severka čokopastelky kočky mléčná a bílá čokoláda 100 g";"Severka";"Heureka.cz|Jídlo a nápoje|Sladkosti|Čokoládové figurky|Severka čokopastelky kočky mléčná a bílá čokoláda 100 g";"2025-11-25";98.0
"1201646724";"Severka čokopastelky kočky mléčná a bílá čokoláda 100 g";"Severka";"Heureka.cz|Jídlo a nápoje|Sladkosti|Čokoládové figurky|Severka čokopastelky kočky mléčná a bílá čokoláda 100 g";"2025-11-25";100.0
"1201646724";"Severka čokopastelky kočky mléčná a bílá čokoláda 100 g";"Severka";"Heureka.cz|Jídlo a nápoje|Sladkosti|Čokoládové figurky|Severka čokopastelky kočky mléčná a bílá čokoláda 100 g";"2025-11-25";106.0
"1201646724";"Severka čokopastelky kočky mléčná a bílá čokoláda 100 g";"Severka";"Heureka.cz|Jídlo a nápoje|Sladkosti|Čokoládové figurky|Severka čokopastelky kočky mléčná a bílá čokoláda 100 g";"2025-11-25";112.0
"1201646724";"Severka čokopastelky kočky mléčná a bílá čokoláda 100 g";"Severka";"Heureka.cz|Jídlo a nápoje|Sladkosti|Čokoládové figurky|Severka čokopastelky kočky mléčná a bílá čokoláda 100 g";"2025-11-25";115.0
"1201646724";"Severka čokopastelky kočky mléčná a bílá čokoláda 100 g";"Severka";"Heureka.cz|Jídlo a nápoje|Sladkosti|Čokoládové figurky|Severka čokopastelky kočky mléčná a bílá čokoláda 100 g";"2025-11-26";83.0
"1201646724";"Severka čokopastelky kočky mléčná a bílá čokoláda 100 g";"Severka";"Heureka.cz|Jídlo a nápoje|Sladkosti|Čokoládové figurky|Severka čokopastelky kočky mléčná a bílá čokoláda 100 g";"2025-11-26";83.0
"1201646724";"Severka čokopastelky kočky mléčná a bílá čokoláda 100 g";"Severka";"Heureka.cz|Jídlo a nápoje|Sladkosti|Čokoládové figurky|Severka čokopastelky kočky mléčná a bílá čokoláda 100 g";"2025-11-26";98.0
"1201646724";"Severka čokopastelky kočky mléčná a bílá čokoláda 100 g";"Severka";"Heureka.cz|Jídlo a nápoje|Sladkosti|Čokoládové figurky|Severka čokopastelky kočky mléčná a bílá čokoláda 100 g";"2025-11-26";100.0
"1201646724";"Severka čokopastelky kočky mléčná a bílá čokoláda 100 g";"Severka";"Heureka.cz|Jídlo a nápoje|Sladkosti|Čokoládové figurky|Severka čokopastelky kočky mléčná a bílá čokoláda 100 g";"2025-11-26";106.0
"1201646724";"Severka čokopastelky kočky mléčná a bílá čokoláda 100 g";"Severka";"Heureka.cz|Jídlo a nápoje|Sladkosti|Čokoládové figurky|Severka čokopastelky kočky mléčná a bílá čokoláda 100 g";"2025-11-26";112.0
"1201646724";"Severka čokopastelky kočky mléčná a bílá čokoláda 100 g";"Severka";"Heureka.cz|Jídlo a nápoje|Sladkosti|Čokoládové figurky|Severka čokopastelky kočky mléčná a bílá čokoláda 100 g";"2025-11-26";115.0
"1201646724";"Severka čokopastelky kočky mléčná a bílá čokoláda 100 g";"Severka";"Heureka.cz|Jídlo a nápoje|Sladkosti|Čokoládové figurky|Severka čokopastelky kočky mléčná a bílá čokoláda 100 g";"2025-11-27";83.0
"1201646724";"Severka čokopastelky kočky mléčná a bílá čokoláda 100 g";"Severka";"Heureka.cz|Jídlo a nápoje|Sladkosti|Čokoládové figurky|Severka čokopastelky kočky mléčná a bílá čokoláda 100 g";"2025-11-27";83.0
"1201646724";"Severka čokopastelky kočky mléčná a bílá čokoláda 100 g";"Severka";"Heureka.cz|Jídlo a nápoje|Sladkosti|Čokoládové figurky|Severka čokopastelky kočky mléčná a bílá čokoláda 100 g";"2025-11-27";98.0
"1201646724";"Severka čokopastelky kočky mléčná a bílá čokoláda 100 g";"Severka";"Heureka.cz|Jídlo a nápoje|Sladkosti|Čokoládové figurky|Severka čokopastelky kočky mléčná a bílá čokoláda 100 g";"2025-11-27";100.0
"1201646724";"Severka čokopastelky kočky mléčná a bílá čokoláda 100 g";"Severka";"Heureka.cz|Jídlo a nápoje|Sladkosti|Čokoládové figurky|Severka čokopastelky kočky mléčná a bílá čokoláda 100 g";"2025-11-27";106.0
"1201646724";"Severka čokopastelky kočky mléčná a bílá čokoláda 100 g";"Severka";"Heureka.cz|Jídlo a nápoje|Sladkosti|Čokoládové figurky|Severka čokopastelky kočky mléčná a bílá čokoláda 100 g";"2025-11-27";112.0
"1201646724";"Severka čokopastelky kočky mléčná a bílá čokoláda 100 g";"Severka";"Heureka.cz|Jídlo a nápoje|Sladkosti|Čokoládové figurky|Severka čokopastelky kočky mléčná a bílá čokoláda 100 g";"2025-11-27";115.0
"1201646724";"Severka čokopastelky kočky mléčná a bílá čokoláda 100 g";"Severka";"Heureka.cz|Jídlo a nápoje|Sladkosti|Čokoládové figurky|Severka čokopastelky kočky mléčná a bílá čokoláda 100 g";"2025-11-28";83.0
"1201646724";"Severka čokopastelky kočky mléčná a bílá čokoláda 100 g";"Severka";"Heureka.cz|Jídlo a nápoje|Sladkosti|Čokoládové figurky|Severka čokopastelky kočky mléčná a bílá čokoláda 100 g";"2025-11-28";83.0
"1201646724";"Severka čokopastelky kočky mléčná a bílá čokoláda 100 g";"Severka";"Heureka.cz|Jídlo a nápoje|Sladkosti|Čokoládové figurky|Severka čokopastelky kočky mléčná a bílá čokoláda 100 g";"2025-11-28";92.0
"1201646724";"Severka čokopastelky kočky mléčná a bílá čokoláda 100 g";"Severka";"Heureka.cz|Jídlo a nápoje|Sladkosti|Čokoládové figurky|Severka čokopastelky kočky mléčná a bílá čokoláda 100 g";"2025-11-28";98.0
"1201646724";"Severka čokopastelky kočky mléčná a bílá čokoláda 100 g";"Severka";"Heureka.cz|Jídlo a nápoje|Sladkosti|Čokoládové figurky|Severka čokopastelky kočky mléčná a bílá čokoláda 100 g";"2025-11-28";100.0
"1201646724";"Severka čokopastelky kočky mléčná a bílá čokoláda 100 g";"Severka";"Heureka.cz|Jídlo a nápoje|Sladkosti|Čokoládové figurky|Severka čokopastelky kočky mléčná a bílá čokoláda 100 g";"2025-11-28";106.0
"1201646724";"Severka čokopastelky kočky mléčná a bílá čokoláda 100 g";"Severka";"Heureka.cz|Jídlo a nápoje|Sladkosti|Čokoládové figurky|Severka čokopastelky kočky mléčná a bílá čokoláda 100 g";"2025-11-28";112.0
"1201646724";"Severka čokopastelky kočky mléčná a bílá čokoláda 100 g";"Severka";"Heureka.cz|Jídlo a nápoje|Sladkosti|Čokoládové figurky|Severka čokopastelky kočky mléčná a bílá čokoláda 100 g";"2025-11-28";116.0
"1201646724";"Severka čokopastelky kočky mléčná a bílá čokoláda 100 g";"Severka";"Heureka.cz|Jídlo a nápoje|Sladkosti|Čokoládové figurky|Severka čokopastelky kočky mléčná a bílá čokoláda 100 g";"2025-11-29";83.0
"1201646724";"Severka čokopastelky kočky mléčná a bílá čokoláda 100 g";"Severka";"Heureka.cz|Jídlo a nápoje|Sladkosti|Čokoládové figurky|Severka čokopastelky kočky mléčná a bílá čokoláda 100 g";"2025-11-29";83.0
"1201646724";"Severka čokopastelky kočky mléčná a bílá čokoláda 100 g";"Severka";"Heureka.cz|Jídlo a nápoje|Sladkosti|Čokoládové figurky|Severka čokopastelky kočky mléčná a bílá čokoláda 100 g";"2025-11-29";92.0
"1201646724";"Severka čokopastelky kočky mléčná a bílá čokoláda 100 g";"Severka";"Heureka.cz|Jídlo a nápoje|Sladkosti|Čokoládové figurky|Severka čokopastelky kočky mléčná a bílá čokoláda 100 g";"2025-11-29";98.0
"1201646724";"Severka čokopastelky kočky mléčná a bílá čokoláda 100 g";"Severka";"Heureka.cz|Jídlo a nápoje|Sladkosti|Čokoládové figurky|Severka čokopastelky kočky mléčná a bílá čokoláda 100 g";"2025-11-29";100.0
"1201646724";"Severka čokopastelky kočky mléčná a bílá čokoláda 100 g";"Severka";"Heureka.cz|Jídlo a nápoje|Sladkosti|Čokoládové figurky|Severka čokopastelky kočky mléčná a bílá čokoláda 100 g";"2025-11-29";106.0
"1201646724";"Severka čokopastelky kočky mléčná a bílá čokoláda 100 g";"Severka";"Heureka.cz|Jídlo a nápoje|Sladkosti|Čokoládové figurky|Severka čokopastelky kočky mléčná a bílá čokoláda 100 g";"2025-11-29";112.0
"1201646724";"Severka čokopastelky kočky mléčná a bílá čokoláda 100 g";"Severka";"Heureka.cz|Jídlo a nápoje|Sladkosti|Čokoládové figurky|Severka čokopastelky kočky mléčná a bílá čokoláda 100 g";"2025-11-29";116.0
"1201646724";"Severka čokopastelky kočky mléčná a bílá čokoláda 100 g";"Severka";"Heureka.cz|Jídlo a nápoje|Sladkosti|Čokoládové figurky|Severka čokopastelky kočky mléčná a bílá čokoláda 100 g";"2025-11-30";83.0
"1201646724";"Severka čokopastelky kočky mléčná a bílá čokoláda 100 g";"Severka";"Heureka.cz|Jídlo a nápoje|Sladkosti|Čokoládové figurky|Severka čokopastelky kočky mléčná a bílá čokoláda 100 g";"2025-11-30";83.0
"1201646724";"Severka čokopastelky kočky mléčná a bílá čokoláda 100 g";"Severka";"Heureka.cz|Jídlo a nápoje|Sladkosti|Čokoládové figurky|Severka čokopastelky kočky mléčná a bílá čokoláda 100 g";"2025-11-30";98.0
"1201646724";"Severka čokopastelky kočky mléčná a bílá čokoláda 100 g";"Severka";"Heureka.cz|Jídlo a nápoje|Sladkosti|Čokoládové figurky|Severka čokopastelky kočky mléčná a bílá čokoláda 100 g";"2025-11-30";98.0
"1201646724";"Severka čokopastelky kočky mléčná a bílá čokoláda 100 g";"Severka";"Heureka.cz|Jídlo a nápoje|Sladkosti|Čokoládové figurky|Severka čokopastelky kočky mléčná a bílá čokoláda 100 g";"2025-11-30";106.0
"1201646724";"Severka čokopastelky kočky mléčná a bílá čokoláda 100 g";"Severka";"Heureka.cz|Jídlo a nápoje|Sladkosti|Čokoládové figurky|Severka čokopastelky kočky mléčná a bílá čokoláda 100 g";"2025-11-30";112.0
"1201646724";"Severka čokopastelky kočky mléčná a bílá čokoláda 100 g";"Severka";"Heureka.cz|Jídlo a nápoje|Sladkosti|Čokoládové figurky|Severka čokopastelky kočky mléčná a bílá čokoláda 100 g";"2025-11-30";116.0
"1201646724";"Severka čokopastelky kočky mléčná a bílá čokoláda 100 g";"Severka";"Heureka.cz|Jídlo a nápoje|Sladkosti|Čokoládové figurky|Severka čokopastelky kočky mléčná a bílá čokoláda 100 g";"2025-12-01";83.0
"1201646724";"Severka čokopastelky kočky mléčná a bílá čokoláda 100 g";"Severka";"Heureka.cz|Jídlo a nápoje|Sladkosti|Čokoládové figurky|Severka čokopastelky kočky mléčná a bílá čokoláda 100 g";"2025-12-01";98.0
"1201646724";"Severka čokopastelky kočky mléčná a bílá čokoláda 100 g";"Severka";"Heureka.cz|Jídlo a nápoje|Sladkosti|Čokoládové figurky|Severka čokopastelky kočky mléčná a bílá čokoláda 100 g";"2025-12-01";98.0
"1201646724";"Severka čokopastelky kočky mléčná a bílá čokoláda 100 g";"Severka";"Heureka.cz|Jídlo a nápoje|Sladkosti|Čokoládové figurky|Severka čokopastelky kočky mléčná a bílá čokoláda 100 g";"2025-12-01";106.0
"1201646724";"Severka čokopastelky kočky mléčná a bílá čokoláda 100 g";"Severka";"Heureka.cz|Jídlo a nápoje|Sladkosti|Čokoládové figurky|Severka čokopastelky kočky mléčná a bílá čokoláda 100 g";"2025-12-01";112.0
"1201646724";"Severka čokopastelky kočky mléčná a bílá čokoláda 100 g";"Severka";"Heureka.cz|Jídlo a nápoje|Sladkosti|Čokoládové figurky|Severka čokopastelky kočky mléčná a bílá čokoláda 100 g";"2025-12-01";115.0
"1201646724";"Severka čokopastelky kočky mléčná a bílá čokoláda 100 g";"Severka";"Heureka.cz|Jídlo a nápoje|Sladkosti|Čokoládové figurky|Severka čokopastelky kočky mléčná a bílá čokoláda 100 g";"2025-12-01";116.0
"1201646724";"Severka čokopastelky kočky mléčná a bílá čokoláda 100 g";"Severka";"Heureka.cz|Jídlo a nápoje|Sladkosti|Čokoládové figurky|Severka čokopastelky kočky mléčná a bílá čokoláda 100 g";"2025-12-02";83.0
"1201646724";"Severka čokopastelky kočky mléčná a bílá čokoláda 100 g";"Severka";"Heureka.cz|Jídlo a nápoje|Sladkosti|Čokoládové figurky|Severka čokopastelky kočky mléčná a bílá čokoláda 100 g";"2025-12-02";98.0
"1201646724";"Severka čokopastelky kočky mléčná a bílá čokoláda 100 g";"Severka";"Heureka.cz|Jídlo a nápoje|Sladkosti|Čokoládové figurky|Severka čokopastelky kočky mléčná a bílá čokoláda 100 g";"2025-12-02";98.0
"1201646724";"Severka čokopastelky kočky mléčná a bílá čokoláda 100 g";"Severka";"Heureka.cz|Jídlo a nápoje|Sladkosti|Čokoládové figurky|Severka čokopastelky kočky mléčná a bílá čokoláda 100 g";"2025-12-02";106.0
"1201646724";"Severka čokopastelky kočky mléčná a bílá čokoláda 100 g";"Severka";"Heureka.cz|Jídlo a nápoje|Sladkosti|Čokoládové figurky|Severka čokopastelky kočky mléčná a bílá čokoláda 100 g";"2025-12-02";112.0
"1201646724";"Severka čokopastelky kočky mléčná a bílá čokoláda 100 g";"Severka";"Heureka.cz|Jídlo a nápoje|Sladkosti|Čokoládové figurky|Severka čokopastelky kočky mléčná a bílá čokoláda 100 g";"2025-12-02";115.0
"1201646724";"Severka čokopastelky kočky mléčná a bílá čokoláda 100 g";"Severka";"Heureka.cz|Jídlo a nápoje|Sladkosti|Čokoládové figurky|Severka čokopastelky kočky mléčná a bílá čokoláda 100 g";"2025-12-02";116.0
"1201646724";"Severka čokopastelky kočky mléčná a bílá čokoláda 100 g";"Severka";"Heureka.cz|Jídlo a nápoje|Sladkosti|Čokoládové figurky|Severka čokopastelky kočky mléčná a bílá čokoláda 100 g";"2025-12-03";83.0
"1201646724";"Severka čokopastelky kočky mléčná a bílá čokoláda 100 g";"Severka";"Heureka.cz|Jídlo a nápoje|Sladkosti|Čokoládové figurky|Severka čokopastelky kočky mléčná a bílá čokoláda 100 g";"2025-12-03";98.0
"1201646724";"Severka čokopastelky kočky mléčná a bílá čokoláda 100 g";"Severka";"Heureka.cz|Jídlo a nápoje|Sladkosti|Čokoládové figurky|Severka čokopastelky kočky mléčná a bílá čokoláda 100 g";"2025-12-03";106.0
"1201646724";"Severka čokopastelky kočky mléčná a bílá čokoláda 100 g";"Severka";"Heureka.cz|Jídlo a nápoje|Sladkosti|Čokoládové figurky|Severka čokopastelky kočky mléčná a bílá čokoláda 100 g";"2025-12-03";106.0
"1201646724";"Severka čokopastelky kočky mléčná a bílá čokoláda 100 g";"Severka";"Heureka.cz|Jídlo a nápoje|Sladkosti|Čokoládové figurky|Severka čokopastelky kočky mléčná a bílá čokoláda 100 g";"2025-12-03";112.0
"1201646724";"Severka čokopastelky kočky mléčná a bílá čokoláda 100 g";"Severka";"Heureka.cz|Jídlo a nápoje|Sladkosti|Čokoládové figurky|Severka čokopastelky kočky mléčná a bílá čokoláda 100 g";"2025-12-03";115.0
"1201646724";"Severka čokopastelky kočky mléčná a bílá čokoláda 100 g";"Severka";"Heureka.cz|Jídlo a nápoje|Sladkosti|Čokoládové figurky|Severka čokopastelky kočky mléčná a bílá čokoláda 100 g";"2025-12-03";116.0
"1201646724";"Severka čokopastelky kočky mléčná a bílá čokoláda 100 g";"Severka";"Heureka.cz|Jídlo a nápoje|Sladkosti|Čokoládové figurky|Severka čokopastelky kočky mléčná a bílá čokoláda 100 g";"2025-12-04";83.0
"1201646724";"Severka čokopastelky kočky mléčná a bílá čokoláda 100 g";"Severka";"Heureka.cz|Jídlo a nápoje|Sladkosti|Čokoládové figurky|Severka čokopastelky kočky mléčná a bílá čokoláda 100 g";"2025-12-04";98.0
"1201646724";"Severka čokopastelky kočky mléčná a bílá čokoláda 100 g";"Severka";"Heureka.cz|Jídlo a nápoje|Sladkosti|Čokoládové figurky|Severka čokopastelky kočky mléčná a bílá čokoláda 100 g";"2025-12-04";106.0
"1201646724";"Severka čokopastelky kočky mléčná a bílá čokoláda 100 g";"Severka";"Heureka.cz|Jídlo a nápoje|Sladkosti|Čokoládové figurky|Severka čokopastelky kočky mléčná a bílá čokoláda 100 g";"2025-12-04";106.0
"1201646724";"Severka čokopastelky kočky mléčná a bílá čokoláda 100 g";"Severka";"Heureka.cz|Jídlo a nápoje|Sladkosti|Čokoládové figurky|Severka čokopastelky kočky mléčná a bílá čokoláda 100 g";"2025-12-04";112.0
"1201646724";"Severka čokopastelky kočky mléčná a bílá čokoláda 100 g";"Severka";"Heureka.cz|Jídlo a nápoje|Sladkosti|Čokoládové figurky|Severka čokopastelky kočky mléčná a bílá čokoláda 100 g";"2025-12-04";115.0
"1201646724";"Severka čokopastelky kočky mléčná a bílá čokoláda 100 g";"Severka";"Heureka.cz|Jídlo a nápoje|Sladkosti|Čokoládové figurky|Severka čokopastelky kočky mléčná a bílá čokoláda 100 g";"2025-12-04";116.0
"1201646724";"Severka čokopastelky kočky mléčná a bílá čokoláda 100 g";"Severka";"Heureka.cz|Jídlo a nápoje|Sladkosti|Čokoládové figurky|Severka čokopastelky kočky mléčná a bílá čokoláda 100 g";"2025-12-05";83.0
"1201646724";"Severka čokopastelky kočky mléčná a bílá čokoláda 100 g";"Severka";"Heureka.cz|Jídlo a nápoje|Sladkosti|Čokoládové figurky|Severka čokopastelky kočky mléčná a bílá čokoláda 100 g";"2025-12-05";83.0
"1201646724";"Severka čokopastelky kočky mléčná a bílá čokoláda 100 g";"Severka";"Heureka.cz|Jídlo a nápoje|Sladkosti|Čokoládové figurky|Severka čokopastelky kočky mléčná a bílá čokoláda 100 g";"2025-12-05";98.0
"1201646724";"Severka čokopastelky kočky mléčná a bílá čokoláda 100 g";"Severka";"Heureka.cz|Jídlo a nápoje|Sladkosti|Čokoládové figurky|Severka čokopastelky kočky mléčná a bílá čokoláda 100 g";"2025-12-05";99.0
"1201646724";"Severka čokopastelky kočky mléčná a bílá čokoláda 100 g";"Severka";"Heureka.cz|Jídlo a nápoje|Sladkosti|Čokoládové figurky|Severka čokopastelky kočky mléčná a bílá čokoláda 100 g";"2025-12-05";100.0
"1201646724";"Severka čokopastelky kočky mléčná a bílá čokoláda 100 g";"Severka";"Heureka.cz|Jídlo a nápoje|Sladkosti|Čokoládové figurky|Severka čokopastelky kočky mléčná a bílá čokoláda 100 g";"2025-12-05";106.0
"1201646724";"Severka čokopastelky kočky mléčná a bílá čokoláda 100 g";"Severka";"Heureka.cz|Jídlo a nápoje|Sladkosti|Čokoládové figurky|Severka čokopastelky kočky mléčná a bílá čokoláda 100 g";"2025-12-05";112.0
"1201646724";"Severka čokopastelky kočky mléčná a bílá čokoláda 100 g";"Severka";"Heureka.cz|Jídlo a nápoje|Sladkosti|Čokoládové figurky|Severka čokopastelky kočky mléčná a bílá čokoláda 100 g";"2025-12-05";115.0
"1201646724";"Severka čokopastelky kočky mléčná a bílá čokoláda 100 g";"Severka";"Heureka.cz|Jídlo a nápoje|Sladkosti|Čokoládové figurky|Severka čokopastelky kočky mléčná a bílá čokoláda 100 g";"2025-12-05";116.0
"1201646724";"Severka čokopastelky kočky mléčná a bílá čokoláda 100 g";"Severka";"Heureka.cz|Jídlo a nápoje|Sladkosti|Čokoládové figurky|Severka čokopastelky kočky mléčná a bílá čokoláda 100 g";"2025-12-06";83.0
"1201646724";"Severka čokopastelky kočky mléčná a bílá čokoláda 100 g";"Severka";"Heureka.cz|Jídlo a nápoje|Sladkosti|Čokoládové figurky|Severka čokopastelky kočky mléčná a bílá čokoláda 100 g";"2025-12-06";83.0
"1201646724";"Severka čokopastelky kočky mléčná a bílá čokoláda 100 g";"Severka";"Heureka.cz|Jídlo a nápoje|Sladkosti|Čokoládové figurky|Severka čokopastelky kočky mléčná a bílá čokoláda 100 g";"2025-12-06";95.0
"1201646724";"Severka čokopastelky kočky mléčná a bílá čokoláda 100 g";"Severka";"Heureka.cz|Jídlo a nápoje|Sladkosti|Čokoládové figurky|Severka čokopastelky kočky mléčná a bílá čokoláda 100 g";"2025-12-06";98.0
"1201646724";"Severka čokopastelky kočky mléčná a bílá čokoláda 100 g";"Severka";"Heureka.cz|Jídlo a nápoje|Sladkosti|Čokoládové figurky|Severka čokopastelky kočky mléčná a bílá čokoláda 100 g";"2025-12-06";99.0
"1201646724";"Severka čokopastelky kočky mléčná a bílá čokoláda 100 g";"Severka";"Heureka.cz|Jídlo a nápoje|Sladkosti|Čokoládové figurky|Severka čokopastelky kočky mléčná a bílá čokoláda 100 g";"2025-12-06";100.0
"1201646724";"Severka čokopastelky kočky mléčná a bílá čokoláda 100 g";"Severka";"Heureka.cz|Jídlo a nápoje|Sladkosti|Čokoládové figurky|Severka čokopastelky kočky mléčná a bílá čokoláda 100 g";"2025-12-06";106.0
"1201646724";"Severka čokopastelky kočky mléčná a bílá čokoláda 100 g";"Severka";"Heureka.cz|Jídlo a nápoje|Sladkosti|Čokoládové figurky|Severka čokopastelky kočky mléčná a bílá čokoláda 100 g";"2025-12-06";112.0
"1201646724";"Severka čokopastelky kočky mléčná a bílá čokoláda 100 g";"Severka";"Heureka.cz|Jídlo a nápoje|Sladkosti|Čokoládové figurky|Severka čokopastelky kočky mléčná a bílá čokoláda 100 g";"2025-12-06";115.0
"1201646724";"Severka čokopastelky kočky mléčná a bílá čokoláda 100 g";"Severka";"Heureka.cz|Jídlo a nápoje|Sladkosti|Čokoládové figurky|Severka čokopastelky kočky mléčná a bílá čokoláda 100 g";"2025-12-06";116.0
"1201646724";"Severka čokopastelky kočky mléčná a bílá čokoláda 100 g";"Severka";"Heureka.cz|Jídlo a nápoje|Sladkosti|Čokoládové figurky|Severka čokopastelky kočky mléčná a bílá čokoláda 100 g";"2025-12-06";121.0
"1201646724";"Severka čokopastelky kočky mléčná a bílá čokoláda 100 g";"Severka";"Heureka.cz|Jídlo a nápoje|Sladkosti|Čokoládové figurky|Severka čokopastelky kočky mléčná a bílá čokoláda 100 g";"2025-12-07";83.0
"1201646724";"Severka čokopastelky kočky mléčná a bílá čokoláda 100 g";"Severka";"Heureka.cz|Jídlo a nápoje|Sladkosti|Čokoládové figurky|Severka čokopastelky kočky mléčná a bílá čokoláda 100 g";"2025-12-07";83.0
"1201646724";"Severka čokopastelky kočky mléčná a bílá čokoláda 100 g";"Severka";"Heureka.cz|Jídlo a nápoje|Sladkosti|Čokoládové figurky|Severka čokopastelky kočky mléčná a bílá čokoláda 100 g";"2025-12-07";95.0
"1201646724";"Severka čokopastelky kočky mléčná a bílá čokoláda 100 g";"Severka";"Heureka.cz|Jídlo a nápoje|Sladkosti|Čokoládové figurky|Severka čokopastelky kočky mléčná a bílá čokoláda 100 g";"2025-12-07";98.0
"1201646724";"Severka čokopastelky kočky mléčná a bílá čokoláda 100 g";"Severka";"Heureka.cz|Jídlo a nápoje|Sladkosti|Čokoládové figurky|Severka čokopastelky kočky mléčná a bílá čokoláda 100 g";"2025-12-07";99.0
"1201646724";"Severka čokopastelky kočky mléčná a bílá čokoláda 100 g";"Severka";"Heureka.cz|Jídlo a nápoje|Sladkosti|Čokoládové figurky|Severka čokopastelky kočky mléčná a bílá čokoláda 100 g";"2025-12-07";99.0
"1201646724";"Severka čokopastelky kočky mléčná a bílá čokoláda 100 g";"Severka";"Heureka.cz|Jídlo a nápoje|Sladkosti|Čokoládové figurky|Severka čokopastelky kočky mléčná a bílá čokoláda 100 g";"2025-12-07";106.0
"1201646724";"Severka čokopastelky kočky mléčná a bílá čokoláda 100 g";"Severka";"Heureka.cz|Jídlo a nápoje|Sladkosti|Čokoládové figurky|Severka čokopastelky kočky mléčná a bílá čokoláda 100 g";"2025-12-07";112.0
"1201646724";"Severka čokopastelky kočky mléčná a bílá čokoláda 100 g";"Severka";"Heureka.cz|Jídlo a nápoje|Sladkosti|Čokoládové figurky|Severka čokopastelky kočky mléčná a bílá čokoláda 100 g";"2025-12-07";115.0
"1201646724";"Severka čokopastelky kočky mléčná a bílá čokoláda 100 g";"Severka";"Heureka.cz|Jídlo a nápoje|Sladkosti|Čokoládové figurky|Severka čokopastelky kočky mléčná a bílá čokoláda 100 g";"2025-12-07";116.0
"1201646724";"Severka čokopastelky kočky mléčná a bílá čokoláda 100 g";"Severka";"Heureka.cz|Jídlo a nápoje|Sladkosti|Čokoládové figurky|Severka čokopastelky kočky mléčná a bílá čokoláda 100 g";"2025-12-07";121.0
"1201646724";"Severka čokopastelky kočky mléčná a bílá čokoláda 100 g";"Severka";"Heureka.cz|Jídlo a nápoje|Sladkosti|Čokoládové figurky|Severka čokopastelky kočky mléčná a bílá čokoláda 100 g";"2025-12-08";83.0
"1201646724";"Severka čokopastelky kočky mléčná a bílá čokoláda 100 g";"Severka";"Heureka.cz|Jídlo a nápoje|Sladkosti|Čokoládové figurky|Severka čokopastelky kočky mléčná a bílá čokoláda 100 g";"2025-12-08";83.0
"1201646724";"Severka čokopastelky kočky mléčná a bílá čokoláda 100 g";"Severka";"Heureka.cz|Jídlo a nápoje|Sladkosti|Čokoládové figurky|Severka čokopastelky kočky mléčná a bílá čokoláda 100 g";"2025-12-08";95.0
"1201646724";"Severka čokopastelky kočky mléčná a bílá čokoláda 100 g";"Severka";"Heureka.cz|Jídlo a nápoje|Sladkosti|Čokoládové figurky|Severka čokopastelky kočky mléčná a bílá čokoláda 100 g";"2025-12-08";98.0
"1201646724";"Severka čokopastelky kočky mléčná a bílá čokoláda 100 g";"Severka";"Heureka.cz|Jídlo a nápoje|Sladkosti|Čokoládové figurky|Severka čokopastelky kočky mléčná a bílá čokoláda 100 g";"2025-12-08";99.0
"1201646724";"Severka čokopastelky kočky mléčná a bílá čokoláda 100 g";"Severka";"Heureka.cz|Jídlo a nápoje|Sladkosti|Čokoládové figurky|Severka čokopastelky kočky mléčná a bílá čokoláda 100 g";"2025-12-08";99.0
"1201646724";"Severka čokopastelky kočky mléčná a bílá čokoláda 100 g";"Severka";"Heureka.cz|Jídlo a nápoje|Sladkosti|Čokoládové figurky|Severka čokopastelky kočky mléčná a bílá čokoláda 100 g";"2025-12-08";106.0
"1201646724";"Severka čokopastelky kočky mléčná a bílá čokoláda 100 g";"Severka";"Heureka.cz|Jídlo a nápoje|Sladkosti|Čokoládové figurky|Severka čokopastelky kočky mléčná a bílá čokoláda 100 g";"2025-12-08";112.0
"1201646724";"Severka čokopastelky kočky mléčná a bílá čokoláda 100 g";"Severka";"Heureka.cz|Jídlo a nápoje|Sladkosti|Čokoládové figurky|Severka čokopastelky kočky mléčná a bílá čokoláda 100 g";"2025-12-08";115.0
"1201646724";"Severka čokopastelky kočky mléčná a bílá čokoláda 100 g";"Severka";"Heureka.cz|Jídlo a nápoje|Sladkosti|Čokoládové figurky|Severka čokopastelky kočky mléčná a bílá čokoláda 100 g";"2025-12-08";116.0
"1201646724";"Severka čokopastelky kočky mléčná a bílá čokoláda 100 g";"Severka";"Heureka.cz|Jídlo a nápoje|Sladkosti|Čokoládové figurky|Severka čokopastelky kočky mléčná a bílá čokoláda 100 g";"2025-12-08";119.0
"1201646724";"Severka čokopastelky kočky mléčná a bílá čokoláda 100 g";"Severka";"Heureka.cz|Jídlo a nápoje|Sladkosti|Čokoládové figurky|Severka čokopastelky kočky mléčná a bílá čokoláda 100 g";"2025-12-08";121.0
"1201646725";"Severka čokopastelky rybičky mléčná a bílá čokoláda 100 g";"Severka";"Heureka.cz|Jídlo a nápoje|Sladkosti|Čokoládové figurky|Severka čokopastelky rybičky mléčná a bílá čokoláda 100 g";"2025-10-23";83.0
"1201646725";"Severka čokopastelky rybičky mléčná a bílá čokoláda 100 g";"Severka";"Heureka.cz|Jídlo a nápoje|Sladkosti|Čokoládové figurky|Severka čokopastelky rybičky mléčná a bílá čokoláda 100 g";"2025-10-23";83.0
"1201646725";"Severka čokopastelky rybičky mléčná a bílá čokoláda 100 g";"Severka";"Heureka.cz|Jídlo a nápoje|Sladkosti|Čokoládové figurky|Severka čokopastelky rybičky mléčná a bílá čokoláda 100 g";"2025-10-23";98.0
"1201646725";"Severka čokopastelky rybičky mléčná a bílá čokoláda 100 g";"Severka";"Heureka.cz|Jídlo a nápoje|Sladkosti|Čokoládové figurky|Severka čokopastelky rybičky mléčná a bílá čokoláda 100 g";"2025-10-23";100.0
"1201646725";"Severka čokopastelky rybičky mléčná a bílá čokoláda 100 g";"Severka";"Heureka.cz|Jídlo a nápoje|Sladkosti|Čokoládové figurky|Severka čokopastelky rybičky mléčná a bílá čokoláda 100 g";"2025-10-23";108.0
"1201646725";"Severka čokopastelky rybičky mléčná a bílá čokoláda 100 g";"Severka";"Heureka.cz|Jídlo a nápoje|Sladkosti|Čokoládové figurky|Severka čokopastelky rybičky mléčná a bílá čokoláda 100 g";"2025-10-23";112.0
"1201646725";"Severka čokopastelky rybičky mléčná a bílá čokoláda 100 g";"Severka";"Heureka.cz|Jídlo a nápoje|Sladkosti|Čokoládové figurky|Severka čokopastelky rybičky mléčná a bílá čokoláda 100 g";"2025-10-23";120.0
"1201646725";"Severka čokopastelky rybičky mléčná a bílá čokoláda 100 g";"Severka";"Heureka.cz|Jídlo a nápoje|Sladkosti|Čokoládové figurky|Severka čokopastelky rybičky mléčná a bílá čokoláda 100 g";"2025-10-23";134.0
"1201646725";"Severka čokopastelky rybičky mléčná a bílá čokoláda 100 g";"Severka";"Heureka.cz|Jídlo a nápoje|Sladkosti|Čokoládové figurky|Severka čokopastelky rybičky mléčná a bílá čokoláda 100 g";"2025-11-05";83.0
"1201646725";"Severka čokopastelky rybičky mléčná a bílá čokoláda 100 g";"Severka";"Heureka.cz|Jídlo a nápoje|Sladkosti|Čokoládové figurky|Severka čokopastelky rybičky mléčná a bílá čokoláda 100 g";"2025-11-05";98.0
"1201646725";"Severka čokopastelky rybičky mléčná a bílá čokoláda 100 g";"Severka";"Heureka.cz|Jídlo a nápoje|Sladkosti|Čokoládové figurky|Severka čokopastelky rybičky mléčná a bílá čokoláda 100 g";"2025-11-05";100.0
"1201646725";"Severka čokopastelky rybičky mléčná a bílá čokoláda 100 g";"Severka";"Heureka.cz|Jídlo a nápoje|Sladkosti|Čokoládové figurky|Severka čokopastelky rybičky mléčná a bílá čokoláda 100 g";"2025-11-05";108.0
"1201646725";"Severka čokopastelky rybičky mléčná a bílá čokoláda 100 g";"Severka";"Heureka.cz|Jídlo a nápoje|Sladkosti|Čokoládové figurky|Severka čokopastelky rybičky mléčná a bílá čokoláda 100 g";"2025-11-05";112.0
"1201646725";"Severka čokopastelky rybičky mléčná a bílá čokoláda 100 g";"Severka";"Heureka.cz|Jídlo a nápoje|Sladkosti|Čokoládové figurky|Severka čokopastelky rybičky mléčná a bílá čokoláda 100 g";"2025-11-05";120.0
"1201646725";"Severka čokopastelky rybičky mléčná a bílá čokoláda 100 g";"Severka";"Heureka.cz|Jídlo a nápoje|Sladkosti|Čokoládové figurky|Severka čokopastelky rybičky mléčná a bílá čokoláda 100 g";"2025-11-05";132.0
"1201646725";"Severka čokopastelky rybičky mléčná a bílá čokoláda 100 g";"Severka";"Heureka.cz|Jídlo a nápoje|Sladkosti|Čokoládové figurky|Severka čokopastelky rybičky mléčná a bílá čokoláda 100 g";"2025-11-06";83.0
"1201646725";"Severka čokopastelky rybičky mléčná a bílá čokoláda 100 g";"Severka";"Heureka.cz|Jídlo a nápoje|Sladkosti|Čokoládové figurky|Severka čokopastelky rybičky mléčná a bílá čokoláda 100 g";"2025-11-06";98.0
"1201646725";"Severka čokopastelky rybičky mléčná a bílá čokoláda 100 g";"Severka";"Heureka.cz|Jídlo a nápoje|Sladkosti|Čokoládové figurky|Severka čokopastelky rybičky mléčná a bílá čokoláda 100 g";"2025-11-06";108.0
"1201646725";"Severka čokopastelky rybičky mléčná a bílá čokoláda 100 g";"Severka";"Heureka.cz|Jídlo a nápoje|Sladkosti|Čokoládové figurky|Severka čokopastelky rybičky mléčná a bílá čokoláda 100 g";"2025-11-06";112.0
"1201646725";"Severka čokopastelky rybičky mléčná a bílá čokoláda 100 g";"Severka";"Heureka.cz|Jídlo a nápoje|Sladkosti|Čokoládové figurky|Severka čokopastelky rybičky mléčná a bílá čokoláda 100 g";"2025-11-06";114.0
"1201646725";"Severka čokopastelky rybičky mléčná a bílá čokoláda 100 g";"Severka";"Heureka.cz|Jídlo a nápoje|Sladkosti|Čokoládové figurky|Severka čokopastelky rybičky mléčná a bílá čokoláda 100 g";"2025-11-06";120.0
"1201646725";"Severka čokopastelky rybičky mléčná a bílá čokoláda 100 g";"Severka";"Heureka.cz|Jídlo a nápoje|Sladkosti|Čokoládové figurky|Severka čokopastelky rybičky mléčná a bílá čokoláda 100 g";"2025-11-06";120.0
"1201646725";"Severka čokopastelky rybičky mléčná a bílá čokoláda 100 g";"Severka";"Heureka.cz|Jídlo a nápoje|Sladkosti|Čokoládové figurky|Severka čokopastelky rybičky mléčná a bílá čokoláda 100 g";"2025-11-07";83.0
"1201646725";"Severka čokopastelky rybičky mléčná a bílá čokoláda 100 g";"Severka";"Heureka.cz|Jídlo a nápoje|Sladkosti|Čokoládové figurky|Severka čokopastelky rybičky mléčná a bílá čokoláda 100 g";"2025-11-07";98.0
"1201646725";"Severka čokopastelky rybičky mléčná a bílá čokoláda 100 g";"Severka";"Heureka.cz|Jídlo a nápoje|Sladkosti|Čokoládové figurky|Severka čokopastelky rybičky mléčná a bílá čokoláda 100 g";"2025-11-07";100.0
"1201646725";"Severka čokopastelky rybičky mléčná a bílá čokoláda 100 g";"Severka";"Heureka.cz|Jídlo a nápoje|Sladkosti|Čokoládové figurky|Severka čokopastelky rybičky mléčná a bílá čokoláda 100 g";"2025-11-07";108.0
"1201646725";"Severka čokopastelky rybičky mléčná a bílá čokoláda 100 g";"Severka";"Heureka.cz|Jídlo a nápoje|Sladkosti|Čokoládové figurky|Severka čokopastelky rybičky mléčná a bílá čokoláda 100 g";"2025-11-07";112.0
"1201646725";"Severka čokopastelky rybičky mléčná a bílá čokoláda 100 g";"Severka";"Heureka.cz|Jídlo a nápoje|Sladkosti|Čokoládové figurky|Severka čokopastelky rybičky mléčná a bílá čokoláda 100 g";"2025-11-07";114.0
"1201646725";"Severka čokopastelky rybičky mléčná a bílá čokoláda 100 g";"Severka";"Heureka.cz|Jídlo a nápoje|Sladkosti|Čokoládové figurky|Severka čokopastelky rybičky mléčná a bílá čokoláda 100 g";"2025-11-07";120.0
"1201646725";"Severka čokopastelky rybičky mléčná a bílá čokoláda 100 g";"Severka";"Heureka.cz|Jídlo a nápoje|Sladkosti|Čokoládové figurky|Severka čokopastelky rybičky mléčná a bílá čokoláda 100 g";"2025-11-08";83.0
"1201646725";"Severka čokopastelky rybičky mléčná a bílá čokoláda 100 g";"Severka";"Heureka.cz|Jídlo a nápoje|Sladkosti|Čokoládové figurky|Severka čokopastelky rybičky mléčná a bílá čokoláda 100 g";"2025-11-08";100.0
"1201646725";"Severka čokopastelky rybičky mléčná a bílá čokoláda 100 g";"Severka";"Heureka.cz|Jídlo a nápoje|Sladkosti|Čokoládové figurky|Severka čokopastelky rybičky mléčná a bílá čokoláda 100 g";"2025-11-08";108.0
"1201646725";"Severka čokopastelky rybičky mléčná a bílá čokoláda 100 g";"Severka";"Heureka.cz|Jídlo a nápoje|Sladkosti|Čokoládové figurky|Severka čokopastelky rybičky mléčná a bílá čokoláda 100 g";"2025-11-08";112.0
"1201646725";"Severka čokopastelky rybičky mléčná a bílá čokoláda 100 g";"Severka";"Heureka.cz|Jídlo a nápoje|Sladkosti|Čokoládové figurky|Severka čokopastelky rybičky mléčná a bílá čokoláda 100 g";"2025-11-08";114.0
"1201646725";"Severka čokopastelky rybičky mléčná a bílá čokoláda 100 g";"Severka";"Heureka.cz|Jídlo a nápoje|Sladkosti|Čokoládové figurky|Severka čokopastelky rybičky mléčná a bílá čokoláda 100 g";"2025-11-08";120.0
"1201646725";"Severka čokopastelky rybičky mléčná a bílá čokoláda 100 g";"Severka";"Heureka.cz|Jídlo a nápoje|Sladkosti|Čokoládové figurky|Severka čokopastelky rybičky mléčná a bílá čokoláda 100 g";"2025-11-09";83.0
"1201646725";"Severka čokopastelky rybičky mléčná a bílá čokoláda 100 g";"Severka";"Heureka.cz|Jídlo a nápoje|Sladkosti|Čokoládové figurky|Severka čokopastelky rybičky mléčná a bílá čokoláda 100 g";"2025-11-09";100.0
"1201646725";"Severka čokopastelky rybičky mléčná a bílá čokoláda 100 g";"Severka";"Heureka.cz|Jídlo a nápoje|Sladkosti|Čokoládové figurky|Severka čokopastelky rybičky mléčná a bílá čokoláda 100 g";"2025-11-09";108.0
"1201646725";"Severka čokopastelky rybičky mléčná a bílá čokoláda 100 g";"Severka";"Heureka.cz|Jídlo a nápoje|Sladkosti|Čokoládové figurky|Severka čokopastelky rybičky mléčná a bílá čokoláda 100 g";"2025-11-09";112.0
"1201646725";"Severka čokopastelky rybičky mléčná a bílá čokoláda 100 g";"Severka";"Heureka.cz|Jídlo a nápoje|Sladkosti|Čokoládové figurky|Severka čokopastelky rybičky mléčná a bílá čokoláda 100 g";"2025-11-09";114.0
"1201646725";"Severka čokopastelky rybičky mléčná a bílá čokoláda 100 g";"Severka";"Heureka.cz|Jídlo a nápoje|Sladkosti|Čokoládové figurky|Severka čokopastelky rybičky mléčná a bílá čokoláda 100 g";"2025-11-09";120.0
"1201646725";"Severka čokopastelky rybičky mléčná a bílá čokoláda 100 g";"Severka";"Heureka.cz|Jídlo a nápoje|Sladkosti|Čokoládové figurky|Severka čokopastelky rybičky mléčná a bílá čokoláda 100 g";"2025-11-10";108.0
"1201646725";"Severka čokopastelky rybičky mléčná a bílá čokoláda 100 g";"Severka";"Heureka.cz|Jídlo a nápoje|Sladkosti|Čokoládové figurky|Severka čokopastelky rybičky mléčná a bílá čokoláda 100 g";"2025-11-10";108.0
"1201646725";"Severka čokopastelky rybičky mléčná a bílá čokoláda 100 g";"Severka";"Heureka.cz|Jídlo a nápoje|Sladkosti|Čokoládové figurky|Severka čokopastelky rybičky mléčná a bílá čokoláda 100 g";"2025-11-10";112.0
"1201646725";"Severka čokopastelky rybičky mléčná a bílá čokoláda 100 g";"Severka";"Heureka.cz|Jídlo a nápoje|Sladkosti|Čokoládové figurky|Severka čokopastelky rybičky mléčná a bílá čokoláda 100 g";"2025-11-10";114.0
"1201646725";"Severka čokopastelky rybičky mléčná a bílá čokoláda 100 g";"Severka";"Heureka.cz|Jídlo a nápoje|Sladkosti|Čokoládové figurky|Severka čokopastelky rybičky mléčná a bílá čokoláda 100 g";"2025-11-10";120.0
"1201646725";"Severka čokopastelky rybičky mléčná a bílá čokoláda 100 g";"Severka";"Heureka.cz|Jídlo a nápoje|Sladkosti|Čokoládové figurky|Severka čokopastelky rybičky mléčná a bílá čokoláda 100 g";"2025-11-11";83.0
"1201646725";"Severka čokopastelky rybičky mléčná a bílá čokoláda 100 g";"Severka";"Heureka.cz|Jídlo a nápoje|Sladkosti|Čokoládové figurky|Severka čokopastelky rybičky mléčná a bílá čokoláda 100 g";"2025-11-11";98.0
"1201646725";"Severka čokopastelky rybičky mléčná a bílá čokoláda 100 g";"Severka";"Heureka.cz|Jídlo a nápoje|Sladkosti|Čokoládové figurky|Severka čokopastelky rybičky mléčná a bílá čokoláda 100 g";"2025-11-11";108.0
"1201646725";"Severka čokopastelky rybičky mléčná a bílá čokoláda 100 g";"Severka";"Heureka.cz|Jídlo a nápoje|Sladkosti|Čokoládové figurky|Severka čokopastelky rybičky mléčná a bílá čokoláda 100 g";"2025-11-11";108.0
"1201646725";"Severka čokopastelky rybičky mléčná a bílá čokoláda 100 g";"Severka";"Heureka.cz|Jídlo a nápoje|Sladkosti|Čokoládové figurky|Severka čokopastelky rybičky mléčná a bílá čokoláda 100 g";"2025-11-11";112.0
"1201646725";"Severka čokopastelky rybičky mléčná a bílá čokoláda 100 g";"Severka";"Heureka.cz|Jídlo a nápoje|Sladkosti|Čokoládové figurky|Severka čokopastelky rybičky mléčná a bílá čokoláda 100 g";"2025-11-11";114.0
"1201646725";"Severka čokopastelky rybičky mléčná a bílá čokoláda 100 g";"Severka";"Heureka.cz|Jídlo a nápoje|Sladkosti|Čokoládové figurky|Severka čokopastelky rybičky mléčná a bílá čokoláda 100 g";"2025-11-11";120.0
"1201646725";"Severka čokopastelky rybičky mléčná a bílá čokoláda 100 g";"Severka";"Heureka.cz|Jídlo a nápoje|Sladkosti|Čokoládové figurky|Severka čokopastelky rybičky mléčná a bílá čokoláda 100 g";"2025-11-12";83.0
"1201646725";"Severka čokopastelky rybičky mléčná a bílá čokoláda 100 g";"Severka";"Heureka.cz|Jídlo a nápoje|Sladkosti|Čokoládové figurky|Severka čokopastelky rybičky mléčná a bílá čokoláda 100 g";"2025-11-12";98.0
"1201646725";"Severka čokopastelky rybičky mléčná a bílá čokoláda 100 g";"Severka";"Heureka.cz|Jídlo a nápoje|Sladkosti|Čokoládové figurky|Severka čokopastelky rybičky mléčná a bílá čokoláda 100 g";"2025-11-12";108.0
"1201646725";"Severka čokopastelky rybičky mléčná a bílá čokoláda 100 g";"Severka";"Heureka.cz|Jídlo a nápoje|Sladkosti|Čokoládové figurky|Severka čokopastelky rybičky mléčná a bílá čokoláda 100 g";"2025-11-12";108.0
"1201646725";"Severka čokopastelky rybičky mléčná a bílá čokoláda 100 g";"Severka";"Heureka.cz|Jídlo a nápoje|Sladkosti|Čokoládové figurky|Severka čokopastelky rybičky mléčná a bílá čokoláda 100 g";"2025-11-12";112.0
"1201646725";"Severka čokopastelky rybičky mléčná a bílá čokoláda 100 g";"Severka";"Heureka.cz|Jídlo a nápoje|Sladkosti|Čokoládové figurky|Severka čokopastelky rybičky mléčná a bílá čokoláda 100 g";"2025-11-12";114.0
"1201646725";"Severka čokopastelky rybičky mléčná a bílá čokoláda 100 g";"Severka";"Heureka.cz|Jídlo a nápoje|Sladkosti|Čokoládové figurky|Severka čokopastelky rybičky mléčná a bílá čokoláda 100 g";"2025-11-12";120.0
"1201646725";"Severka čokopastelky rybičky mléčná a bílá čokoláda 100 g";"Severka";"Heureka.cz|Jídlo a nápoje|Sladkosti|Čokoládové figurky|Severka čokopastelky rybičky mléčná a bílá čokoláda 100 g";"2025-11-13";83.0
"1201646725";"Severka čokopastelky rybičky mléčná a bílá čokoláda 100 g";"Severka";"Heureka.cz|Jídlo a nápoje|Sladkosti|Čokoládové figurky|Severka čokopastelky rybičky mléčná a bílá čokoláda 100 g";"2025-11-13";98.0
"1201646725";"Severka čokopastelky rybičky mléčná a bílá čokoláda 100 g";"Severka";"Heureka.cz|Jídlo a nápoje|Sladkosti|Čokoládové figurky|Severka čokopastelky rybičky mléčná a bílá čokoláda 100 g";"2025-11-13";100.0
"1201646725";"Severka čokopastelky rybičky mléčná a bílá čokoláda 100 g";"Severka";"Heureka.cz|Jídlo a nápoje|Sladkosti|Čokoládové figurky|Severka čokopastelky rybičky mléčná a bílá čokoláda 100 g";"2025-11-13";108.0
"1201646725";"Severka čokopastelky rybičky mléčná a bílá čokoláda 100 g";"Severka";"Heureka.cz|Jídlo a nápoje|Sladkosti|Čokoládové figurky|Severka čokopastelky rybičky mléčná a bílá čokoláda 100 g";"2025-11-13";112.0
"1201646725";"Severka čokopastelky rybičky mléčná a bílá čokoláda 100 g";"Severka";"Heureka.cz|Jídlo a nápoje|Sladkosti|Čokoládové figurky|Severka čokopastelky rybičky mléčná a bílá čokoláda 100 g";"2025-11-13";114.0
"1201646725";"Severka čokopastelky rybičky mléčná a bílá čokoláda 100 g";"Severka";"Heureka.cz|Jídlo a nápoje|Sladkosti|Čokoládové figurky|Severka čokopastelky rybičky mléčná a bílá čokoláda 100 g";"2025-11-13";120.0
"1201646725";"Severka čokopastelky rybičky mléčná a bílá čokoláda 100 g";"Severka";"Heureka.cz|Jídlo a nápoje|Sladkosti|Čokoládové figurky|Severka čokopastelky rybičky mléčná a bílá čokoláda 100 g";"2025-11-15";83.0
"1201646725";"Severka čokopastelky rybičky mléčná a bílá čokoláda 100 g";"Severka";"Heureka.cz|Jídlo a nápoje|Sladkosti|Čokoládové figurky|Severka čokopastelky rybičky mléčná a bílá čokoláda 100 g";"2025-11-15";98.0
"1201646725";"Severka čokopastelky rybičky mléčná a bílá čokoláda 100 g";"Severka";"Heureka.cz|Jídlo a nápoje|Sladkosti|Čokoládové figurky|Severka čokopastelky rybičky mléčná a bílá čokoláda 100 g";"2025-11-15";100.0
"1201646725";"Severka čokopastelky rybičky mléčná a bílá čokoláda 100 g";"Severka";"Heureka.cz|Jídlo a nápoje|Sladkosti|Čokoládové figurky|Severka čokopastelky rybičky mléčná a bílá čokoláda 100 g";"2025-11-15";108.0
"1201646725";"Severka čokopastelky rybičky mléčná a bílá čokoláda 100 g";"Severka";"Heureka.cz|Jídlo a nápoje|Sladkosti|Čokoládové figurky|Severka čokopastelky rybičky mléčná a bílá čokoláda 100 g";"2025-11-15";112.0
"1201646725";"Severka čokopastelky rybičky mléčná a bílá čokoláda 100 g";"Severka";"Heureka.cz|Jídlo a nápoje|Sladkosti|Čokoládové figurky|Severka čokopastelky rybičky mléčná a bílá čokoláda 100 g";"2025-11-15";114.0
"1201646725";"Severka čokopastelky rybičky mléčná a bílá čokoláda 100 g";"Severka";"Heureka.cz|Jídlo a nápoje|Sladkosti|Čokoládové figurky|Severka čokopastelky rybičky mléčná a bílá čokoláda 100 g";"2025-11-15";120.0
"1201646725";"Severka čokopastelky rybičky mléčná a bílá čokoláda 100 g";"Severka";"Heureka.cz|Jídlo a nápoje|Sladkosti|Čokoládové figurky|Severka čokopastelky rybičky mléčná a bílá čokoláda 100 g";"2025-11-16";83.0
"1201646725";"Severka čokopastelky rybičky mléčná a bílá čokoláda 100 g";"Severka";"Heureka.cz|Jídlo a nápoje|Sladkosti|Čokoládové figurky|Severka čokopastelky rybičky mléčná a bílá čokoláda 100 g";"2025-11-16";83.0
"1201646725";"Severka čokopastelky rybičky mléčná a bílá čokoláda 100 g";"Severka";"Heureka.cz|Jídlo a nápoje|Sladkosti|Čokoládové figurky|Severka čokopastelky rybičky mléčná a bílá čokoláda 100 g";"2025-11-16";98.0
"1201646725";"Severka čokopastelky rybičky mléčná a bílá čokoláda 100 g";"Severka";"Heureka.cz|Jídlo a nápoje|Sladkosti|Čokoládové figurky|Severka čokopastelky rybičky mléčná a bílá čokoláda 100 g";"2025-11-16";100.0
"1201646725";"Severka čokopastelky rybičky mléčná a bílá čokoláda 100 g";"Severka";"Heureka.cz|Jídlo a nápoje|Sladkosti|Čokoládové figurky|Severka čokopastelky rybičky mléčná a bílá čokoláda 100 g";"2025-11-16";108.0
"1201646725";"Severka čokopastelky rybičky mléčná a bílá čokoláda 100 g";"Severka";"Heureka.cz|Jídlo a nápoje|Sladkosti|Čokoládové figurky|Severka čokopastelky rybičky mléčná a bílá čokoláda 100 g";"2025-11-16";112.0
"1201646725";"Severka čokopastelky rybičky mléčná a bílá čokoláda 100 g";"Severka";"Heureka.cz|Jídlo a nápoje|Sladkosti|Čokoládové figurky|Severka čokopastelky rybičky mléčná a bílá čokoláda 100 g";"2025-11-16";114.0
"1201646725";"Severka čokopastelky rybičky mléčná a bílá čokoláda 100 g";"Severka";"Heureka.cz|Jídlo a nápoje|Sladkosti|Čokoládové figurky|Severka čokopastelky rybičky mléčná a bílá čokoláda 100 g";"2025-11-16";120.0
"1201646725";"Severka čokopastelky rybičky mléčná a bílá čokoláda 100 g";"Severka";"Heureka.cz|Jídlo a nápoje|Sladkosti|Čokoládové figurky|Severka čokopastelky rybičky mléčná a bílá čokoláda 100 g";"2025-11-17";83.0
"1201646725";"Severka čokopastelky rybičky mléčná a bílá čokoláda 100 g";"Severka";"Heureka.cz|Jídlo a nápoje|Sladkosti|Čokoládové figurky|Severka čokopastelky rybičky mléčná a bílá čokoláda 100 g";"2025-11-17";83.0
"1201646725";"Severka čokopastelky rybičky mléčná a bílá čokoláda 100 g";"Severka";"Heureka.cz|Jídlo a nápoje|Sladkosti|Čokoládové figurky|Severka čokopastelky rybičky mléčná a bílá čokoláda 100 g";"2025-11-17";98.0
"1201646725";"Severka čokopastelky rybičky mléčná a bílá čokoláda 100 g";"Severka";"Heureka.cz|Jídlo a nápoje|Sladkosti|Čokoládové figurky|Severka čokopastelky rybičky mléčná a bílá čokoláda 100 g";"2025-11-17";100.0
"1201646725";"Severka čokopastelky rybičky mléčná a bílá čokoláda 100 g";"Severka";"Heureka.cz|Jídlo a nápoje|Sladkosti|Čokoládové figurky|Severka čokopastelky rybičky mléčná a bílá čokoláda 100 g";"2025-11-17";108.0
"1201646725";"Severka čokopastelky rybičky mléčná a bílá čokoláda 100 g";"Severka";"Heureka.cz|Jídlo a nápoje|Sladkosti|Čokoládové figurky|Severka čokopastelky rybičky mléčná a bílá čokoláda 100 g";"2025-11-17";112.0
"1201646725";"Severka čokopastelky rybičky mléčná a bílá čokoláda 100 g";"Severka";"Heureka.cz|Jídlo a nápoje|Sladkosti|Čokoládové figurky|Severka čokopastelky rybičky mléčná a bílá čokoláda 100 g";"2025-11-17";114.0
"1201646725";"Severka čokopastelky rybičky mléčná a bílá čokoláda 100 g";"Severka";"Heureka.cz|Jídlo a nápoje|Sladkosti|Čokoládové figurky|Severka čokopastelky rybičky mléčná a bílá čokoláda 100 g";"2025-11-17";120.0
"1201646725";"Severka čokopastelky rybičky mléčná a bílá čokoláda 100 g";"Severka";"Heureka.cz|Jídlo a nápoje|Sladkosti|Čokoládové figurky|Severka čokopastelky rybičky mléčná a bílá čokoláda 100 g";"2025-11-18";83.0
"1201646725";"Severka čokopastelky rybičky mléčná a bílá čokoláda 100 g";"Severka";"Heureka.cz|Jídlo a nápoje|Sladkosti|Čokoládové figurky|Severka čokopastelky rybičky mléčná a bílá čokoláda 100 g";"2025-11-18";83.0
"1201646725";"Severka čokopastelky rybičky mléčná a bílá čokoláda 100 g";"Severka";"Heureka.cz|Jídlo a nápoje|Sladkosti|Čokoládové figurky|Severka čokopastelky rybičky mléčná a bílá čokoláda 100 g";"2025-11-18";98.0
"1201646725";"Severka čokopastelky rybičky mléčná a bílá čokoláda 100 g";"Severka";"Heureka.cz|Jídlo a nápoje|Sladkosti|Čokoládové figurky|Severka čokopastelky rybičky mléčná a bílá čokoláda 100 g";"2025-11-18";107.0
"1201646725";"Severka čokopastelky rybičky mléčná a bílá čokoláda 100 g";"Severka";"Heureka.cz|Jídlo a nápoje|Sladkosti|Čokoládové figurky|Severka čokopastelky rybičky mléčná a bílá čokoláda 100 g";"2025-11-18";108.0
"1201646725";"Severka čokopastelky rybičky mléčná a bílá čokoláda 100 g";"Severka";"Heureka.cz|Jídlo a nápoje|Sladkosti|Čokoládové figurky|Severka čokopastelky rybičky mléčná a bílá čokoláda 100 g";"2025-11-18";112.0
"1201646725";"Severka čokopastelky rybičky mléčná a bílá čokoláda 100 g";"Severka";"Heureka.cz|Jídlo a nápoje|Sladkosti|Čokoládové figurky|Severka čokopastelky rybičky mléčná a bílá čokoláda 100 g";"2025-11-18";114.0
"1201646725";"Severka čokopastelky rybičky mléčná a bílá čokoláda 100 g";"Severka";"Heureka.cz|Jídlo a nápoje|Sladkosti|Čokoládové figurky|Severka čokopastelky rybičky mléčná a bílá čokoláda 100 g";"2025-11-18";120.0
"1201646725";"Severka čokopastelky rybičky mléčná a bílá čokoláda 100 g";"Severka";"Heureka.cz|Jídlo a nápoje|Sladkosti|Čokoládové figurky|Severka čokopastelky rybičky mléčná a bílá čokoláda 100 g";"2025-11-19";83.0
"1201646725";"Severka čokopastelky rybičky mléčná a bílá čokoláda 100 g";"Severka";"Heureka.cz|Jídlo a nápoje|Sladkosti|Čokoládové figurky|Severka čokopastelky rybičky mléčná a bílá čokoláda 100 g";"2025-11-19";83.0
"1201646725";"Severka čokopastelky rybičky mléčná a bílá čokoláda 100 g";"Severka";"Heureka.cz|Jídlo a nápoje|Sladkosti|Čokoládové figurky|Severka čokopastelky rybičky mléčná a bílá čokoláda 100 g";"2025-11-19";98.0
"1201646725";"Severka čokopastelky rybičky mléčná a bílá čokoláda 100 g";"Severka";"Heureka.cz|Jídlo a nápoje|Sladkosti|Čokoládové figurky|Severka čokopastelky rybičky mléčná a bílá čokoláda 100 g";"2025-11-19";100.0
"1201646725";"Severka čokopastelky rybičky mléčná a bílá čokoláda 100 g";"Severka";"Heureka.cz|Jídlo a nápoje|Sladkosti|Čokoládové figurky|Severka čokopastelky rybičky mléčná a bílá čokoláda 100 g";"2025-11-19";108.0
"1201646725";"Severka čokopastelky rybičky mléčná a bílá čokoláda 100 g";"Severka";"Heureka.cz|Jídlo a nápoje|Sladkosti|Čokoládové figurky|Severka čokopastelky rybičky mléčná a bílá čokoláda 100 g";"2025-11-19";112.0
"1201646725";"Severka čokopastelky rybičky mléčná a bílá čokoláda 100 g";"Severka";"Heureka.cz|Jídlo a nápoje|Sladkosti|Čokoládové figurky|Severka čokopastelky rybičky mléčná a bílá čokoláda 100 g";"2025-11-19";114.0
"1201646725";"Severka čokopastelky rybičky mléčná a bílá čokoláda 100 g";"Severka";"Heureka.cz|Jídlo a nápoje|Sladkosti|Čokoládové figurky|Severka čokopastelky rybičky mléčná a bílá čokoláda 100 g";"2025-11-19";120.0
"1201646725";"Severka čokopastelky rybičky mléčná a bílá čokoláda 100 g";"Severka";"Heureka.cz|Jídlo a nápoje|Sladkosti|Čokoládové figurky|Severka čokopastelky rybičky mléčná a bílá čokoláda 100 g";"2025-11-20";83.0
"1201646725";"Severka čokopastelky rybičky mléčná a bílá čokoláda 100 g";"Severka";"Heureka.cz|Jídlo a nápoje|Sladkosti|Čokoládové figurky|Severka čokopastelky rybičky mléčná a bílá čokoláda 100 g";"2025-11-20";83.0
"1201646725";"Severka čokopastelky rybičky mléčná a bílá čokoláda 100 g";"Severka";"Heureka.cz|Jídlo a nápoje|Sladkosti|Čokoládové figurky|Severka čokopastelky rybičky mléčná a bílá čokoláda 100 g";"2025-11-20";98.0
"1201646725";"Severka čokopastelky rybičky mléčná a bílá čokoláda 100 g";"Severka";"Heureka.cz|Jídlo a nápoje|Sladkosti|Čokoládové figurky|Severka čokopastelky rybičky mléčná a bílá čokoláda 100 g";"2025-11-20";100.0
"1201646725";"Severka čokopastelky rybičky mléčná a bílá čokoláda 100 g";"Severka";"Heureka.cz|Jídlo a nápoje|Sladkosti|Čokoládové figurky|Severka čokopastelky rybičky mléčná a bílá čokoláda 100 g";"2025-11-20";108.0
"1201646725";"Severka čokopastelky rybičky mléčná a bílá čokoláda 100 g";"Severka";"Heureka.cz|Jídlo a nápoje|Sladkosti|Čokoládové figurky|Severka čokopastelky rybičky mléčná a bílá čokoláda 100 g";"2025-11-20";112.0
"1201646725";"Severka čokopastelky rybičky mléčná a bílá čokoláda 100 g";"Severka";"Heureka.cz|Jídlo a nápoje|Sladkosti|Čokoládové figurky|Severka čokopastelky rybičky mléčná a bílá čokoláda 100 g";"2025-11-20";114.0
"1201646725";"Severka čokopastelky rybičky mléčná a bílá čokoláda 100 g";"Severka";"Heureka.cz|Jídlo a nápoje|Sladkosti|Čokoládové figurky|Severka čokopastelky rybičky mléčná a bílá čokoláda 100 g";"2025-11-20";118.0
"1201646725";"Severka čokopastelky rybičky mléčná a bílá čokoláda 100 g";"Severka";"Heureka.cz|Jídlo a nápoje|Sladkosti|Čokoládové figurky|Severka čokopastelky rybičky mléčná a bílá čokoláda 100 g";"2025-11-20";120.0
"1201646725";"Severka čokopastelky rybičky mléčná a bílá čokoláda 100 g";"Severka";"Heureka.cz|Jídlo a nápoje|Sladkosti|Čokoládové figurky|Severka čokopastelky rybičky mléčná a bílá čokoláda 100 g";"2025-11-21";83.0
"1201646725";"Severka čokopastelky rybičky mléčná a bílá čokoláda 100 g";"Severka";"Heureka.cz|Jídlo a nápoje|Sladkosti|Čokoládové figurky|Severka čokopastelky rybičky mléčná a bílá čokoláda 100 g";"2025-11-21";83.0
"1201646725";"Severka čokopastelky rybičky mléčná a bílá čokoláda 100 g";"Severka";"Heureka.cz|Jídlo a nápoje|Sladkosti|Čokoládové figurky|Severka čokopastelky rybičky mléčná a bílá čokoláda 100 g";"2025-11-21";98.0
"1201646725";"Severka čokopastelky rybičky mléčná a bílá čokoláda 100 g";"Severka";"Heureka.cz|Jídlo a nápoje|Sladkosti|Čokoládové figurky|Severka čokopastelky rybičky mléčná a bílá čokoláda 100 g";"2025-11-21";100.0
"1201646725";"Severka čokopastelky rybičky mléčná a bílá čokoláda 100 g";"Severka";"Heureka.cz|Jídlo a nápoje|Sladkosti|Čokoládové figurky|Severka čokopastelky rybičky mléčná a bílá čokoláda 100 g";"2025-11-21";108.0
"1201646725";"Severka čokopastelky rybičky mléčná a bílá čokoláda 100 g";"Severka";"Heureka.cz|Jídlo a nápoje|Sladkosti|Čokoládové figurky|Severka čokopastelky rybičky mléčná a bílá čokoláda 100 g";"2025-11-21";112.0
"1201646725";"Severka čokopastelky rybičky mléčná a bílá čokoláda 100 g";"Severka";"Heureka.cz|Jídlo a nápoje|Sladkosti|Čokoládové figurky|Severka čokopastelky rybičky mléčná a bílá čokoláda 100 g";"2025-11-21";114.0
"1201646725";"Severka čokopastelky rybičky mléčná a bílá čokoláda 100 g";"Severka";"Heureka.cz|Jídlo a nápoje|Sladkosti|Čokoládové figurky|Severka čokopastelky rybičky mléčná a bílá čokoláda 100 g";"2025-11-21";118.0
"1201646725";"Severka čokopastelky rybičky mléčná a bílá čokoláda 100 g";"Severka";"Heureka.cz|Jídlo a nápoje|Sladkosti|Čokoládové figurky|Severka čokopastelky rybičky mléčná a bílá čokoláda 100 g";"2025-11-21";120.0
"1201646725";"Severka čokopastelky rybičky mléčná a bílá čokoláda 100 g";"Severka";"Heureka.cz|Jídlo a nápoje|Sladkosti|Čokoládové figurky|Severka čokopastelky rybičky mléčná a bílá čokoláda 100 g";"2025-11-22";83.0
"1201646725";"Severka čokopastelky rybičky mléčná a bílá čokoláda 100 g";"Severka";"Heureka.cz|Jídlo a nápoje|Sladkosti|Čokoládové figurky|Severka čokopastelky rybičky mléčná a bílá čokoláda 100 g";"2025-11-22";83.0
"1201646725";"Severka čokopastelky rybičky mléčná a bílá čokoláda 100 g";"Severka";"Heureka.cz|Jídlo a nápoje|Sladkosti|Čokoládové figurky|Severka čokopastelky rybičky mléčná a bílá čokoláda 100 g";"2025-11-22";98.0
"1201646725";"Severka čokopastelky rybičky mléčná a bílá čokoláda 100 g";"Severka";"Heureka.cz|Jídlo a nápoje|Sladkosti|Čokoládové figurky|Severka čokopastelky rybičky mléčná a bílá čokoláda 100 g";"2025-11-22";100.0
"1201646725";"Severka čokopastelky rybičky mléčná a bílá čokoláda 100 g";"Severka";"Heureka.cz|Jídlo a nápoje|Sladkosti|Čokoládové figurky|Severka čokopastelky rybičky mléčná a bílá čokoláda 100 g";"2025-11-22";108.0
"1201646725";"Severka čokopastelky rybičky mléčná a bílá čokoláda 100 g";"Severka";"Heureka.cz|Jídlo a nápoje|Sladkosti|Čokoládové figurky|Severka čokopastelky rybičky mléčná a bílá čokoláda 100 g";"2025-11-22";112.0
"1201646725";"Severka čokopastelky rybičky mléčná a bílá čokoláda 100 g";"Severka";"Heureka.cz|Jídlo a nápoje|Sladkosti|Čokoládové figurky|Severka čokopastelky rybičky mléčná a bílá čokoláda 100 g";"2025-11-22";114.0
"1201646725";"Severka čokopastelky rybičky mléčná a bílá čokoláda 100 g";"Severka";"Heureka.cz|Jídlo a nápoje|Sladkosti|Čokoládové figurky|Severka čokopastelky rybičky mléčná a bílá čokoláda 100 g";"2025-11-22";118.0
"1201646725";"Severka čokopastelky rybičky mléčná a bílá čokoláda 100 g";"Severka";"Heureka.cz|Jídlo a nápoje|Sladkosti|Čokoládové figurky|Severka čokopastelky rybičky mléčná a bílá čokoláda 100 g";"2025-11-22";120.0
"1201646725";"Severka čokopastelky rybičky mléčná a bílá čokoláda 100 g";"Severka";"Heureka.cz|Jídlo a nápoje|Sladkosti|Čokoládové figurky|Severka čokopastelky rybičky mléčná a bílá čokoláda 100 g";"2025-11-23";83.0
"1201646725";"Severka čokopastelky rybičky mléčná a bílá čokoláda 100 g";"Severka";"Heureka.cz|Jídlo a nápoje|Sladkosti|Čokoládové figurky|Severka čokopastelky rybičky mléčná a bílá čokoláda 100 g";"2025-11-23";83.0
"1201646725";"Severka čokopastelky rybičky mléčná a bílá čokoláda 100 g";"Severka";"Heureka.cz|Jídlo a nápoje|Sladkosti|Čokoládové figurky|Severka čokopastelky rybičky mléčná a bílá čokoláda 100 g";"2025-11-23";98.0
"1201646725";"Severka čokopastelky rybičky mléčná a bílá čokoláda 100 g";"Severka";"Heureka.cz|Jídlo a nápoje|Sladkosti|Čokoládové figurky|Severka čokopastelky rybičky mléčná a bílá čokoláda 100 g";"2025-11-23";108.0
"1201646725";"Severka čokopastelky rybičky mléčná a bílá čokoláda 100 g";"Severka";"Heureka.cz|Jídlo a nápoje|Sladkosti|Čokoládové figurky|Severka čokopastelky rybičky mléčná a bílá čokoláda 100 g";"2025-11-23";108.0
"1201646725";"Severka čokopastelky rybičky mléčná a bílá čokoláda 100 g";"Severka";"Heureka.cz|Jídlo a nápoje|Sladkosti|Čokoládové figurky|Severka čokopastelky rybičky mléčná a bílá čokoláda 100 g";"2025-11-23";112.0
"1201646725";"Severka čokopastelky rybičky mléčná a bílá čokoláda 100 g";"Severka";"Heureka.cz|Jídlo a nápoje|Sladkosti|Čokoládové figurky|Severka čokopastelky rybičky mléčná a bílá čokoláda 100 g";"2025-11-23";114.0
"1201646725";"Severka čokopastelky rybičky mléčná a bílá čokoláda 100 g";"Severka";"Heureka.cz|Jídlo a nápoje|Sladkosti|Čokoládové figurky|Severka čokopastelky rybičky mléčná a bílá čokoláda 100 g";"2025-11-23";118.0
"1201646725";"Severka čokopastelky rybičky mléčná a bílá čokoláda 100 g";"Severka";"Heureka.cz|Jídlo a nápoje|Sladkosti|Čokoládové figurky|Severka čokopastelky rybičky mléčná a bílá čokoláda 100 g";"2025-11-23";120.0
"1201646725";"Severka čokopastelky rybičky mléčná a bílá čokoláda 100 g";"Severka";"Heureka.cz|Jídlo a nápoje|Sladkosti|Čokoládové figurky|Severka čokopastelky rybičky mléčná a bílá čokoláda 100 g";"2025-11-24";83.0
"1201646725";"Severka čokopastelky rybičky mléčná a bílá čokoláda 100 g";"Severka";"Heureka.cz|Jídlo a nápoje|Sladkosti|Čokoládové figurky|Severka čokopastelky rybičky mléčná a bílá čokoláda 100 g";"2025-11-24";83.0
"1201646725";"Severka čokopastelky rybičky mléčná a bílá čokoláda 100 g";"Severka";"Heureka.cz|Jídlo a nápoje|Sladkosti|Čokoládové figurky|Severka čokopastelky rybičky mléčná a bílá čokoláda 100 g";"2025-11-24";98.0
"1201646725";"Severka čokopastelky rybičky mléčná a bílá čokoláda 100 g";"Severka";"Heureka.cz|Jídlo a nápoje|Sladkosti|Čokoládové figurky|Severka čokopastelky rybičky mléčná a bílá čokoláda 100 g";"2025-11-24";100.0
"1201646725";"Severka čokopastelky rybičky mléčná a bílá čokoláda 100 g";"Severka";"Heureka.cz|Jídlo a nápoje|Sladkosti|Čokoládové figurky|Severka čokopastelky rybičky mléčná a bílá čokoláda 100 g";"2025-11-24";108.0
"1201646725";"Severka čokopastelky rybičky mléčná a bílá čokoláda 100 g";"Severka";"Heureka.cz|Jídlo a nápoje|Sladkosti|Čokoládové figurky|Severka čokopastelky rybičky mléčná a bílá čokoláda 100 g";"2025-11-24";112.0
"1201646725";"Severka čokopastelky rybičky mléčná a bílá čokoláda 100 g";"Severka";"Heureka.cz|Jídlo a nápoje|Sladkosti|Čokoládové figurky|Severka čokopastelky rybičky mléčná a bílá čokoláda 100 g";"2025-11-24";114.0
"1201646725";"Severka čokopastelky rybičky mléčná a bílá čokoláda 100 g";"Severka";"Heureka.cz|Jídlo a nápoje|Sladkosti|Čokoládové figurky|Severka čokopastelky rybičky mléčná a bílá čokoláda 100 g";"2025-11-24";118.0
"1201646725";"Severka čokopastelky rybičky mléčná a bílá čokoláda 100 g";"Severka";"Heureka.cz|Jídlo a nápoje|Sladkosti|Čokoládové figurky|Severka čokopastelky rybičky mléčná a bílá čokoláda 100 g";"2025-11-24";120.0
"1201646725";"Severka čokopastelky rybičky mléčná a bílá čokoláda 100 g";"Severka";"Heureka.cz|Jídlo a nápoje|Sladkosti|Čokoládové figurky|Severka čokopastelky rybičky mléčná a bílá čokoláda 100 g";"2025-11-25";83.0
"1201646725";"Severka čokopastelky rybičky mléčná a bílá čokoláda 100 g";"Severka";"Heureka.cz|Jídlo a nápoje|Sladkosti|Čokoládové figurky|Severka čokopastelky rybičky mléčná a bílá čokoláda 100 g";"2025-11-25";83.0
"1201646725";"Severka čokopastelky rybičky mléčná a bílá čokoláda 100 g";"Severka";"Heureka.cz|Jídlo a nápoje|Sladkosti|Čokoládové figurky|Severka čokopastelky rybičky mléčná a bílá čokoláda 100 g";"2025-11-25";98.0
"1201646725";"Severka čokopastelky rybičky mléčná a bílá čokoláda 100 g";"Severka";"Heureka.cz|Jídlo a nápoje|Sladkosti|Čokoládové figurky|Severka čokopastelky rybičky mléčná a bílá čokoláda 100 g";"2025-11-25";100.0
"1201646725";"Severka čokopastelky rybičky mléčná a bílá čokoláda 100 g";"Severka";"Heureka.cz|Jídlo a nápoje|Sladkosti|Čokoládové figurky|Severka čokopastelky rybičky mléčná a bílá čokoláda 100 g";"2025-11-25";108.0
"1201646725";"Severka čokopastelky rybičky mléčná a bílá čokoláda 100 g";"Severka";"Heureka.cz|Jídlo a nápoje|Sladkosti|Čokoládové figurky|Severka čokopastelky rybičky mléčná a bílá čokoláda 100 g";"2025-11-25";112.0
"1201646725";"Severka čokopastelky rybičky mléčná a bílá čokoláda 100 g";"Severka";"Heureka.cz|Jídlo a nápoje|Sladkosti|Čokoládové figurky|Severka čokopastelky rybičky mléčná a bílá čokoláda 100 g";"2025-11-25";114.0
"1201646725";"Severka čokopastelky rybičky mléčná a bílá čokoláda 100 g";"Severka";"Heureka.cz|Jídlo a nápoje|Sladkosti|Čokoládové figurky|Severka čokopastelky rybičky mléčná a bílá čokoláda 100 g";"2025-11-25";118.0
"1201646725";"Severka čokopastelky rybičky mléčná a bílá čokoláda 100 g";"Severka";"Heureka.cz|Jídlo a nápoje|Sladkosti|Čokoládové figurky|Severka čokopastelky rybičky mléčná a bílá čokoláda 100 g";"2025-11-25";120.0
"1201646725";"Severka čokopastelky rybičky mléčná a bílá čokoláda 100 g";"Severka";"Heureka.cz|Jídlo a nápoje|Sladkosti|Čokoládové figurky|Severka čokopastelky rybičky mléčná a bílá čokoláda 100 g";"2025-11-26";83.0
"1201646725";"Severka čokopastelky rybičky mléčná a bílá čokoláda 100 g";"Severka";"Heureka.cz|Jídlo a nápoje|Sladkosti|Čokoládové figurky|Severka čokopastelky rybičky mléčná a bílá čokoláda 100 g";"2025-11-26";83.0
"1201646725";"Severka čokopastelky rybičky mléčná a bílá čokoláda 100 g";"Severka";"Heureka.cz|Jídlo a nápoje|Sladkosti|Čokoládové figurky|Severka čokopastelky rybičky mléčná a bílá čokoláda 100 g";"2025-11-26";98.0
"1201646725";"Severka čokopastelky rybičky mléčná a bílá čokoláda 100 g";"Severka";"Heureka.cz|Jídlo a nápoje|Sladkosti|Čokoládové figurky|Severka čokopastelky rybičky mléčná a bílá čokoláda 100 g";"2025-11-26";100.0
"1201646725";"Severka čokopastelky rybičky mléčná a bílá čokoláda 100 g";"Severka";"Heureka.cz|Jídlo a nápoje|Sladkosti|Čokoládové figurky|Severka čokopastelky rybičky mléčná a bílá čokoláda 100 g";"2025-11-26";108.0
"1201646725";"Severka čokopastelky rybičky mléčná a bílá čokoláda 100 g";"Severka";"Heureka.cz|Jídlo a nápoje|Sladkosti|Čokoládové figurky|Severka čokopastelky rybičky mléčná a bílá čokoláda 100 g";"2025-11-26";112.0
"1201646725";"Severka čokopastelky rybičky mléčná a bílá čokoláda 100 g";"Severka";"Heureka.cz|Jídlo a nápoje|Sladkosti|Čokoládové figurky|Severka čokopastelky rybičky mléčná a bílá čokoláda 100 g";"2025-11-26";114.0
"1201646725";"Severka čokopastelky rybičky mléčná a bílá čokoláda 100 g";"Severka";"Heureka.cz|Jídlo a nápoje|Sladkosti|Čokoládové figurky|Severka čokopastelky rybičky mléčná a bílá čokoláda 100 g";"2025-11-26";118.0
"1201646725";"Severka čokopastelky rybičky mléčná a bílá čokoláda 100 g";"Severka";"Heureka.cz|Jídlo a nápoje|Sladkosti|Čokoládové figurky|Severka čokopastelky rybičky mléčná a bílá čokoláda 100 g";"2025-11-26";120.0
"1201646725";"Severka čokopastelky rybičky mléčná a bílá čokoláda 100 g";"Severka";"Heureka.cz|Jídlo a nápoje|Sladkosti|Čokoládové figurky|Severka čokopastelky rybičky mléčná a bílá čokoláda 100 g";"2025-11-27";83.0
"1201646725";"Severka čokopastelky rybičky mléčná a bílá čokoláda 100 g";"Severka";"Heureka.cz|Jídlo a nápoje|Sladkosti|Čokoládové figurky|Severka čokopastelky rybičky mléčná a bílá čokoláda 100 g";"2025-11-27";83.0
"1201646725";"Severka čokopastelky rybičky mléčná a bílá čokoláda 100 g";"Severka";"Heureka.cz|Jídlo a nápoje|Sladkosti|Čokoládové figurky|Severka čokopastelky rybičky mléčná a bílá čokoláda 100 g";"2025-11-27";98.0
"1201646725";"Severka čokopastelky rybičky mléčná a bílá čokoláda 100 g";"Severka";"Heureka.cz|Jídlo a nápoje|Sladkosti|Čokoládové figurky|Severka čokopastelky rybičky mléčná a bílá čokoláda 100 g";"2025-11-27";100.0
"1201646725";"Severka čokopastelky rybičky mléčná a bílá čokoláda 100 g";"Severka";"Heureka.cz|Jídlo a nápoje|Sladkosti|Čokoládové figurky|Severka čokopastelky rybičky mléčná a bílá čokoláda 100 g";"2025-11-27";108.0
"1201646725";"Severka čokopastelky rybičky mléčná a bílá čokoláda 100 g";"Severka";"Heureka.cz|Jídlo a nápoje|Sladkosti|Čokoládové figurky|Severka čokopastelky rybičky mléčná a bílá čokoláda 100 g";"2025-11-27";112.0
"1201646725";"Severka čokopastelky rybičky mléčná a bílá čokoláda 100 g";"Severka";"Heureka.cz|Jídlo a nápoje|Sladkosti|Čokoládové figurky|Severka čokopastelky rybičky mléčná a bílá čokoláda 100 g";"2025-11-27";114.0
"1201646725";"Severka čokopastelky rybičky mléčná a bílá čokoláda 100 g";"Severka";"Heureka.cz|Jídlo a nápoje|Sladkosti|Čokoládové figurky|Severka čokopastelky rybičky mléčná a bílá čokoláda 100 g";"2025-11-27";118.0
"1201646725";"Severka čokopastelky rybičky mléčná a bílá čokoláda 100 g";"Severka";"Heureka.cz|Jídlo a nápoje|Sladkosti|Čokoládové figurky|Severka čokopastelky rybičky mléčná a bílá čokoláda 100 g";"2025-11-27";120.0
"1201646725";"Severka čokopastelky rybičky mléčná a bílá čokoláda 100 g";"Severka";"Heureka.cz|Jídlo a nápoje|Sladkosti|Čokoládové figurky|Severka čokopastelky rybičky mléčná a bílá čokoláda 100 g";"2025-11-28";83.0
"1201646725";"Severka čokopastelky rybičky mléčná a bílá čokoláda 100 g";"Severka";"Heureka.cz|Jídlo a nápoje|Sladkosti|Čokoládové figurky|Severka čokopastelky rybičky mléčná a bílá čokoláda 100 g";"2025-11-28";83.0
"1201646725";"Severka čokopastelky rybičky mléčná a bílá čokoláda 100 g";"Severka";"Heureka.cz|Jídlo a nápoje|Sladkosti|Čokoládové figurky|Severka čokopastelky rybičky mléčná a bílá čokoláda 100 g";"2025-11-28";98.0
"1201646725";"Severka čokopastelky rybičky mléčná a bílá čokoláda 100 g";"Severka";"Heureka.cz|Jídlo a nápoje|Sladkosti|Čokoládové figurky|Severka čokopastelky rybičky mléčná a bílá čokoláda 100 g";"2025-11-28";100.0
"1201646725";"Severka čokopastelky rybičky mléčná a bílá čokoláda 100 g";"Severka";"Heureka.cz|Jídlo a nápoje|Sladkosti|Čokoládové figurky|Severka čokopastelky rybičky mléčná a bílá čokoláda 100 g";"2025-11-28";108.0
"1201646725";"Severka čokopastelky rybičky mléčná a bílá čokoláda 100 g";"Severka";"Heureka.cz|Jídlo a nápoje|Sladkosti|Čokoládové figurky|Severka čokopastelky rybičky mléčná a bílá čokoláda 100 g";"2025-11-28";112.0
"1201646725";"Severka čokopastelky rybičky mléčná a bílá čokoláda 100 g";"Severka";"Heureka.cz|Jídlo a nápoje|Sladkosti|Čokoládové figurky|Severka čokopastelky rybičky mléčná a bílá čokoláda 100 g";"2025-11-28";114.0
"1201646725";"Severka čokopastelky rybičky mléčná a bílá čokoláda 100 g";"Severka";"Heureka.cz|Jídlo a nápoje|Sladkosti|Čokoládové figurky|Severka čokopastelky rybičky mléčná a bílá čokoláda 100 g";"2025-11-28";118.0
"1201646725";"Severka čokopastelky rybičky mléčná a bílá čokoláda 100 g";"Severka";"Heureka.cz|Jídlo a nápoje|Sladkosti|Čokoládové figurky|Severka čokopastelky rybičky mléčná a bílá čokoláda 100 g";"2025-11-28";120.0
"1201646725";"Severka čokopastelky rybičky mléčná a bílá čokoláda 100 g";"Severka";"Heureka.cz|Jídlo a nápoje|Sladkosti|Čokoládové figurky|Severka čokopastelky rybičky mléčná a bílá čokoláda 100 g";"2025-11-29";83.0
"1201646725";"Severka čokopastelky rybičky mléčná a bílá čokoláda 100 g";"Severka";"Heureka.cz|Jídlo a nápoje|Sladkosti|Čokoládové figurky|Severka čokopastelky rybičky mléčná a bílá čokoláda 100 g";"2025-11-29";83.0
"1201646725";"Severka čokopastelky rybičky mléčná a bílá čokoláda 100 g";"Severka";"Heureka.cz|Jídlo a nápoje|Sladkosti|Čokoládové figurky|Severka čokopastelky rybičky mléčná a bílá čokoláda 100 g";"2025-11-29";98.0
"1201646725";"Severka čokopastelky rybičky mléčná a bílá čokoláda 100 g";"Severka";"Heureka.cz|Jídlo a nápoje|Sladkosti|Čokoládové figurky|Severka čokopastelky rybičky mléčná a bílá čokoláda 100 g";"2025-11-29";100.0
"1201646725";"Severka čokopastelky rybičky mléčná a bílá čokoláda 100 g";"Severka";"Heureka.cz|Jídlo a nápoje|Sladkosti|Čokoládové figurky|Severka čokopastelky rybičky mléčná a bílá čokoláda 100 g";"2025-11-29";108.0
"1201646725";"Severka čokopastelky rybičky mléčná a bílá čokoláda 100 g";"Severka";"Heureka.cz|Jídlo a nápoje|Sladkosti|Čokoládové figurky|Severka čokopastelky rybičky mléčná a bílá čokoláda 100 g";"2025-11-29";112.0
"1201646725";"Severka čokopastelky rybičky mléčná a bílá čokoláda 100 g";"Severka";"Heureka.cz|Jídlo a nápoje|Sladkosti|Čokoládové figurky|Severka čokopastelky rybičky mléčná a bílá čokoláda 100 g";"2025-11-29";114.0
"1201646725";"Severka čokopastelky rybičky mléčná a bílá čokoláda 100 g";"Severka";"Heureka.cz|Jídlo a nápoje|Sladkosti|Čokoládové figurky|Severka čokopastelky rybičky mléčná a bílá čokoláda 100 g";"2025-11-29";118.0
"1201646725";"Severka čokopastelky rybičky mléčná a bílá čokoláda 100 g";"Severka";"Heureka.cz|Jídlo a nápoje|Sladkosti|Čokoládové figurky|Severka čokopastelky rybičky mléčná a bílá čokoláda 100 g";"2025-11-29";120.0
"1201646725";"Severka čokopastelky rybičky mléčná a bílá čokoláda 100 g";"Severka";"Heureka.cz|Jídlo a nápoje|Sladkosti|Čokoládové figurky|Severka čokopastelky rybičky mléčná a bílá čokoláda 100 g";"2025-11-30";83.0
"1201646725";"Severka čokopastelky rybičky mléčná a bílá čokoláda 100 g";"Severka";"Heureka.cz|Jídlo a nápoje|Sladkosti|Čokoládové figurky|Severka čokopastelky rybičky mléčná a bílá čokoláda 100 g";"2025-11-30";83.0
"1201646725";"Severka čokopastelky rybičky mléčná a bílá čokoláda 100 g";"Severka";"Heureka.cz|Jídlo a nápoje|Sladkosti|Čokoládové figurky|Severka čokopastelky rybičky mléčná a bílá čokoláda 100 g";"2025-11-30";98.0
"1201646725";"Severka čokopastelky rybičky mléčná a bílá čokoláda 100 g";"Severka";"Heureka.cz|Jídlo a nápoje|Sladkosti|Čokoládové figurky|Severka čokopastelky rybičky mléčná a bílá čokoláda 100 g";"2025-11-30";100.0
"1201646725";"Severka čokopastelky rybičky mléčná a bílá čokoláda 100 g";"Severka";"Heureka.cz|Jídlo a nápoje|Sladkosti|Čokoládové figurky|Severka čokopastelky rybičky mléčná a bílá čokoláda 100 g";"2025-11-30";108.0
"1201646725";"Severka čokopastelky rybičky mléčná a bílá čokoláda 100 g";"Severka";"Heureka.cz|Jídlo a nápoje|Sladkosti|Čokoládové figurky|Severka čokopastelky rybičky mléčná a bílá čokoláda 100 g";"2025-11-30";112.0
"1201646725";"Severka čokopastelky rybičky mléčná a bílá čokoláda 100 g";"Severka";"Heureka.cz|Jídlo a nápoje|Sladkosti|Čokoládové figurky|Severka čokopastelky rybičky mléčná a bílá čokoláda 100 g";"2025-11-30";114.0
"1201646725";"Severka čokopastelky rybičky mléčná a bílá čokoláda 100 g";"Severka";"Heureka.cz|Jídlo a nápoje|Sladkosti|Čokoládové figurky|Severka čokopastelky rybičky mléčná a bílá čokoláda 100 g";"2025-11-30";118.0
"1201646725";"Severka čokopastelky rybičky mléčná a bílá čokoláda 100 g";"Severka";"Heureka.cz|Jídlo a nápoje|Sladkosti|Čokoládové figurky|Severka čokopastelky rybičky mléčná a bílá čokoláda 100 g";"2025-11-30";120.0
"1201646725";"Severka čokopastelky rybičky mléčná a bílá čokoláda 100 g";"Severka";"Heureka.cz|Jídlo a nápoje|Sladkosti|Čokoládové figurky|Severka čokopastelky rybičky mléčná a bílá čokoláda 100 g";"2025-12-01";83.0
"1201646725";"Severka čokopastelky rybičky mléčná a bílá čokoláda 100 g";"Severka";"Heureka.cz|Jídlo a nápoje|Sladkosti|Čokoládové figurky|Severka čokopastelky rybičky mléčná a bílá čokoláda 100 g";"2025-12-01";98.0
"1201646725";"Severka čokopastelky rybičky mléčná a bílá čokoláda 100 g";"Severka";"Heureka.cz|Jídlo a nápoje|Sladkosti|Čokoládové figurky|Severka čokopastelky rybičky mléčná a bílá čokoláda 100 g";"2025-12-01";107.0
"1201646725";"Severka čokopastelky rybičky mléčná a bílá čokoláda 100 g";"Severka";"Heureka.cz|Jídlo a nápoje|Sladkosti|Čokoládové figurky|Severka čokopastelky rybičky mléčná a bílá čokoláda 100 g";"2025-12-01";108.0
"1201646725";"Severka čokopastelky rybičky mléčná a bílá čokoláda 100 g";"Severka";"Heureka.cz|Jídlo a nápoje|Sladkosti|Čokoládové figurky|Severka čokopastelky rybičky mléčná a bílá čokoláda 100 g";"2025-12-01";112.0
"1201646725";"Severka čokopastelky rybičky mléčná a bílá čokoláda 100 g";"Severka";"Heureka.cz|Jídlo a nápoje|Sladkosti|Čokoládové figurky|Severka čokopastelky rybičky mléčná a bílá čokoláda 100 g";"2025-12-01";114.0
"1201646725";"Severka čokopastelky rybičky mléčná a bílá čokoláda 100 g";"Severka";"Heureka.cz|Jídlo a nápoje|Sladkosti|Čokoládové figurky|Severka čokopastelky rybičky mléčná a bílá čokoláda 100 g";"2025-12-01";118.0
"1201646725";"Severka čokopastelky rybičky mléčná a bílá čokoláda 100 g";"Severka";"Heureka.cz|Jídlo a nápoje|Sladkosti|Čokoládové figurky|Severka čokopastelky rybičky mléčná a bílá čokoláda 100 g";"2025-12-01";120.0
"1201646725";"Severka čokopastelky rybičky mléčná a bílá čokoláda 100 g";"Severka";"Heureka.cz|Jídlo a nápoje|Sladkosti|Čokoládové figurky|Severka čokopastelky rybičky mléčná a bílá čokoláda 100 g";"2025-12-02";83.0
"1201646725";"Severka čokopastelky rybičky mléčná a bílá čokoláda 100 g";"Severka";"Heureka.cz|Jídlo a nápoje|Sladkosti|Čokoládové figurky|Severka čokopastelky rybičky mléčná a bílá čokoláda 100 g";"2025-12-02";98.0
"1201646725";"Severka čokopastelky rybičky mléčná a bílá čokoláda 100 g";"Severka";"Heureka.cz|Jídlo a nápoje|Sladkosti|Čokoládové figurky|Severka čokopastelky rybičky mléčná a bílá čokoláda 100 g";"2025-12-02";100.0
"1201646725";"Severka čokopastelky rybičky mléčná a bílá čokoláda 100 g";"Severka";"Heureka.cz|Jídlo a nápoje|Sladkosti|Čokoládové figurky|Severka čokopastelky rybičky mléčná a bílá čokoláda 100 g";"2025-12-02";108.0
"1201646725";"Severka čokopastelky rybičky mléčná a bílá čokoláda 100 g";"Severka";"Heureka.cz|Jídlo a nápoje|Sladkosti|Čokoládové figurky|Severka čokopastelky rybičky mléčná a bílá čokoláda 100 g";"2025-12-02";112.0
"1201646725";"Severka čokopastelky rybičky mléčná a bílá čokoláda 100 g";"Severka";"Heureka.cz|Jídlo a nápoje|Sladkosti|Čokoládové figurky|Severka čokopastelky rybičky mléčná a bílá čokoláda 100 g";"2025-12-02";114.0
"1201646725";"Severka čokopastelky rybičky mléčná a bílá čokoláda 100 g";"Severka";"Heureka.cz|Jídlo a nápoje|Sladkosti|Čokoládové figurky|Severka čokopastelky rybičky mléčná a bílá čokoláda 100 g";"2025-12-02";118.0
"1201646725";"Severka čokopastelky rybičky mléčná a bílá čokoláda 100 g";"Severka";"Heureka.cz|Jídlo a nápoje|Sladkosti|Čokoládové figurky|Severka čokopastelky rybičky mléčná a bílá čokoláda 100 g";"2025-12-02";120.0
"1201646725";"Severka čokopastelky rybičky mléčná a bílá čokoláda 100 g";"Severka";"Heureka.cz|Jídlo a nápoje|Sladkosti|Čokoládové figurky|Severka čokopastelky rybičky mléčná a bílá čokoláda 100 g";"2025-12-03";83.0
"1201646725";"Severka čokopastelky rybičky mléčná a bílá čokoláda 100 g";"Severka";"Heureka.cz|Jídlo a nápoje|Sladkosti|Čokoládové figurky|Severka čokopastelky rybičky mléčná a bílá čokoláda 100 g";"2025-12-03";98.0
"1201646725";"Severka čokopastelky rybičky mléčná a bílá čokoláda 100 g";"Severka";"Heureka.cz|Jídlo a nápoje|Sladkosti|Čokoládové figurky|Severka čokopastelky rybičky mléčná a bílá čokoláda 100 g";"2025-12-03";100.0
"1201646725";"Severka čokopastelky rybičky mléčná a bílá čokoláda 100 g";"Severka";"Heureka.cz|Jídlo a nápoje|Sladkosti|Čokoládové figurky|Severka čokopastelky rybičky mléčná a bílá čokoláda 100 g";"2025-12-03";108.0
"1201646725";"Severka čokopastelky rybičky mléčná a bílá čokoláda 100 g";"Severka";"Heureka.cz|Jídlo a nápoje|Sladkosti|Čokoládové figurky|Severka čokopastelky rybičky mléčná a bílá čokoláda 100 g";"2025-12-03";112.0
"1201646725";"Severka čokopastelky rybičky mléčná a bílá čokoláda 100 g";"Severka";"Heureka.cz|Jídlo a nápoje|Sladkosti|Čokoládové figurky|Severka čokopastelky rybičky mléčná a bílá čokoláda 100 g";"2025-12-03";114.0
"1201646725";"Severka čokopastelky rybičky mléčná a bílá čokoláda 100 g";"Severka";"Heureka.cz|Jídlo a nápoje|Sladkosti|Čokoládové figurky|Severka čokopastelky rybičky mléčná a bílá čokoláda 100 g";"2025-12-03";118.0
"1201646725";"Severka čokopastelky rybičky mléčná a bílá čokoláda 100 g";"Severka";"Heureka.cz|Jídlo a nápoje|Sladkosti|Čokoládové figurky|Severka čokopastelky rybičky mléčná a bílá čokoláda 100 g";"2025-12-03";120.0
"1201646725";"Severka čokopastelky rybičky mléčná a bílá čokoláda 100 g";"Severka";"Heureka.cz|Jídlo a nápoje|Sladkosti|Čokoládové figurky|Severka čokopastelky rybičky mléčná a bílá čokoláda 100 g";"2025-12-04";83.0
"1201646725";"Severka čokopastelky rybičky mléčná a bílá čokoláda 100 g";"Severka";"Heureka.cz|Jídlo a nápoje|Sladkosti|Čokoládové figurky|Severka čokopastelky rybičky mléčná a bílá čokoláda 100 g";"2025-12-04";98.0
"1201646725";"Severka čokopastelky rybičky mléčná a bílá čokoláda 100 g";"Severka";"Heureka.cz|Jídlo a nápoje|Sladkosti|Čokoládové figurky|Severka čokopastelky rybičky mléčná a bílá čokoláda 100 g";"2025-12-04";100.0
"1201646725";"Severka čokopastelky rybičky mléčná a bílá čokoláda 100 g";"Severka";"Heureka.cz|Jídlo a nápoje|Sladkosti|Čokoládové figurky|Severka čokopastelky rybičky mléčná a bílá čokoláda 100 g";"2025-12-04";108.0
"1201646725";"Severka čokopastelky rybičky mléčná a bílá čokoláda 100 g";"Severka";"Heureka.cz|Jídlo a nápoje|Sladkosti|Čokoládové figurky|Severka čokopastelky rybičky mléčná a bílá čokoláda 100 g";"2025-12-04";112.0
"1201646725";"Severka čokopastelky rybičky mléčná a bílá čokoláda 100 g";"Severka";"Heureka.cz|Jídlo a nápoje|Sladkosti|Čokoládové figurky|Severka čokopastelky rybičky mléčná a bílá čokoláda 100 g";"2025-12-04";114.0
"1201646725";"Severka čokopastelky rybičky mléčná a bílá čokoláda 100 g";"Severka";"Heureka.cz|Jídlo a nápoje|Sladkosti|Čokoládové figurky|Severka čokopastelky rybičky mléčná a bílá čokoláda 100 g";"2025-12-04";118.0
"1201646725";"Severka čokopastelky rybičky mléčná a bílá čokoláda 100 g";"Severka";"Heureka.cz|Jídlo a nápoje|Sladkosti|Čokoládové figurky|Severka čokopastelky rybičky mléčná a bílá čokoláda 100 g";"2025-12-04";120.0
"1201646725";"Severka čokopastelky rybičky mléčná a bílá čokoláda 100 g";"Severka";"Heureka.cz|Jídlo a nápoje|Sladkosti|Čokoládové figurky|Severka čokopastelky rybičky mléčná a bílá čokoláda 100 g";"2025-12-05";83.0
"1201646725";"Severka čokopastelky rybičky mléčná a bílá čokoláda 100 g";"Severka";"Heureka.cz|Jídlo a nápoje|Sladkosti|Čokoládové figurky|Severka čokopastelky rybičky mléčná a bílá čokoláda 100 g";"2025-12-05";83.0
"1201646725";"Severka čokopastelky rybičky mléčná a bílá čokoláda 100 g";"Severka";"Heureka.cz|Jídlo a nápoje|Sladkosti|Čokoládové figurky|Severka čokopastelky rybičky mléčná a bílá čokoláda 100 g";"2025-12-05";98.0
"1201646725";"Severka čokopastelky rybičky mléčná a bílá čokoláda 100 g";"Severka";"Heureka.cz|Jídlo a nápoje|Sladkosti|Čokoládové figurky|Severka čokopastelky rybičky mléčná a bílá čokoláda 100 g";"2025-12-05";100.0
"1201646725";"Severka čokopastelky rybičky mléčná a bílá čokoláda 100 g";"Severka";"Heureka.cz|Jídlo a nápoje|Sladkosti|Čokoládové figurky|Severka čokopastelky rybičky mléčná a bílá čokoláda 100 g";"2025-12-05";108.0
"1201646725";"Severka čokopastelky rybičky mléčná a bílá čokoláda 100 g";"Severka";"Heureka.cz|Jídlo a nápoje|Sladkosti|Čokoládové figurky|Severka čokopastelky rybičky mléčná a bílá čokoláda 100 g";"2025-12-05";112.0
"1201646725";"Severka čokopastelky rybičky mléčná a bílá čokoláda 100 g";"Severka";"Heureka.cz|Jídlo a nápoje|Sladkosti|Čokoládové figurky|Severka čokopastelky rybičky mléčná a bílá čokoláda 100 g";"2025-12-05";114.0
"1201646725";"Severka čokopastelky rybičky mléčná a bílá čokoláda 100 g";"Severka";"Heureka.cz|Jídlo a nápoje|Sladkosti|Čokoládové figurky|Severka čokopastelky rybičky mléčná a bílá čokoláda 100 g";"2025-12-05";118.0
"1201646725";"Severka čokopastelky rybičky mléčná a bílá čokoláda 100 g";"Severka";"Heureka.cz|Jídlo a nápoje|Sladkosti|Čokoládové figurky|Severka čokopastelky rybičky mléčná a bílá čokoláda 100 g";"2025-12-05";120.0
"1201646725";"Severka čokopastelky rybičky mléčná a bílá čokoláda 100 g";"Severka";"Heureka.cz|Jídlo a nápoje|Sladkosti|Čokoládové figurky|Severka čokopastelky rybičky mléčná a bílá čokoláda 100 g";"2025-12-06";83.0
"1201646725";"Severka čokopastelky rybičky mléčná a bílá čokoláda 100 g";"Severka";"Heureka.cz|Jídlo a nápoje|Sladkosti|Čokoládové figurky|Severka čokopastelky rybičky mléčná a bílá čokoláda 100 g";"2025-12-06";83.0
"1201646725";"Severka čokopastelky rybičky mléčná a bílá čokoláda 100 g";"Severka";"Heureka.cz|Jídlo a nápoje|Sladkosti|Čokoládové figurky|Severka čokopastelky rybičky mléčná a bílá čokoláda 100 g";"2025-12-06";98.0
"1201646725";"Severka čokopastelky rybičky mléčná a bílá čokoláda 100 g";"Severka";"Heureka.cz|Jídlo a nápoje|Sladkosti|Čokoládové figurky|Severka čokopastelky rybičky mléčná a bílá čokoláda 100 g";"2025-12-06";100.0
"1201646725";"Severka čokopastelky rybičky mléčná a bílá čokoláda 100 g";"Severka";"Heureka.cz|Jídlo a nápoje|Sladkosti|Čokoládové figurky|Severka čokopastelky rybičky mléčná a bílá čokoláda 100 g";"2025-12-06";108.0
"1201646725";"Severka čokopastelky rybičky mléčná a bílá čokoláda 100 g";"Severka";"Heureka.cz|Jídlo a nápoje|Sladkosti|Čokoládové figurky|Severka čokopastelky rybičky mléčná a bílá čokoláda 100 g";"2025-12-06";112.0
"1201646725";"Severka čokopastelky rybičky mléčná a bílá čokoláda 100 g";"Severka";"Heureka.cz|Jídlo a nápoje|Sladkosti|Čokoládové figurky|Severka čokopastelky rybičky mléčná a bílá čokoláda 100 g";"2025-12-06";114.0
"1201646725";"Severka čokopastelky rybičky mléčná a bílá čokoláda 100 g";"Severka";"Heureka.cz|Jídlo a nápoje|Sladkosti|Čokoládové figurky|Severka čokopastelky rybičky mléčná a bílá čokoláda 100 g";"2025-12-06";118.0
"1201646725";"Severka čokopastelky rybičky mléčná a bílá čokoláda 100 g";"Severka";"Heureka.cz|Jídlo a nápoje|Sladkosti|Čokoládové figurky|Severka čokopastelky rybičky mléčná a bílá čokoláda 100 g";"2025-12-06";120.0
"1201646725";"Severka čokopastelky rybičky mléčná a bílá čokoláda 100 g";"Severka";"Heureka.cz|Jídlo a nápoje|Sladkosti|Čokoládové figurky|Severka čokopastelky rybičky mléčná a bílá čokoláda 100 g";"2025-12-07";83.0
"1201646725";"Severka čokopastelky rybičky mléčná a bílá čokoláda 100 g";"Severka";"Heureka.cz|Jídlo a nápoje|Sladkosti|Čokoládové figurky|Severka čokopastelky rybičky mléčná a bílá čokoláda 100 g";"2025-12-07";83.0
"1201646725";"Severka čokopastelky rybičky mléčná a bílá čokoláda 100 g";"Severka";"Heureka.cz|Jídlo a nápoje|Sladkosti|Čokoládové figurky|Severka čokopastelky rybičky mléčná a bílá čokoláda 100 g";"2025-12-07";98.0
"1201646725";"Severka čokopastelky rybičky mléčná a bílá čokoláda 100 g";"Severka";"Heureka.cz|Jídlo a nápoje|Sladkosti|Čokoládové figurky|Severka čokopastelky rybičky mléčná a bílá čokoláda 100 g";"2025-12-07";99.0
"1201646725";"Severka čokopastelky rybičky mléčná a bílá čokoláda 100 g";"Severka";"Heureka.cz|Jídlo a nápoje|Sladkosti|Čokoládové figurky|Severka čokopastelky rybičky mléčná a bílá čokoláda 100 g";"2025-12-07";108.0
"1201646725";"Severka čokopastelky rybičky mléčná a bílá čokoláda 100 g";"Severka";"Heureka.cz|Jídlo a nápoje|Sladkosti|Čokoládové figurky|Severka čokopastelky rybičky mléčná a bílá čokoláda 100 g";"2025-12-07";112.0
"1201646725";"Severka čokopastelky rybičky mléčná a bílá čokoláda 100 g";"Severka";"Heureka.cz|Jídlo a nápoje|Sladkosti|Čokoládové figurky|Severka čokopastelky rybičky mléčná a bílá čokoláda 100 g";"2025-12-07";114.0
"1201646725";"Severka čokopastelky rybičky mléčná a bílá čokoláda 100 g";"Severka";"Heureka.cz|Jídlo a nápoje|Sladkosti|Čokoládové figurky|Severka čokopastelky rybičky mléčná a bílá čokoláda 100 g";"2025-12-07";118.0
"1201646725";"Severka čokopastelky rybičky mléčná a bílá čokoláda 100 g";"Severka";"Heureka.cz|Jídlo a nápoje|Sladkosti|Čokoládové figurky|Severka čokopastelky rybičky mléčná a bílá čokoláda 100 g";"2025-12-07";120.0
"1201646725";"Severka čokopastelky rybičky mléčná a bílá čokoláda 100 g";"Severka";"Heureka.cz|Jídlo a nápoje|Sladkosti|Čokoládové figurky|Severka čokopastelky rybičky mléčná a bílá čokoláda 100 g";"2025-12-08";83.0
"1201646725";"Severka čokopastelky rybičky mléčná a bílá čokoláda 100 g";"Severka";"Heureka.cz|Jídlo a nápoje|Sladkosti|Čokoládové figurky|Severka čokopastelky rybičky mléčná a bílá čokoláda 100 g";"2025-12-08";83.0
"1201646725";"Severka čokopastelky rybičky mléčná a bílá čokoláda 100 g";"Severka";"Heureka.cz|Jídlo a nápoje|Sladkosti|Čokoládové figurky|Severka čokopastelky rybičky mléčná a bílá čokoláda 100 g";"2025-12-08";98.0
"1201646725";"Severka čokopastelky rybičky mléčná a bílá čokoláda 100 g";"Severka";"Heureka.cz|Jídlo a nápoje|Sladkosti|Čokoládové figurky|Severka čokopastelky rybičky mléčná a bílá čokoláda 100 g";"2025-12-08";99.0
"1201646725";"Severka čokopastelky rybičky mléčná a bílá čokoláda 100 g";"Severka";"Heureka.cz|Jídlo a nápoje|Sladkosti|Čokoládové figurky|Severka čokopastelky rybičky mléčná a bílá čokoláda 100 g";"2025-12-08";108.0
"1201646725";"Severka čokopastelky rybičky mléčná a bílá čokoláda 100 g";"Severka";"Heureka.cz|Jídlo a nápoje|Sladkosti|Čokoládové figurky|Severka čokopastelky rybičky mléčná a bílá čokoláda 100 g";"2025-12-08";112.0
"1201646725";"Severka čokopastelky rybičky mléčná a bílá čokoláda 100 g";"Severka";"Heureka.cz|Jídlo a nápoje|Sladkosti|Čokoládové figurky|Severka čokopastelky rybičky mléčná a bílá čokoláda 100 g";"2025-12-08";114.0
"1201646725";"Severka čokopastelky rybičky mléčná a bílá čokoláda 100 g";"Severka";"Heureka.cz|Jídlo a nápoje|Sladkosti|Čokoládové figurky|Severka čokopastelky rybičky mléčná a bílá čokoláda 100 g";"2025-12-08";118.0
"1201646725";"Severka čokopastelky rybičky mléčná a bílá čokoláda 100 g";"Severka";"Heureka.cz|Jídlo a nápoje|Sladkosti|Čokoládové figurky|Severka čokopastelky rybičky mléčná a bílá čokoláda 100 g";"2025-12-08";120.0
"1201647657";"Orion Krémové figurky hořké s vaječným likérem 333 g";"Orion";"Heureka.cz|Jídlo a nápoje|Sladkosti|Čokoládové figurky|Orion Krémové figurky hořké s vaječným likérem 333 g";"2025-10-23";209.0
"1201647657";"Orion Krémové figurky hořké s vaječným likérem 333 g";"Orion";"Heureka.cz|Jídlo a nápoje|Sladkosti|Čokoládové figurky|Orion Krémové figurky hořké s vaječným likérem 333 g";"2025-10-23";300.0
"1201647657";"Orion Krémové figurky hořké s vaječným likérem 333 g";"Orion";"Heureka.cz|Jídlo a nápoje|Sladkosti|Čokoládové figurky|Orion Krémové figurky hořké s vaječným likérem 333 g";"2025-11-05";223.0
"1201647657";"Orion Krémové figurky hořké s vaječným likérem 333 g";"Orion";"Heureka.cz|Jídlo a nápoje|Sladkosti|Čokoládové figurky|Orion Krémové figurky hořké s vaječným likérem 333 g";"2025-11-05";300.0
"1201647657";"Orion Krémové figurky hořké s vaječným likérem 333 g";"Orion";"Heureka.cz|Jídlo a nápoje|Sladkosti|Čokoládové figurky|Orion Krémové figurky hořké s vaječným likérem 333 g";"2025-11-06";223.0
"1201647657";"Orion Krémové figurky hořké s vaječným likérem 333 g";"Orion";"Heureka.cz|Jídlo a nápoje|Sladkosti|Čokoládové figurky|Orion Krémové figurky hořké s vaječným likérem 333 g";"2025-11-06";240.0
"1201647657";"Orion Krémové figurky hořké s vaječným likérem 333 g";"Orion";"Heureka.cz|Jídlo a nápoje|Sladkosti|Čokoládové figurky|Orion Krémové figurky hořké s vaječným likérem 333 g";"2025-11-06";300.0
"1201647657";"Orion Krémové figurky hořké s vaječným likérem 333 g";"Orion";"Heureka.cz|Jídlo a nápoje|Sladkosti|Čokoládové figurky|Orion Krémové figurky hořké s vaječným likérem 333 g";"2025-11-07";223.0
"1201647657";"Orion Krémové figurky hořké s vaječným likérem 333 g";"Orion";"Heureka.cz|Jídlo a nápoje|Sladkosti|Čokoládové figurky|Orion Krémové figurky hořké s vaječným likérem 333 g";"2025-11-07";240.0
"1201647657";"Orion Krémové figurky hořké s vaječným likérem 333 g";"Orion";"Heureka.cz|Jídlo a nápoje|Sladkosti|Čokoládové figurky|Orion Krémové figurky hořké s vaječným likérem 333 g";"2025-11-07";300.0
"1201647657";"Orion Krémové figurky hořké s vaječným likérem 333 g";"Orion";"Heureka.cz|Jídlo a nápoje|Sladkosti|Čokoládové figurky|Orion Krémové figurky hořké s vaječným likérem 333 g";"2025-11-08";223.0
"1201647657";"Orion Krémové figurky hořké s vaječným likérem 333 g";"Orion";"Heureka.cz|Jídlo a nápoje|Sladkosti|Čokoládové figurky|Orion Krémové figurky hořké s vaječným likérem 333 g";"2025-11-08";240.0
"1201647657";"Orion Krémové figurky hořké s vaječným likérem 333 g";"Orion";"Heureka.cz|Jídlo a nápoje|Sladkosti|Čokoládové figurky|Orion Krémové figurky hořké s vaječným likérem 333 g";"2025-11-08";300.0
"1201647657";"Orion Krémové figurky hořké s vaječným likérem 333 g";"Orion";"Heureka.cz|Jídlo a nápoje|Sladkosti|Čokoládové figurky|Orion Krémové figurky hořké s vaječným likérem 333 g";"2025-11-09";223.0
"1201647657";"Orion Krémové figurky hořké s vaječným likérem 333 g";"Orion";"Heureka.cz|Jídlo a nápoje|Sladkosti|Čokoládové figurky|Orion Krémové figurky hořké s vaječným likérem 333 g";"2025-11-09";240.0
"1201647657";"Orion Krémové figurky hořké s vaječným likérem 333 g";"Orion";"Heureka.cz|Jídlo a nápoje|Sladkosti|Čokoládové figurky|Orion Krémové figurky hořké s vaječným likérem 333 g";"2025-11-09";293.0
"1201647657";"Orion Krémové figurky hořké s vaječným likérem 333 g";"Orion";"Heureka.cz|Jídlo a nápoje|Sladkosti|Čokoládové figurky|Orion Krémové figurky hořké s vaječným likérem 333 g";"2025-11-09";298.0
"1201647657";"Orion Krémové figurky hořké s vaječným likérem 333 g";"Orion";"Heureka.cz|Jídlo a nápoje|Sladkosti|Čokoládové figurky|Orion Krémové figurky hořké s vaječným likérem 333 g";"2025-11-09";300.0
"1201647657";"Orion Krémové figurky hořké s vaječným likérem 333 g";"Orion";"Heureka.cz|Jídlo a nápoje|Sladkosti|Čokoládové figurky|Orion Krémové figurky hořké s vaječným likérem 333 g";"2025-11-10";223.0
"1201647657";"Orion Krémové figurky hořké s vaječným likérem 333 g";"Orion";"Heureka.cz|Jídlo a nápoje|Sladkosti|Čokoládové figurky|Orion Krémové figurky hořké s vaječným likérem 333 g";"2025-11-10";240.0
"1201647657";"Orion Krémové figurky hořké s vaječným likérem 333 g";"Orion";"Heureka.cz|Jídlo a nápoje|Sladkosti|Čokoládové figurky|Orion Krémové figurky hořké s vaječným likérem 333 g";"2025-11-10";300.0
"1201647657";"Orion Krémové figurky hořké s vaječným likérem 333 g";"Orion";"Heureka.cz|Jídlo a nápoje|Sladkosti|Čokoládové figurky|Orion Krémové figurky hořké s vaječným likérem 333 g";"2025-11-11";223.0
"1201647657";"Orion Krémové figurky hořké s vaječným likérem 333 g";"Orion";"Heureka.cz|Jídlo a nápoje|Sladkosti|Čokoládové figurky|Orion Krémové figurky hořké s vaječným likérem 333 g";"2025-11-11";240.0
"1201647657";"Orion Krémové figurky hořké s vaječným likérem 333 g";"Orion";"Heureka.cz|Jídlo a nápoje|Sladkosti|Čokoládové figurky|Orion Krémové figurky hořké s vaječným likérem 333 g";"2025-11-11";270.0
"1201647657";"Orion Krémové figurky hořké s vaječným likérem 333 g";"Orion";"Heureka.cz|Jídlo a nápoje|Sladkosti|Čokoládové figurky|Orion Krémové figurky hořké s vaječným likérem 333 g";"2025-11-12";223.0
"1201647657";"Orion Krémové figurky hořké s vaječným likérem 333 g";"Orion";"Heureka.cz|Jídlo a nápoje|Sladkosti|Čokoládové figurky|Orion Krémové figurky hořké s vaječným likérem 333 g";"2025-11-12";240.0
"1201647657";"Orion Krémové figurky hořké s vaječným likérem 333 g";"Orion";"Heureka.cz|Jídlo a nápoje|Sladkosti|Čokoládové figurky|Orion Krémové figurky hořké s vaječným likérem 333 g";"2025-11-12";270.0
"1201647657";"Orion Krémové figurky hořké s vaječným likérem 333 g";"Orion";"Heureka.cz|Jídlo a nápoje|Sladkosti|Čokoládové figurky|Orion Krémové figurky hořké s vaječným likérem 333 g";"2025-11-12";293.0
"1201647657";"Orion Krémové figurky hořké s vaječným likérem 333 g";"Orion";"Heureka.cz|Jídlo a nápoje|Sladkosti|Čokoládové figurky|Orion Krémové figurky hořké s vaječným likérem 333 g";"2025-11-13";223.0
"1201647657";"Orion Krémové figurky hořké s vaječným likérem 333 g";"Orion";"Heureka.cz|Jídlo a nápoje|Sladkosti|Čokoládové figurky|Orion Krémové figurky hořké s vaječným likérem 333 g";"2025-11-13";240.0
"1201647657";"Orion Krémové figurky hořké s vaječným likérem 333 g";"Orion";"Heureka.cz|Jídlo a nápoje|Sladkosti|Čokoládové figurky|Orion Krémové figurky hořké s vaječným likérem 333 g";"2025-11-13";270.0
"1201647657";"Orion Krémové figurky hořké s vaječným likérem 333 g";"Orion";"Heureka.cz|Jídlo a nápoje|Sladkosti|Čokoládové figurky|Orion Krémové figurky hořké s vaječným likérem 333 g";"2025-11-14";223.0
"1201647657";"Orion Krémové figurky hořké s vaječným likérem 333 g";"Orion";"Heureka.cz|Jídlo a nápoje|Sladkosti|Čokoládové figurky|Orion Krémové figurky hořké s vaječným likérem 333 g";"2025-11-14";240.0
"1201647657";"Orion Krémové figurky hořké s vaječným likérem 333 g";"Orion";"Heureka.cz|Jídlo a nápoje|Sladkosti|Čokoládové figurky|Orion Krémové figurky hořké s vaječným likérem 333 g";"2025-11-14";270.0
"1201647657";"Orion Krémové figurky hořké s vaječným likérem 333 g";"Orion";"Heureka.cz|Jídlo a nápoje|Sladkosti|Čokoládové figurky|Orion Krémové figurky hořké s vaječným likérem 333 g";"2025-11-15";223.0
"1201647657";"Orion Krémové figurky hořké s vaječným likérem 333 g";"Orion";"Heureka.cz|Jídlo a nápoje|Sladkosti|Čokoládové figurky|Orion Krémové figurky hořké s vaječným likérem 333 g";"2025-11-15";240.0
"1201647657";"Orion Krémové figurky hořké s vaječným likérem 333 g";"Orion";"Heureka.cz|Jídlo a nápoje|Sladkosti|Čokoládové figurky|Orion Krémové figurky hořké s vaječným likérem 333 g";"2025-11-15";270.0
"1201647657";"Orion Krémové figurky hořké s vaječným likérem 333 g";"Orion";"Heureka.cz|Jídlo a nápoje|Sladkosti|Čokoládové figurky|Orion Krémové figurky hořké s vaječným likérem 333 g";"2025-11-16";223.0
"1201647657";"Orion Krémové figurky hořké s vaječným likérem 333 g";"Orion";"Heureka.cz|Jídlo a nápoje|Sladkosti|Čokoládové figurky|Orion Krémové figurky hořké s vaječným likérem 333 g";"2025-11-16";240.0
"1201647657";"Orion Krémové figurky hořké s vaječným likérem 333 g";"Orion";"Heureka.cz|Jídlo a nápoje|Sladkosti|Čokoládové figurky|Orion Krémové figurky hořké s vaječným likérem 333 g";"2025-11-16";270.0
"1201647657";"Orion Krémové figurky hořké s vaječným likérem 333 g";"Orion";"Heureka.cz|Jídlo a nápoje|Sladkosti|Čokoládové figurky|Orion Krémové figurky hořké s vaječným likérem 333 g";"2025-11-17";223.0
"1201647657";"Orion Krémové figurky hořké s vaječným likérem 333 g";"Orion";"Heureka.cz|Jídlo a nápoje|Sladkosti|Čokoládové figurky|Orion Krémové figurky hořké s vaječným likérem 333 g";"2025-11-17";240.0
"1201647657";"Orion Krémové figurky hořké s vaječným likérem 333 g";"Orion";"Heureka.cz|Jídlo a nápoje|Sladkosti|Čokoládové figurky|Orion Krémové figurky hořké s vaječným likérem 333 g";"2025-11-17";270.0
"1201647657";"Orion Krémové figurky hořké s vaječným likérem 333 g";"Orion";"Heureka.cz|Jídlo a nápoje|Sladkosti|Čokoládové figurky|Orion Krémové figurky hořké s vaječným likérem 333 g";"2025-11-18";223.0
"1201647657";"Orion Krémové figurky hořké s vaječným likérem 333 g";"Orion";"Heureka.cz|Jídlo a nápoje|Sladkosti|Čokoládové figurky|Orion Krémové figurky hořké s vaječným likérem 333 g";"2025-11-18";240.0
"1201647657";"Orion Krémové figurky hořké s vaječným likérem 333 g";"Orion";"Heureka.cz|Jídlo a nápoje|Sladkosti|Čokoládové figurky|Orion Krémové figurky hořké s vaječným likérem 333 g";"2025-11-18";270.0
"1201647657";"Orion Krémové figurky hořké s vaječným likérem 333 g";"Orion";"Heureka.cz|Jídlo a nápoje|Sladkosti|Čokoládové figurky|Orion Krémové figurky hořké s vaječným likérem 333 g";"2025-11-20";223.0
"1201647657";"Orion Krémové figurky hořké s vaječným likérem 333 g";"Orion";"Heureka.cz|Jídlo a nápoje|Sladkosti|Čokoládové figurky|Orion Krémové figurky hořké s vaječným likérem 333 g";"2025-11-20";270.0
"1201647657";"Orion Krémové figurky hořké s vaječným likérem 333 g";"Orion";"Heureka.cz|Jídlo a nápoje|Sladkosti|Čokoládové figurky|Orion Krémové figurky hořké s vaječným likérem 333 g";"2025-11-20";270.0
"1201647657";"Orion Krémové figurky hořké s vaječným likérem 333 g";"Orion";"Heureka.cz|Jídlo a nápoje|Sladkosti|Čokoládové figurky|Orion Krémové figurky hořké s vaječným likérem 333 g";"2025-11-21";223.0
"1201647657";"Orion Krémové figurky hořké s vaječným likérem 333 g";"Orion";"Heureka.cz|Jídlo a nápoje|Sladkosti|Čokoládové figurky|Orion Krémové figurky hořké s vaječným likérem 333 g";"2025-11-21";215.0
"1201647657";"Orion Krémové figurky hořké s vaječným likérem 333 g";"Orion";"Heureka.cz|Jídlo a nápoje|Sladkosti|Čokoládové figurky|Orion Krémové figurky hořké s vaječným likérem 333 g";"2025-11-21";270.0
"1201647657";"Orion Krémové figurky hořké s vaječným likérem 333 g";"Orion";"Heureka.cz|Jídlo a nápoje|Sladkosti|Čokoládové figurky|Orion Krémové figurky hořké s vaječným likérem 333 g";"2025-11-22";223.0
"1201647657";"Orion Krémové figurky hořké s vaječným likérem 333 g";"Orion";"Heureka.cz|Jídlo a nápoje|Sladkosti|Čokoládové figurky|Orion Krémové figurky hořké s vaječným likérem 333 g";"2025-11-22";215.0
"1201647657";"Orion Krémové figurky hořké s vaječným likérem 333 g";"Orion";"Heureka.cz|Jídlo a nápoje|Sladkosti|Čokoládové figurky|Orion Krémové figurky hořké s vaječným likérem 333 g";"2025-11-22";250.0
"1201647657";"Orion Krémové figurky hořké s vaječným likérem 333 g";"Orion";"Heureka.cz|Jídlo a nápoje|Sladkosti|Čokoládové figurky|Orion Krémové figurky hořké s vaječným likérem 333 g";"2025-11-23";223.0
"1201647657";"Orion Krémové figurky hořké s vaječným likérem 333 g";"Orion";"Heureka.cz|Jídlo a nápoje|Sladkosti|Čokoládové figurky|Orion Krémové figurky hořké s vaječným likérem 333 g";"2025-11-23";215.0
"1201647657";"Orion Krémové figurky hořké s vaječným likérem 333 g";"Orion";"Heureka.cz|Jídlo a nápoje|Sladkosti|Čokoládové figurky|Orion Krémové figurky hořké s vaječným likérem 333 g";"2025-11-23";250.0
"1201647657";"Orion Krémové figurky hořké s vaječným likérem 333 g";"Orion";"Heureka.cz|Jídlo a nápoje|Sladkosti|Čokoládové figurky|Orion Krémové figurky hořké s vaječným likérem 333 g";"2025-11-24";223.0
"1201647657";"Orion Krémové figurky hořké s vaječným likérem 333 g";"Orion";"Heureka.cz|Jídlo a nápoje|Sladkosti|Čokoládové figurky|Orion Krémové figurky hořké s vaječným likérem 333 g";"2025-11-24";250.0
"1201647657";"Orion Krémové figurky hořké s vaječným likérem 333 g";"Orion";"Heureka.cz|Jídlo a nápoje|Sladkosti|Čokoládové figurky|Orion Krémové figurky hořké s vaječným likérem 333 g";"2025-11-25";223.0
"1201647657";"Orion Krémové figurky hořké s vaječným likérem 333 g";"Orion";"Heureka.cz|Jídlo a nápoje|Sladkosti|Čokoládové figurky|Orion Krémové figurky hořké s vaječným likérem 333 g";"2025-11-25";250.0
"1201647657";"Orion Krémové figurky hořké s vaječným likérem 333 g";"Orion";"Heureka.cz|Jídlo a nápoje|Sladkosti|Čokoládové figurky|Orion Krémové figurky hořké s vaječným likérem 333 g";"2025-11-26";250.0
"1201647657";"Orion Krémové figurky hořké s vaječným likérem 333 g";"Orion";"Heureka.cz|Jídlo a nápoje|Sladkosti|Čokoládové figurky|Orion Krémové figurky hořké s vaječným likérem 333 g";"2025-11-27";250.0
"1201647657";"Orion Krémové figurky hořké s vaječným likérem 333 g";"Orion";"Heureka.cz|Jídlo a nápoje|Sladkosti|Čokoládové figurky|Orion Krémové figurky hořké s vaječným likérem 333 g";"2025-11-28";250.0
"1201647657";"Orion Krémové figurky hořké s vaječným likérem 333 g";"Orion";"Heureka.cz|Jídlo a nápoje|Sladkosti|Čokoládové figurky|Orion Krémové figurky hořké s vaječným likérem 333 g";"2025-11-29";250.0
"1201647657";"Orion Krémové figurky hořké s vaječným likérem 333 g";"Orion";"Heureka.cz|Jídlo a nápoje|Sladkosti|Čokoládové figurky|Orion Krémové figurky hořké s vaječným likérem 333 g";"2025-11-30";250.0
"1201647657";"Orion Krémové figurky hořké s vaječným likérem 333 g";"Orion";"Heureka.cz|Jídlo a nápoje|Sladkosti|Čokoládové figurky|Orion Krémové figurky hořké s vaječným likérem 333 g";"2025-12-01";250.0
"1201647657";"Orion Krémové figurky hořké s vaječným likérem 333 g";"Orion";"Heureka.cz|Jídlo a nápoje|Sladkosti|Čokoládové figurky|Orion Krémové figurky hořké s vaječným likérem 333 g";"2025-12-02";250.0
"1201647657";"Orion Krémové figurky hořké s vaječným likérem 333 g";"Orion";"Heureka.cz|Jídlo a nápoje|Sladkosti|Čokoládové figurky|Orion Krémové figurky hořké s vaječným likérem 333 g";"2025-12-03";250.0
"1201647657";"Orion Krémové figurky hořké s vaječným likérem 333 g";"Orion";"Heureka.cz|Jídlo a nápoje|Sladkosti|Čokoládové figurky|Orion Krémové figurky hořké s vaječným likérem 333 g";"2025-12-04";250.0
"1201647657";"Orion Krémové figurky hořké s vaječným likérem 333 g";"Orion";"Heureka.cz|Jídlo a nápoje|Sladkosti|Čokoládové figurky|Orion Krémové figurky hořké s vaječným likérem 333 g";"2025-12-05";250.0
"1201647657";"Orion Krémové figurky hořké s vaječným likérem 333 g";"Orion";"Heureka.cz|Jídlo a nápoje|Sladkosti|Čokoládové figurky|Orion Krémové figurky hořké s vaječným likérem 333 g";"2025-12-06";250.0
"1201647657";"Orion Krémové figurky hořké s vaječným likérem 333 g";"Orion";"Heureka.cz|Jídlo a nápoje|Sladkosti|Čokoládové figurky|Orion Krémové figurky hořké s vaječným likérem 333 g";"2025-12-07";250.0
"1201647657";"Orion Krémové figurky hořké s vaječným likérem 333 g";"Orion";"Heureka.cz|Jídlo a nápoje|Sladkosti|Čokoládové figurky|Orion Krémové figurky hořké s vaječným likérem 333 g";"2025-12-08";250.0
"1204880312";"Orion Krémové figurky hořké 333 g";"Orion";"Heureka.cz|Jídlo a nápoje|Sladkosti|Čokoládové figurky|Orion Krémové figurky hořké 333 g";"2025-10-23";209.0
"1204880312";"Orion Krémové figurky hořké 333 g";"Orion";"Heureka.cz|Jídlo a nápoje|Sladkosti|Čokoládové figurky|Orion Krémové figurky hořké 333 g";"2025-10-23";300.0
"1204880312";"Orion Krémové figurky hořké 333 g";"Orion";"Heureka.cz|Jídlo a nápoje|Sladkosti|Čokoládové figurky|Orion Krémové figurky hořké 333 g";"2025-11-05";300.0
"1204880312";"Orion Krémové figurky hořké 333 g";"Orion";"Heureka.cz|Jídlo a nápoje|Sladkosti|Čokoládové figurky|Orion Krémové figurky hořké 333 g";"2025-11-06";240.0
"1204880312";"Orion Krémové figurky hořké 333 g";"Orion";"Heureka.cz|Jídlo a nápoje|Sladkosti|Čokoládové figurky|Orion Krémové figurky hořké 333 g";"2025-11-06";300.0
"1204880312";"Orion Krémové figurky hořké 333 g";"Orion";"Heureka.cz|Jídlo a nápoje|Sladkosti|Čokoládové figurky|Orion Krémové figurky hořké 333 g";"2025-11-07";240.0
"1204880312";"Orion Krémové figurky hořké 333 g";"Orion";"Heureka.cz|Jídlo a nápoje|Sladkosti|Čokoládové figurky|Orion Krémové figurky hořké 333 g";"2025-11-07";300.0
"1204880312";"Orion Krémové figurky hořké 333 g";"Orion";"Heureka.cz|Jídlo a nápoje|Sladkosti|Čokoládové figurky|Orion Krémové figurky hořké 333 g";"2025-11-08";240.0
"1204880312";"Orion Krémové figurky hořké 333 g";"Orion";"Heureka.cz|Jídlo a nápoje|Sladkosti|Čokoládové figurky|Orion Krémové figurky hořké 333 g";"2025-11-08";300.0
"1204880312";"Orion Krémové figurky hořké 333 g";"Orion";"Heureka.cz|Jídlo a nápoje|Sladkosti|Čokoládové figurky|Orion Krémové figurky hořké 333 g";"2025-11-09";240.0
"1204880312";"Orion Krémové figurky hořké 333 g";"Orion";"Heureka.cz|Jídlo a nápoje|Sladkosti|Čokoládové figurky|Orion Krémové figurky hořké 333 g";"2025-11-09";293.0
"1204880312";"Orion Krémové figurky hořké 333 g";"Orion";"Heureka.cz|Jídlo a nápoje|Sladkosti|Čokoládové figurky|Orion Krémové figurky hořké 333 g";"2025-11-09";298.0
"1204880312";"Orion Krémové figurky hořké 333 g";"Orion";"Heureka.cz|Jídlo a nápoje|Sladkosti|Čokoládové figurky|Orion Krémové figurky hořké 333 g";"2025-11-09";300.0
"1204880312";"Orion Krémové figurky hořké 333 g";"Orion";"Heureka.cz|Jídlo a nápoje|Sladkosti|Čokoládové figurky|Orion Krémové figurky hořké 333 g";"2025-11-10";240.0
"1204880312";"Orion Krémové figurky hořké 333 g";"Orion";"Heureka.cz|Jídlo a nápoje|Sladkosti|Čokoládové figurky|Orion Krémové figurky hořké 333 g";"2025-11-10";300.0
"1204880312";"Orion Krémové figurky hořké 333 g";"Orion";"Heureka.cz|Jídlo a nápoje|Sladkosti|Čokoládové figurky|Orion Krémové figurky hořké 333 g";"2025-11-11";240.0
"1204880312";"Orion Krémové figurky hořké 333 g";"Orion";"Heureka.cz|Jídlo a nápoje|Sladkosti|Čokoládové figurky|Orion Krémové figurky hořké 333 g";"2025-11-11";270.0
"1204880312";"Orion Krémové figurky hořké 333 g";"Orion";"Heureka.cz|Jídlo a nápoje|Sladkosti|Čokoládové figurky|Orion Krémové figurky hořké 333 g";"2025-11-12";240.0
"1204880312";"Orion Krémové figurky hořké 333 g";"Orion";"Heureka.cz|Jídlo a nápoje|Sladkosti|Čokoládové figurky|Orion Krémové figurky hořké 333 g";"2025-11-12";270.0
"1204880312";"Orion Krémové figurky hořké 333 g";"Orion";"Heureka.cz|Jídlo a nápoje|Sladkosti|Čokoládové figurky|Orion Krémové figurky hořké 333 g";"2025-11-12";293.0
"1204880312";"Orion Krémové figurky hořké 333 g";"Orion";"Heureka.cz|Jídlo a nápoje|Sladkosti|Čokoládové figurky|Orion Krémové figurky hořké 333 g";"2025-11-13";209.0
"1204880312";"Orion Krémové figurky hořké 333 g";"Orion";"Heureka.cz|Jídlo a nápoje|Sladkosti|Čokoládové figurky|Orion Krémové figurky hořké 333 g";"2025-11-13";240.0
"1204880312";"Orion Krémové figurky hořké 333 g";"Orion";"Heureka.cz|Jídlo a nápoje|Sladkosti|Čokoládové figurky|Orion Krémové figurky hořké 333 g";"2025-11-13";270.0
"1204880312";"Orion Krémové figurky hořké 333 g";"Orion";"Heureka.cz|Jídlo a nápoje|Sladkosti|Čokoládové figurky|Orion Krémové figurky hořké 333 g";"2025-11-14";240.0
"1204880312";"Orion Krémové figurky hořké 333 g";"Orion";"Heureka.cz|Jídlo a nápoje|Sladkosti|Čokoládové figurky|Orion Krémové figurky hořké 333 g";"2025-11-14";270.0
"1204880312";"Orion Krémové figurky hořké 333 g";"Orion";"Heureka.cz|Jídlo a nápoje|Sladkosti|Čokoládové figurky|Orion Krémové figurky hořké 333 g";"2025-11-15";240.0
"1204880312";"Orion Krémové figurky hořké 333 g";"Orion";"Heureka.cz|Jídlo a nápoje|Sladkosti|Čokoládové figurky|Orion Krémové figurky hořké 333 g";"2025-11-15";270.0
"1204880312";"Orion Krémové figurky hořké 333 g";"Orion";"Heureka.cz|Jídlo a nápoje|Sladkosti|Čokoládové figurky|Orion Krémové figurky hořké 333 g";"2025-11-16";240.0
"1204880312";"Orion Krémové figurky hořké 333 g";"Orion";"Heureka.cz|Jídlo a nápoje|Sladkosti|Čokoládové figurky|Orion Krémové figurky hořké 333 g";"2025-11-16";270.0
"1204880312";"Orion Krémové figurky hořké 333 g";"Orion";"Heureka.cz|Jídlo a nápoje|Sladkosti|Čokoládové figurky|Orion Krémové figurky hořké 333 g";"2025-11-17";240.0
"1204880312";"Orion Krémové figurky hořké 333 g";"Orion";"Heureka.cz|Jídlo a nápoje|Sladkosti|Čokoládové figurky|Orion Krémové figurky hořké 333 g";"2025-11-17";270.0
"1204880312";"Orion Krémové figurky hořké 333 g";"Orion";"Heureka.cz|Jídlo a nápoje|Sladkosti|Čokoládové figurky|Orion Krémové figurky hořké 333 g";"2025-11-18";240.0
"1204880312";"Orion Krémové figurky hořké 333 g";"Orion";"Heureka.cz|Jídlo a nápoje|Sladkosti|Čokoládové figurky|Orion Krémové figurky hořké 333 g";"2025-11-18";270.0
"1204880312";"Orion Krémové figurky hořké 333 g";"Orion";"Heureka.cz|Jídlo a nápoje|Sladkosti|Čokoládové figurky|Orion Krémové figurky hořké 333 g";"2025-11-19";240.0
"1204880312";"Orion Krémové figurky hořké 333 g";"Orion";"Heureka.cz|Jídlo a nápoje|Sladkosti|Čokoládové figurky|Orion Krémové figurky hořké 333 g";"2025-11-19";270.0
"1204880312";"Orion Krémové figurky hořké 333 g";"Orion";"Heureka.cz|Jídlo a nápoje|Sladkosti|Čokoládové figurky|Orion Krémové figurky hořké 333 g";"2025-11-20";270.0
"1204880312";"Orion Krémové figurky hořké 333 g";"Orion";"Heureka.cz|Jídlo a nápoje|Sladkosti|Čokoládové figurky|Orion Krémové figurky hořké 333 g";"2025-11-20";270.0
"1204880312";"Orion Krémové figurky hořké 333 g";"Orion";"Heureka.cz|Jídlo a nápoje|Sladkosti|Čokoládové figurky|Orion Krémové figurky hořké 333 g";"2025-11-21";0.0
"1204880312";"Orion Krémové figurky hořké 333 g";"Orion";"Heureka.cz|Jídlo a nápoje|Sladkosti|Čokoládové figurky|Orion Krémové figurky hořké 333 g";"2025-11-21";270.0
"1204880312";"Orion Krémové figurky hořké 333 g";"Orion";"Heureka.cz|Jídlo a nápoje|Sladkosti|Čokoládové figurky|Orion Krémové figurky hořké 333 g";"2025-11-22";0.0
"1204880312";"Orion Krémové figurky hořké 333 g";"Orion";"Heureka.cz|Jídlo a nápoje|Sladkosti|Čokoládové figurky|Orion Krémové figurky hořké 333 g";"2025-11-22";270.0
"1204880312";"Orion Krémové figurky hořké 333 g";"Orion";"Heureka.cz|Jídlo a nápoje|Sladkosti|Čokoládové figurky|Orion Krémové figurky hořké 333 g";"2025-11-23";0.0
"1204880312";"Orion Krémové figurky hořké 333 g";"Orion";"Heureka.cz|Jídlo a nápoje|Sladkosti|Čokoládové figurky|Orion Krémové figurky hořké 333 g";"2025-11-23";270.0
"1204880312";"Orion Krémové figurky hořké 333 g";"Orion";"Heureka.cz|Jídlo a nápoje|Sladkosti|Čokoládové figurky|Orion Krémové figurky hořké 333 g";"2025-11-24";270.0
"1204880312";"Orion Krémové figurky hořké 333 g";"Orion";"Heureka.cz|Jídlo a nápoje|Sladkosti|Čokoládové figurky|Orion Krémové figurky hořké 333 g";"2025-11-25";270.0
"1204880312";"Orion Krémové figurky hořké 333 g";"Orion";"Heureka.cz|Jídlo a nápoje|Sladkosti|Čokoládové figurky|Orion Krémové figurky hořké 333 g";"2025-11-26";270.0
"1204880312";"Orion Krémové figurky hořké 333 g";"Orion";"Heureka.cz|Jídlo a nápoje|Sladkosti|Čokoládové figurky|Orion Krémové figurky hořké 333 g";"2025-11-27";270.0
"1204880312";"Orion Krémové figurky hořké 333 g";"Orion";"Heureka.cz|Jídlo a nápoje|Sladkosti|Čokoládové figurky|Orion Krémové figurky hořké 333 g";"2025-11-28";270.0
"1204880312";"Orion Krémové figurky hořké 333 g";"Orion";"Heureka.cz|Jídlo a nápoje|Sladkosti|Čokoládové figurky|Orion Krémové figurky hořké 333 g";"2025-11-29";270.0
"1204880312";"Orion Krémové figurky hořké 333 g";"Orion";"Heureka.cz|Jídlo a nápoje|Sladkosti|Čokoládové figurky|Orion Krémové figurky hořké 333 g";"2025-11-30";270.0
"1204880312";"Orion Krémové figurky hořké 333 g";"Orion";"Heureka.cz|Jídlo a nápoje|Sladkosti|Čokoládové figurky|Orion Krémové figurky hořké 333 g";"2025-12-01";270.0
"1204880312";"Orion Krémové figurky hořké 333 g";"Orion";"Heureka.cz|Jídlo a nápoje|Sladkosti|Čokoládové figurky|Orion Krémové figurky hořké 333 g";"2025-12-02";209.0
"1204880312";"Orion Krémové figurky hořké 333 g";"Orion";"Heureka.cz|Jídlo a nápoje|Sladkosti|Čokoládové figurky|Orion Krémové figurky hořké 333 g";"2025-12-02";270.0
"1204880312";"Orion Krémové figurky hořké 333 g";"Orion";"Heureka.cz|Jídlo a nápoje|Sladkosti|Čokoládové figurky|Orion Krémové figurky hořké 333 g";"2025-12-03";270.0
"1204880312";"Orion Krémové figurky hořké 333 g";"Orion";"Heureka.cz|Jídlo a nápoje|Sladkosti|Čokoládové figurky|Orion Krémové figurky hořké 333 g";"2025-12-04";270.0
"1204880312";"Orion Krémové figurky hořké 333 g";"Orion";"Heureka.cz|Jídlo a nápoje|Sladkosti|Čokoládové figurky|Orion Krémové figurky hořké 333 g";"2025-12-05";270.0
"1204880312";"Orion Krémové figurky hořké 333 g";"Orion";"Heureka.cz|Jídlo a nápoje|Sladkosti|Čokoládové figurky|Orion Krémové figurky hořké 333 g";"2025-12-06";270.0
"1204880312";"Orion Krémové figurky hořké 333 g";"Orion";"Heureka.cz|Jídlo a nápoje|Sladkosti|Čokoládové figurky|Orion Krémové figurky hořké 333 g";"2025-12-07";300.0
"1204880312";"Orion Krémové figurky hořké 333 g";"Orion";"Heureka.cz|Jídlo a nápoje|Sladkosti|Čokoládové figurky|Orion Krémové figurky hořké 333 g";"2025-12-08";300.0
"1255799788";"Severka Čokoládové pastelky Dinosauři 100 g";"Severka";"Heureka.cz|Jídlo a nápoje|Sladkosti|Čokoládové figurky|Severka Čokoládové pastelky Dinosauři 100 g";"2025-10-23";155.0
"1255799788";"Severka Čokoládové pastelky Dinosauři 100 g";"Severka";"Heureka.cz|Jídlo a nápoje|Sladkosti|Čokoládové figurky|Severka Čokoládové pastelky Dinosauři 100 g";"2025-10-23";83.0
"1255799788";"Severka Čokoládové pastelky Dinosauři 100 g";"Severka";"Heureka.cz|Jídlo a nápoje|Sladkosti|Čokoládové figurky|Severka Čokoládové pastelky Dinosauři 100 g";"2025-10-23";95.0
"1255799788";"Severka Čokoládové pastelky Dinosauři 100 g";"Severka";"Heureka.cz|Jídlo a nápoje|Sladkosti|Čokoládové figurky|Severka Čokoládové pastelky Dinosauři 100 g";"2025-10-23";98.0
"1255799788";"Severka Čokoládové pastelky Dinosauři 100 g";"Severka";"Heureka.cz|Jídlo a nápoje|Sladkosti|Čokoládové figurky|Severka Čokoládové pastelky Dinosauři 100 g";"2025-10-23";99.0
"1255799788";"Severka Čokoládové pastelky Dinosauři 100 g";"Severka";"Heureka.cz|Jídlo a nápoje|Sladkosti|Čokoládové figurky|Severka Čokoládové pastelky Dinosauři 100 g";"2025-10-23";100.0
"1255799788";"Severka Čokoládové pastelky Dinosauři 100 g";"Severka";"Heureka.cz|Jídlo a nápoje|Sladkosti|Čokoládové figurky|Severka Čokoládové pastelky Dinosauři 100 g";"2025-10-23";100.0
"1255799788";"Severka Čokoládové pastelky Dinosauři 100 g";"Severka";"Heureka.cz|Jídlo a nápoje|Sladkosti|Čokoládové figurky|Severka Čokoládové pastelky Dinosauři 100 g";"2025-10-23";107.0
"1255799788";"Severka Čokoládové pastelky Dinosauři 100 g";"Severka";"Heureka.cz|Jídlo a nápoje|Sladkosti|Čokoládové figurky|Severka Čokoládové pastelky Dinosauři 100 g";"2025-10-23";108.0
"1255799788";"Severka Čokoládové pastelky Dinosauři 100 g";"Severka";"Heureka.cz|Jídlo a nápoje|Sladkosti|Čokoládové figurky|Severka Čokoládové pastelky Dinosauři 100 g";"2025-10-23";109.0
"1255799788";"Severka Čokoládové pastelky Dinosauři 100 g";"Severka";"Heureka.cz|Jídlo a nápoje|Sladkosti|Čokoládové figurky|Severka Čokoládové pastelky Dinosauři 100 g";"2025-10-23";112.0
"1255799788";"Severka Čokoládové pastelky Dinosauři 100 g";"Severka";"Heureka.cz|Jídlo a nápoje|Sladkosti|Čokoládové figurky|Severka Čokoládové pastelky Dinosauři 100 g";"2025-10-23";120.0
"1255799788";"Severka Čokoládové pastelky Dinosauři 100 g";"Severka";"Heureka.cz|Jídlo a nápoje|Sladkosti|Čokoládové figurky|Severka Čokoládové pastelky Dinosauři 100 g";"2025-10-23";120.0
"1255799788";"Severka Čokoládové pastelky Dinosauři 100 g";"Severka";"Heureka.cz|Jídlo a nápoje|Sladkosti|Čokoládové figurky|Severka Čokoládové pastelky Dinosauři 100 g";"2025-10-23";120.0
"1255799788";"Severka Čokoládové pastelky Dinosauři 100 g";"Severka";"Heureka.cz|Jídlo a nápoje|Sladkosti|Čokoládové figurky|Severka Čokoládové pastelky Dinosauři 100 g";"2025-11-05";155.0
"1255799788";"Severka Čokoládové pastelky Dinosauři 100 g";"Severka";"Heureka.cz|Jídlo a nápoje|Sladkosti|Čokoládové figurky|Severka Čokoládové pastelky Dinosauři 100 g";"2025-11-05";83.0
"1255799788";"Severka Čokoládové pastelky Dinosauři 100 g";"Severka";"Heureka.cz|Jídlo a nápoje|Sladkosti|Čokoládové figurky|Severka Čokoládové pastelky Dinosauři 100 g";"2025-11-05";95.0
"1255799788";"Severka Čokoládové pastelky Dinosauři 100 g";"Severka";"Heureka.cz|Jídlo a nápoje|Sladkosti|Čokoládové figurky|Severka Čokoládové pastelky Dinosauři 100 g";"2025-11-05";95.0
"1255799788";"Severka Čokoládové pastelky Dinosauři 100 g";"Severka";"Heureka.cz|Jídlo a nápoje|Sladkosti|Čokoládové figurky|Severka Čokoládové pastelky Dinosauři 100 g";"2025-11-05";98.0
"1255799788";"Severka Čokoládové pastelky Dinosauři 100 g";"Severka";"Heureka.cz|Jídlo a nápoje|Sladkosti|Čokoládové figurky|Severka Čokoládové pastelky Dinosauři 100 g";"2025-11-05";99.0
"1255799788";"Severka Čokoládové pastelky Dinosauři 100 g";"Severka";"Heureka.cz|Jídlo a nápoje|Sladkosti|Čokoládové figurky|Severka Čokoládové pastelky Dinosauři 100 g";"2025-11-05";100.0
"1255799788";"Severka Čokoládové pastelky Dinosauři 100 g";"Severka";"Heureka.cz|Jídlo a nápoje|Sladkosti|Čokoládové figurky|Severka Čokoládové pastelky Dinosauři 100 g";"2025-11-05";100.0
"1255799788";"Severka Čokoládové pastelky Dinosauři 100 g";"Severka";"Heureka.cz|Jídlo a nápoje|Sladkosti|Čokoládové figurky|Severka Čokoládové pastelky Dinosauři 100 g";"2025-11-05";107.0
"1255799788";"Severka Čokoládové pastelky Dinosauři 100 g";"Severka";"Heureka.cz|Jídlo a nápoje|Sladkosti|Čokoládové figurky|Severka Čokoládové pastelky Dinosauři 100 g";"2025-11-05";108.0
"1255799788";"Severka Čokoládové pastelky Dinosauři 100 g";"Severka";"Heureka.cz|Jídlo a nápoje|Sladkosti|Čokoládové figurky|Severka Čokoládové pastelky Dinosauři 100 g";"2025-11-05";109.0
"1255799788";"Severka Čokoládové pastelky Dinosauři 100 g";"Severka";"Heureka.cz|Jídlo a nápoje|Sladkosti|Čokoládové figurky|Severka Čokoládové pastelky Dinosauři 100 g";"2025-11-05";112.0
"1255799788";"Severka Čokoládové pastelky Dinosauři 100 g";"Severka";"Heureka.cz|Jídlo a nápoje|Sladkosti|Čokoládové figurky|Severka Čokoládové pastelky Dinosauři 100 g";"2025-11-05";120.0
"1255799788";"Severka Čokoládové pastelky Dinosauři 100 g";"Severka";"Heureka.cz|Jídlo a nápoje|Sladkosti|Čokoládové figurky|Severka Čokoládové pastelky Dinosauři 100 g";"2025-11-05";120.0
"1255799788";"Severka Čokoládové pastelky Dinosauři 100 g";"Severka";"Heureka.cz|Jídlo a nápoje|Sladkosti|Čokoládové figurky|Severka Čokoládové pastelky Dinosauři 100 g";"2025-11-05";120.0
"1255799788";"Severka Čokoládové pastelky Dinosauři 100 g";"Severka";"Heureka.cz|Jídlo a nápoje|Sladkosti|Čokoládové figurky|Severka Čokoládové pastelky Dinosauři 100 g";"2025-11-05";155.0
"1255799788";"Severka Čokoládové pastelky Dinosauři 100 g";"Severka";"Heureka.cz|Jídlo a nápoje|Sladkosti|Čokoládové figurky|Severka Čokoládové pastelky Dinosauři 100 g";"2025-11-06";114.0
"1255799788";"Severka Čokoládové pastelky Dinosauři 100 g";"Severka";"Heureka.cz|Jídlo a nápoje|Sladkosti|Čokoládové figurky|Severka Čokoládové pastelky Dinosauři 100 g";"2025-11-06";155.0
"1255799788";"Severka Čokoládové pastelky Dinosauři 100 g";"Severka";"Heureka.cz|Jídlo a nápoje|Sladkosti|Čokoládové figurky|Severka Čokoládové pastelky Dinosauři 100 g";"2025-11-06";83.0
"1255799788";"Severka Čokoládové pastelky Dinosauři 100 g";"Severka";"Heureka.cz|Jídlo a nápoje|Sladkosti|Čokoládové figurky|Severka Čokoládové pastelky Dinosauři 100 g";"2025-11-06";95.0
"1255799788";"Severka Čokoládové pastelky Dinosauři 100 g";"Severka";"Heureka.cz|Jídlo a nápoje|Sladkosti|Čokoládové figurky|Severka Čokoládové pastelky Dinosauři 100 g";"2025-11-06";95.0
"1255799788";"Severka Čokoládové pastelky Dinosauři 100 g";"Severka";"Heureka.cz|Jídlo a nápoje|Sladkosti|Čokoládové figurky|Severka Čokoládové pastelky Dinosauři 100 g";"2025-11-06";98.0
"1255799788";"Severka Čokoládové pastelky Dinosauři 100 g";"Severka";"Heureka.cz|Jídlo a nápoje|Sladkosti|Čokoládové figurky|Severka Čokoládové pastelky Dinosauři 100 g";"2025-11-06";99.0
"1255799788";"Severka Čokoládové pastelky Dinosauři 100 g";"Severka";"Heureka.cz|Jídlo a nápoje|Sladkosti|Čokoládové figurky|Severka Čokoládové pastelky Dinosauři 100 g";"2025-11-06";100.0
"1255799788";"Severka Čokoládové pastelky Dinosauři 100 g";"Severka";"Heureka.cz|Jídlo a nápoje|Sladkosti|Čokoládové figurky|Severka Čokoládové pastelky Dinosauři 100 g";"2025-11-06";107.0
"1255799788";"Severka Čokoládové pastelky Dinosauři 100 g";"Severka";"Heureka.cz|Jídlo a nápoje|Sladkosti|Čokoládové figurky|Severka Čokoládové pastelky Dinosauři 100 g";"2025-11-06";108.0
"1255799788";"Severka Čokoládové pastelky Dinosauři 100 g";"Severka";"Heureka.cz|Jídlo a nápoje|Sladkosti|Čokoládové figurky|Severka Čokoládové pastelky Dinosauři 100 g";"2025-11-06";109.0
"1255799788";"Severka Čokoládové pastelky Dinosauři 100 g";"Severka";"Heureka.cz|Jídlo a nápoje|Sladkosti|Čokoládové figurky|Severka Čokoládové pastelky Dinosauři 100 g";"2025-11-06";112.0
"1255799788";"Severka Čokoládové pastelky Dinosauři 100 g";"Severka";"Heureka.cz|Jídlo a nápoje|Sladkosti|Čokoládové figurky|Severka Čokoládové pastelky Dinosauři 100 g";"2025-11-06";120.0
"1255799788";"Severka Čokoládové pastelky Dinosauři 100 g";"Severka";"Heureka.cz|Jídlo a nápoje|Sladkosti|Čokoládové figurky|Severka Čokoládové pastelky Dinosauři 100 g";"2025-11-06";120.0
"1255799788";"Severka Čokoládové pastelky Dinosauři 100 g";"Severka";"Heureka.cz|Jídlo a nápoje|Sladkosti|Čokoládové figurky|Severka Čokoládové pastelky Dinosauři 100 g";"2025-11-06";129.0
"1255799788";"Severka Čokoládové pastelky Dinosauři 100 g";"Severka";"Heureka.cz|Jídlo a nápoje|Sladkosti|Čokoládové figurky|Severka Čokoládové pastelky Dinosauři 100 g";"2025-11-06";155.0
"1255799788";"Severka Čokoládové pastelky Dinosauři 100 g";"Severka";"Heureka.cz|Jídlo a nápoje|Sladkosti|Čokoládové figurky|Severka Čokoládové pastelky Dinosauři 100 g";"2025-11-07";114.0
"1255799788";"Severka Čokoládové pastelky Dinosauři 100 g";"Severka";"Heureka.cz|Jídlo a nápoje|Sladkosti|Čokoládové figurky|Severka Čokoládové pastelky Dinosauři 100 g";"2025-11-07";155.0
"1255799788";"Severka Čokoládové pastelky Dinosauři 100 g";"Severka";"Heureka.cz|Jídlo a nápoje|Sladkosti|Čokoládové figurky|Severka Čokoládové pastelky Dinosauři 100 g";"2025-11-07";83.0
"1255799788";"Severka Čokoládové pastelky Dinosauři 100 g";"Severka";"Heureka.cz|Jídlo a nápoje|Sladkosti|Čokoládové figurky|Severka Čokoládové pastelky Dinosauři 100 g";"2025-11-07";95.0
"1255799788";"Severka Čokoládové pastelky Dinosauři 100 g";"Severka";"Heureka.cz|Jídlo a nápoje|Sladkosti|Čokoládové figurky|Severka Čokoládové pastelky Dinosauři 100 g";"2025-11-07";95.0
"1255799788";"Severka Čokoládové pastelky Dinosauři 100 g";"Severka";"Heureka.cz|Jídlo a nápoje|Sladkosti|Čokoládové figurky|Severka Čokoládové pastelky Dinosauři 100 g";"2025-11-07";98.0
"1255799788";"Severka Čokoládové pastelky Dinosauři 100 g";"Severka";"Heureka.cz|Jídlo a nápoje|Sladkosti|Čokoládové figurky|Severka Čokoládové pastelky Dinosauři 100 g";"2025-11-07";99.0
"1255799788";"Severka Čokoládové pastelky Dinosauři 100 g";"Severka";"Heureka.cz|Jídlo a nápoje|Sladkosti|Čokoládové figurky|Severka Čokoládové pastelky Dinosauři 100 g";"2025-11-07";100.0
"1255799788";"Severka Čokoládové pastelky Dinosauři 100 g";"Severka";"Heureka.cz|Jídlo a nápoje|Sladkosti|Čokoládové figurky|Severka Čokoládové pastelky Dinosauři 100 g";"2025-11-07";100.0
"1255799788";"Severka Čokoládové pastelky Dinosauři 100 g";"Severka";"Heureka.cz|Jídlo a nápoje|Sladkosti|Čokoládové figurky|Severka Čokoládové pastelky Dinosauři 100 g";"2025-11-07";107.0
"1255799788";"Severka Čokoládové pastelky Dinosauři 100 g";"Severka";"Heureka.cz|Jídlo a nápoje|Sladkosti|Čokoládové figurky|Severka Čokoládové pastelky Dinosauři 100 g";"2025-11-07";108.0
"1255799788";"Severka Čokoládové pastelky Dinosauři 100 g";"Severka";"Heureka.cz|Jídlo a nápoje|Sladkosti|Čokoládové figurky|Severka Čokoládové pastelky Dinosauři 100 g";"2025-11-07";109.0
"1255799788";"Severka Čokoládové pastelky Dinosauři 100 g";"Severka";"Heureka.cz|Jídlo a nápoje|Sladkosti|Čokoládové figurky|Severka Čokoládové pastelky Dinosauři 100 g";"2025-11-07";112.0
"1255799788";"Severka Čokoládové pastelky Dinosauři 100 g";"Severka";"Heureka.cz|Jídlo a nápoje|Sladkosti|Čokoládové figurky|Severka Čokoládové pastelky Dinosauři 100 g";"2025-11-07";120.0
"1255799788";"Severka Čokoládové pastelky Dinosauři 100 g";"Severka";"Heureka.cz|Jídlo a nápoje|Sladkosti|Čokoládové figurky|Severka Čokoládové pastelky Dinosauři 100 g";"2025-11-07";120.0
"1255799788";"Severka Čokoládové pastelky Dinosauři 100 g";"Severka";"Heureka.cz|Jídlo a nápoje|Sladkosti|Čokoládové figurky|Severka Čokoládové pastelky Dinosauři 100 g";"2025-11-07";155.0
"1255799788";"Severka Čokoládové pastelky Dinosauři 100 g";"Severka";"Heureka.cz|Jídlo a nápoje|Sladkosti|Čokoládové figurky|Severka Čokoládové pastelky Dinosauři 100 g";"2025-11-08";114.0
"1255799788";"Severka Čokoládové pastelky Dinosauři 100 g";"Severka";"Heureka.cz|Jídlo a nápoje|Sladkosti|Čokoládové figurky|Severka Čokoládové pastelky Dinosauři 100 g";"2025-11-08";155.0
"1255799788";"Severka Čokoládové pastelky Dinosauři 100 g";"Severka";"Heureka.cz|Jídlo a nápoje|Sladkosti|Čokoládové figurky|Severka Čokoládové pastelky Dinosauři 100 g";"2025-11-08";83.0
"1255799788";"Severka Čokoládové pastelky Dinosauři 100 g";"Severka";"Heureka.cz|Jídlo a nápoje|Sladkosti|Čokoládové figurky|Severka Čokoládové pastelky Dinosauři 100 g";"2025-11-08";95.0
"1255799788";"Severka Čokoládové pastelky Dinosauři 100 g";"Severka";"Heureka.cz|Jídlo a nápoje|Sladkosti|Čokoládové figurky|Severka Čokoládové pastelky Dinosauři 100 g";"2025-11-08";95.0
"1255799788";"Severka Čokoládové pastelky Dinosauři 100 g";"Severka";"Heureka.cz|Jídlo a nápoje|Sladkosti|Čokoládové figurky|Severka Čokoládové pastelky Dinosauři 100 g";"2025-11-08";100.0
"1255799788";"Severka Čokoládové pastelky Dinosauři 100 g";"Severka";"Heureka.cz|Jídlo a nápoje|Sladkosti|Čokoládové figurky|Severka Čokoládové pastelky Dinosauři 100 g";"2025-11-08";107.0
"1255799788";"Severka Čokoládové pastelky Dinosauři 100 g";"Severka";"Heureka.cz|Jídlo a nápoje|Sladkosti|Čokoládové figurky|Severka Čokoládové pastelky Dinosauři 100 g";"2025-11-08";108.0
"1255799788";"Severka Čokoládové pastelky Dinosauři 100 g";"Severka";"Heureka.cz|Jídlo a nápoje|Sladkosti|Čokoládové figurky|Severka Čokoládové pastelky Dinosauři 100 g";"2025-11-08";109.0
"1255799788";"Severka Čokoládové pastelky Dinosauři 100 g";"Severka";"Heureka.cz|Jídlo a nápoje|Sladkosti|Čokoládové figurky|Severka Čokoládové pastelky Dinosauři 100 g";"2025-11-08";112.0
"1255799788";"Severka Čokoládové pastelky Dinosauři 100 g";"Severka";"Heureka.cz|Jídlo a nápoje|Sladkosti|Čokoládové figurky|Severka Čokoládové pastelky Dinosauři 100 g";"2025-11-08";120.0
"1255799788";"Severka Čokoládové pastelky Dinosauři 100 g";"Severka";"Heureka.cz|Jídlo a nápoje|Sladkosti|Čokoládové figurky|Severka Čokoládové pastelky Dinosauři 100 g";"2025-11-08";120.0
"1255799788";"Severka Čokoládové pastelky Dinosauři 100 g";"Severka";"Heureka.cz|Jídlo a nápoje|Sladkosti|Čokoládové figurky|Severka Čokoládové pastelky Dinosauři 100 g";"2025-11-08";129.0
"1255799788";"Severka Čokoládové pastelky Dinosauři 100 g";"Severka";"Heureka.cz|Jídlo a nápoje|Sladkosti|Čokoládové figurky|Severka Čokoládové pastelky Dinosauři 100 g";"2025-11-08";155.0
"1255799788";"Severka Čokoládové pastelky Dinosauři 100 g";"Severka";"Heureka.cz|Jídlo a nápoje|Sladkosti|Čokoládové figurky|Severka Čokoládové pastelky Dinosauři 100 g";"2025-11-09";114.0
"1255799788";"Severka Čokoládové pastelky Dinosauři 100 g";"Severka";"Heureka.cz|Jídlo a nápoje|Sladkosti|Čokoládové figurky|Severka Čokoládové pastelky Dinosauři 100 g";"2025-11-09";155.0
"1255799788";"Severka Čokoládové pastelky Dinosauři 100 g";"Severka";"Heureka.cz|Jídlo a nápoje|Sladkosti|Čokoládové figurky|Severka Čokoládové pastelky Dinosauři 100 g";"2025-11-09";83.0
"1255799788";"Severka Čokoládové pastelky Dinosauři 100 g";"Severka";"Heureka.cz|Jídlo a nápoje|Sladkosti|Čokoládové figurky|Severka Čokoládové pastelky Dinosauři 100 g";"2025-11-09";95.0
"1255799788";"Severka Čokoládové pastelky Dinosauři 100 g";"Severka";"Heureka.cz|Jídlo a nápoje|Sladkosti|Čokoládové figurky|Severka Čokoládové pastelky Dinosauři 100 g";"2025-11-09";95.0
"1255799788";"Severka Čokoládové pastelky Dinosauři 100 g";"Severka";"Heureka.cz|Jídlo a nápoje|Sladkosti|Čokoládové figurky|Severka Čokoládové pastelky Dinosauři 100 g";"2025-11-09";100.0
"1255799788";"Severka Čokoládové pastelky Dinosauři 100 g";"Severka";"Heureka.cz|Jídlo a nápoje|Sladkosti|Čokoládové figurky|Severka Čokoládové pastelky Dinosauři 100 g";"2025-11-09";107.0
"1255799788";"Severka Čokoládové pastelky Dinosauři 100 g";"Severka";"Heureka.cz|Jídlo a nápoje|Sladkosti|Čokoládové figurky|Severka Čokoládové pastelky Dinosauři 100 g";"2025-11-09";107.0
"1255799788";"Severka Čokoládové pastelky Dinosauři 100 g";"Severka";"Heureka.cz|Jídlo a nápoje|Sladkosti|Čokoládové figurky|Severka Čokoládové pastelky Dinosauři 100 g";"2025-11-09";108.0
"1255799788";"Severka Čokoládové pastelky Dinosauři 100 g";"Severka";"Heureka.cz|Jídlo a nápoje|Sladkosti|Čokoládové figurky|Severka Čokoládové pastelky Dinosauři 100 g";"2025-11-09";109.0
"1255799788";"Severka Čokoládové pastelky Dinosauři 100 g";"Severka";"Heureka.cz|Jídlo a nápoje|Sladkosti|Čokoládové figurky|Severka Čokoládové pastelky Dinosauři 100 g";"2025-11-09";112.0
"1255799788";"Severka Čokoládové pastelky Dinosauři 100 g";"Severka";"Heureka.cz|Jídlo a nápoje|Sladkosti|Čokoládové figurky|Severka Čokoládové pastelky Dinosauři 100 g";"2025-11-09";120.0
"1255799788";"Severka Čokoládové pastelky Dinosauři 100 g";"Severka";"Heureka.cz|Jídlo a nápoje|Sladkosti|Čokoládové figurky|Severka Čokoládové pastelky Dinosauři 100 g";"2025-11-09";120.0
"1255799788";"Severka Čokoládové pastelky Dinosauři 100 g";"Severka";"Heureka.cz|Jídlo a nápoje|Sladkosti|Čokoládové figurky|Severka Čokoládové pastelky Dinosauři 100 g";"2025-11-09";155.0
"1255799788";"Severka Čokoládové pastelky Dinosauři 100 g";"Severka";"Heureka.cz|Jídlo a nápoje|Sladkosti|Čokoládové figurky|Severka Čokoládové pastelky Dinosauři 100 g";"2025-11-10";155.0
"1255799788";"Severka Čokoládové pastelky Dinosauři 100 g";"Severka";"Heureka.cz|Jídlo a nápoje|Sladkosti|Čokoládové figurky|Severka Čokoládové pastelky Dinosauři 100 g";"2025-11-10";95.0
"1255799788";"Severka Čokoládové pastelky Dinosauři 100 g";"Severka";"Heureka.cz|Jídlo a nápoje|Sladkosti|Čokoládové figurky|Severka Čokoládové pastelky Dinosauři 100 g";"2025-11-10";95.0
"1255799788";"Severka Čokoládové pastelky Dinosauři 100 g";"Severka";"Heureka.cz|Jídlo a nápoje|Sladkosti|Čokoládové figurky|Severka Čokoládové pastelky Dinosauři 100 g";"2025-11-10";99.0
"1255799788";"Severka Čokoládové pastelky Dinosauři 100 g";"Severka";"Heureka.cz|Jídlo a nápoje|Sladkosti|Čokoládové figurky|Severka Čokoládové pastelky Dinosauři 100 g";"2025-11-10";100.0
"1255799788";"Severka Čokoládové pastelky Dinosauři 100 g";"Severka";"Heureka.cz|Jídlo a nápoje|Sladkosti|Čokoládové figurky|Severka Čokoládové pastelky Dinosauři 100 g";"2025-11-10";108.0
"1255799788";"Severka Čokoládové pastelky Dinosauři 100 g";"Severka";"Heureka.cz|Jídlo a nápoje|Sladkosti|Čokoládové figurky|Severka Čokoládové pastelky Dinosauři 100 g";"2025-11-10";108.0
"1255799788";"Severka Čokoládové pastelky Dinosauři 100 g";"Severka";"Heureka.cz|Jídlo a nápoje|Sladkosti|Čokoládové figurky|Severka Čokoládové pastelky Dinosauři 100 g";"2025-11-10";109.0
"1255799788";"Severka Čokoládové pastelky Dinosauři 100 g";"Severka";"Heureka.cz|Jídlo a nápoje|Sladkosti|Čokoládové figurky|Severka Čokoládové pastelky Dinosauři 100 g";"2025-11-10";109.0
"1255799788";"Severka Čokoládové pastelky Dinosauři 100 g";"Severka";"Heureka.cz|Jídlo a nápoje|Sladkosti|Čokoládové figurky|Severka Čokoládové pastelky Dinosauři 100 g";"2025-11-10";112.0
"1255799788";"Severka Čokoládové pastelky Dinosauři 100 g";"Severka";"Heureka.cz|Jídlo a nápoje|Sladkosti|Čokoládové figurky|Severka Čokoládové pastelky Dinosauři 100 g";"2025-11-10";114.0
"1255799788";"Severka Čokoládové pastelky Dinosauři 100 g";"Severka";"Heureka.cz|Jídlo a nápoje|Sladkosti|Čokoládové figurky|Severka Čokoládové pastelky Dinosauři 100 g";"2025-11-10";120.0
"1255799788";"Severka Čokoládové pastelky Dinosauři 100 g";"Severka";"Heureka.cz|Jídlo a nápoje|Sladkosti|Čokoládové figurky|Severka Čokoládové pastelky Dinosauři 100 g";"2025-11-10";120.0
"1255799788";"Severka Čokoládové pastelky Dinosauři 100 g";"Severka";"Heureka.cz|Jídlo a nápoje|Sladkosti|Čokoládové figurky|Severka Čokoládové pastelky Dinosauři 100 g";"2025-11-10";155.0
"1255799788";"Severka Čokoládové pastelky Dinosauři 100 g";"Severka";"Heureka.cz|Jídlo a nápoje|Sladkosti|Čokoládové figurky|Severka Čokoládové pastelky Dinosauři 100 g";"2025-11-11";114.0
"1255799788";"Severka Čokoládové pastelky Dinosauři 100 g";"Severka";"Heureka.cz|Jídlo a nápoje|Sladkosti|Čokoládové figurky|Severka Čokoládové pastelky Dinosauři 100 g";"2025-11-11";155.0
"1255799788";"Severka Čokoládové pastelky Dinosauři 100 g";"Severka";"Heureka.cz|Jídlo a nápoje|Sladkosti|Čokoládové figurky|Severka Čokoládové pastelky Dinosauři 100 g";"2025-11-11";83.0
"1255799788";"Severka Čokoládové pastelky Dinosauři 100 g";"Severka";"Heureka.cz|Jídlo a nápoje|Sladkosti|Čokoládové figurky|Severka Čokoládové pastelky Dinosauři 100 g";"2025-11-11";95.0
"1255799788";"Severka Čokoládové pastelky Dinosauři 100 g";"Severka";"Heureka.cz|Jídlo a nápoje|Sladkosti|Čokoládové figurky|Severka Čokoládové pastelky Dinosauři 100 g";"2025-11-11";95.0
"1255799788";"Severka Čokoládové pastelky Dinosauři 100 g";"Severka";"Heureka.cz|Jídlo a nápoje|Sladkosti|Čokoládové figurky|Severka Čokoládové pastelky Dinosauři 100 g";"2025-11-11";98.0
"1255799788";"Severka Čokoládové pastelky Dinosauři 100 g";"Severka";"Heureka.cz|Jídlo a nápoje|Sladkosti|Čokoládové figurky|Severka Čokoládové pastelky Dinosauři 100 g";"2025-11-11";99.0
"1255799788";"Severka Čokoládové pastelky Dinosauři 100 g";"Severka";"Heureka.cz|Jídlo a nápoje|Sladkosti|Čokoládové figurky|Severka Čokoládové pastelky Dinosauři 100 g";"2025-11-11";100.0
"1255799788";"Severka Čokoládové pastelky Dinosauři 100 g";"Severka";"Heureka.cz|Jídlo a nápoje|Sladkosti|Čokoládové figurky|Severka Čokoládové pastelky Dinosauři 100 g";"2025-11-11";107.0
"1255799788";"Severka Čokoládové pastelky Dinosauři 100 g";"Severka";"Heureka.cz|Jídlo a nápoje|Sladkosti|Čokoládové figurky|Severka Čokoládové pastelky Dinosauři 100 g";"2025-11-11";108.0
"1255799788";"Severka Čokoládové pastelky Dinosauři 100 g";"Severka";"Heureka.cz|Jídlo a nápoje|Sladkosti|Čokoládové figurky|Severka Čokoládové pastelky Dinosauři 100 g";"2025-11-11";109.0
"1255799788";"Severka Čokoládové pastelky Dinosauři 100 g";"Severka";"Heureka.cz|Jídlo a nápoje|Sladkosti|Čokoládové figurky|Severka Čokoládové pastelky Dinosauři 100 g";"2025-11-11";112.0
"1255799788";"Severka Čokoládové pastelky Dinosauři 100 g";"Severka";"Heureka.cz|Jídlo a nápoje|Sladkosti|Čokoládové figurky|Severka Čokoládové pastelky Dinosauři 100 g";"2025-11-11";119.0
"1255799788";"Severka Čokoládové pastelky Dinosauři 100 g";"Severka";"Heureka.cz|Jídlo a nápoje|Sladkosti|Čokoládové figurky|Severka Čokoládové pastelky Dinosauři 100 g";"2025-11-11";120.0
"1255799788";"Severka Čokoládové pastelky Dinosauři 100 g";"Severka";"Heureka.cz|Jídlo a nápoje|Sladkosti|Čokoládové figurky|Severka Čokoládové pastelky Dinosauři 100 g";"2025-11-11";120.0
"1255799788";"Severka Čokoládové pastelky Dinosauři 100 g";"Severka";"Heureka.cz|Jídlo a nápoje|Sladkosti|Čokoládové figurky|Severka Čokoládové pastelky Dinosauři 100 g";"2025-11-11";155.0
"1255799788";"Severka Čokoládové pastelky Dinosauři 100 g";"Severka";"Heureka.cz|Jídlo a nápoje|Sladkosti|Čokoládové figurky|Severka Čokoládové pastelky Dinosauři 100 g";"2025-11-12";114.0
"1255799788";"Severka Čokoládové pastelky Dinosauři 100 g";"Severka";"Heureka.cz|Jídlo a nápoje|Sladkosti|Čokoládové figurky|Severka Čokoládové pastelky Dinosauři 100 g";"2025-11-12";155.0
"1255799788";"Severka Čokoládové pastelky Dinosauři 100 g";"Severka";"Heureka.cz|Jídlo a nápoje|Sladkosti|Čokoládové figurky|Severka Čokoládové pastelky Dinosauři 100 g";"2025-11-12";83.0
"1255799788";"Severka Čokoládové pastelky Dinosauři 100 g";"Severka";"Heureka.cz|Jídlo a nápoje|Sladkosti|Čokoládové figurky|Severka Čokoládové pastelky Dinosauři 100 g";"2025-11-12";95.0
"1255799788";"Severka Čokoládové pastelky Dinosauři 100 g";"Severka";"Heureka.cz|Jídlo a nápoje|Sladkosti|Čokoládové figurky|Severka Čokoládové pastelky Dinosauři 100 g";"2025-11-12";95.0
"1255799788";"Severka Čokoládové pastelky Dinosauři 100 g";"Severka";"Heureka.cz|Jídlo a nápoje|Sladkosti|Čokoládové figurky|Severka Čokoládové pastelky Dinosauři 100 g";"2025-11-12";98.0
"1255799788";"Severka Čokoládové pastelky Dinosauři 100 g";"Severka";"Heureka.cz|Jídlo a nápoje|Sladkosti|Čokoládové figurky|Severka Čokoládové pastelky Dinosauři 100 g";"2025-11-12";99.0
"1255799788";"Severka Čokoládové pastelky Dinosauři 100 g";"Severka";"Heureka.cz|Jídlo a nápoje|Sladkosti|Čokoládové figurky|Severka Čokoládové pastelky Dinosauři 100 g";"2025-11-12";100.0
"1255799788";"Severka Čokoládové pastelky Dinosauři 100 g";"Severka";"Heureka.cz|Jídlo a nápoje|Sladkosti|Čokoládové figurky|Severka Čokoládové pastelky Dinosauři 100 g";"2025-11-12";107.0
"1255799788";"Severka Čokoládové pastelky Dinosauři 100 g";"Severka";"Heureka.cz|Jídlo a nápoje|Sladkosti|Čokoládové figurky|Severka Čokoládové pastelky Dinosauři 100 g";"2025-11-12";108.0
"1255799788";"Severka Čokoládové pastelky Dinosauři 100 g";"Severka";"Heureka.cz|Jídlo a nápoje|Sladkosti|Čokoládové figurky|Severka Čokoládové pastelky Dinosauři 100 g";"2025-11-12";109.0
"1255799788";"Severka Čokoládové pastelky Dinosauři 100 g";"Severka";"Heureka.cz|Jídlo a nápoje|Sladkosti|Čokoládové figurky|Severka Čokoládové pastelky Dinosauři 100 g";"2025-11-12";112.0
"1255799788";"Severka Čokoládové pastelky Dinosauři 100 g";"Severka";"Heureka.cz|Jídlo a nápoje|Sladkosti|Čokoládové figurky|Severka Čokoládové pastelky Dinosauři 100 g";"2025-11-12";119.0
"1255799788";"Severka Čokoládové pastelky Dinosauři 100 g";"Severka";"Heureka.cz|Jídlo a nápoje|Sladkosti|Čokoládové figurky|Severka Čokoládové pastelky Dinosauři 100 g";"2025-11-12";120.0
"1255799788";"Severka Čokoládové pastelky Dinosauři 100 g";"Severka";"Heureka.cz|Jídlo a nápoje|Sladkosti|Čokoládové figurky|Severka Čokoládové pastelky Dinosauři 100 g";"2025-11-12";120.0
"1255799788";"Severka Čokoládové pastelky Dinosauři 100 g";"Severka";"Heureka.cz|Jídlo a nápoje|Sladkosti|Čokoládové figurky|Severka Čokoládové pastelky Dinosauři 100 g";"2025-11-12";155.0
"1255799788";"Severka Čokoládové pastelky Dinosauři 100 g";"Severka";"Heureka.cz|Jídlo a nápoje|Sladkosti|Čokoládové figurky|Severka Čokoládové pastelky Dinosauři 100 g";"2025-11-13";155.0
"1255799788";"Severka Čokoládové pastelky Dinosauři 100 g";"Severka";"Heureka.cz|Jídlo a nápoje|Sladkosti|Čokoládové figurky|Severka Čokoládové pastelky Dinosauři 100 g";"2025-11-13";83.0
"1255799788";"Severka Čokoládové pastelky Dinosauři 100 g";"Severka";"Heureka.cz|Jídlo a nápoje|Sladkosti|Čokoládové figurky|Severka Čokoládové pastelky Dinosauři 100 g";"2025-11-13";95.0
"1255799788";"Severka Čokoládové pastelky Dinosauři 100 g";"Severka";"Heureka.cz|Jídlo a nápoje|Sladkosti|Čokoládové figurky|Severka Čokoládové pastelky Dinosauři 100 g";"2025-11-13";95.0
"1255799788";"Severka Čokoládové pastelky Dinosauři 100 g";"Severka";"Heureka.cz|Jídlo a nápoje|Sladkosti|Čokoládové figurky|Severka Čokoládové pastelky Dinosauři 100 g";"2025-11-13";98.0
"1255799788";"Severka Čokoládové pastelky Dinosauři 100 g";"Severka";"Heureka.cz|Jídlo a nápoje|Sladkosti|Čokoládové figurky|Severka Čokoládové pastelky Dinosauři 100 g";"2025-11-13";99.0
"1255799788";"Severka Čokoládové pastelky Dinosauři 100 g";"Severka";"Heureka.cz|Jídlo a nápoje|Sladkosti|Čokoládové figurky|Severka Čokoládové pastelky Dinosauři 100 g";"2025-11-13";100.0
"1255799788";"Severka Čokoládové pastelky Dinosauři 100 g";"Severka";"Heureka.cz|Jídlo a nápoje|Sladkosti|Čokoládové figurky|Severka Čokoládové pastelky Dinosauři 100 g";"2025-11-13";100.0
"1255799788";"Severka Čokoládové pastelky Dinosauři 100 g";"Severka";"Heureka.cz|Jídlo a nápoje|Sladkosti|Čokoládové figurky|Severka Čokoládové pastelky Dinosauři 100 g";"2025-11-13";107.0
"1255799788";"Severka Čokoládové pastelky Dinosauři 100 g";"Severka";"Heureka.cz|Jídlo a nápoje|Sladkosti|Čokoládové figurky|Severka Čokoládové pastelky Dinosauři 100 g";"2025-11-13";108.0
"1255799788";"Severka Čokoládové pastelky Dinosauři 100 g";"Severka";"Heureka.cz|Jídlo a nápoje|Sladkosti|Čokoládové figurky|Severka Čokoládové pastelky Dinosauři 100 g";"2025-11-13";109.0
"1255799788";"Severka Čokoládové pastelky Dinosauři 100 g";"Severka";"Heureka.cz|Jídlo a nápoje|Sladkosti|Čokoládové figurky|Severka Čokoládové pastelky Dinosauři 100 g";"2025-11-13";112.0
"1255799788";"Severka Čokoládové pastelky Dinosauři 100 g";"Severka";"Heureka.cz|Jídlo a nápoje|Sladkosti|Čokoládové figurky|Severka Čokoládové pastelky Dinosauři 100 g";"2025-11-13";114.0
"1255799788";"Severka Čokoládové pastelky Dinosauři 100 g";"Severka";"Heureka.cz|Jídlo a nápoje|Sladkosti|Čokoládové figurky|Severka Čokoládové pastelky Dinosauři 100 g";"2025-11-13";120.0
"1255799788";"Severka Čokoládové pastelky Dinosauři 100 g";"Severka";"Heureka.cz|Jídlo a nápoje|Sladkosti|Čokoládové figurky|Severka Čokoládové pastelky Dinosauři 100 g";"2025-11-13";120.0
"1255799788";"Severka Čokoládové pastelky Dinosauři 100 g";"Severka";"Heureka.cz|Jídlo a nápoje|Sladkosti|Čokoládové figurky|Severka Čokoládové pastelky Dinosauři 100 g";"2025-11-13";155.0
"1255799788";"Severka Čokoládové pastelky Dinosauři 100 g";"Severka";"Heureka.cz|Jídlo a nápoje|Sladkosti|Čokoládové figurky|Severka Čokoládové pastelky Dinosauři 100 g";"2025-11-14";114.0
"1255799788";"Severka Čokoládové pastelky Dinosauři 100 g";"Severka";"Heureka.cz|Jídlo a nápoje|Sladkosti|Čokoládové figurky|Severka Čokoládové pastelky Dinosauři 100 g";"2025-11-14";155.0
"1255799788";"Severka Čokoládové pastelky Dinosauři 100 g";"Severka";"Heureka.cz|Jídlo a nápoje|Sladkosti|Čokoládové figurky|Severka Čokoládové pastelky Dinosauři 100 g";"2025-11-14";83.0
"1255799788";"Severka Čokoládové pastelky Dinosauři 100 g";"Severka";"Heureka.cz|Jídlo a nápoje|Sladkosti|Čokoládové figurky|Severka Čokoládové pastelky Dinosauři 100 g";"2025-11-14";95.0
"1255799788";"Severka Čokoládové pastelky Dinosauři 100 g";"Severka";"Heureka.cz|Jídlo a nápoje|Sladkosti|Čokoládové figurky|Severka Čokoládové pastelky Dinosauři 100 g";"2025-11-14";95.0
"1255799788";"Severka Čokoládové pastelky Dinosauři 100 g";"Severka";"Heureka.cz|Jídlo a nápoje|Sladkosti|Čokoládové figurky|Severka Čokoládové pastelky Dinosauři 100 g";"2025-11-14";98.0
"1255799788";"Severka Čokoládové pastelky Dinosauři 100 g";"Severka";"Heureka.cz|Jídlo a nápoje|Sladkosti|Čokoládové figurky|Severka Čokoládové pastelky Dinosauři 100 g";"2025-11-14";99.0
"1255799788";"Severka Čokoládové pastelky Dinosauři 100 g";"Severka";"Heureka.cz|Jídlo a nápoje|Sladkosti|Čokoládové figurky|Severka Čokoládové pastelky Dinosauři 100 g";"2025-11-14";100.0
"1255799788";"Severka Čokoládové pastelky Dinosauři 100 g";"Severka";"Heureka.cz|Jídlo a nápoje|Sladkosti|Čokoládové figurky|Severka Čokoládové pastelky Dinosauři 100 g";"2025-11-14";100.0
"1255799788";"Severka Čokoládové pastelky Dinosauři 100 g";"Severka";"Heureka.cz|Jídlo a nápoje|Sladkosti|Čokoládové figurky|Severka Čokoládové pastelky Dinosauři 100 g";"2025-11-14";107.0
"1255799788";"Severka Čokoládové pastelky Dinosauři 100 g";"Severka";"Heureka.cz|Jídlo a nápoje|Sladkosti|Čokoládové figurky|Severka Čokoládové pastelky Dinosauři 100 g";"2025-11-14";108.0
"1255799788";"Severka Čokoládové pastelky Dinosauři 100 g";"Severka";"Heureka.cz|Jídlo a nápoje|Sladkosti|Čokoládové figurky|Severka Čokoládové pastelky Dinosauři 100 g";"2025-11-14";109.0
"1255799788";"Severka Čokoládové pastelky Dinosauři 100 g";"Severka";"Heureka.cz|Jídlo a nápoje|Sladkosti|Čokoládové figurky|Severka Čokoládové pastelky Dinosauři 100 g";"2025-11-14";112.0
"1255799788";"Severka Čokoládové pastelky Dinosauři 100 g";"Severka";"Heureka.cz|Jídlo a nápoje|Sladkosti|Čokoládové figurky|Severka Čokoládové pastelky Dinosauři 100 g";"2025-11-14";120.0
"1255799788";"Severka Čokoládové pastelky Dinosauři 100 g";"Severka";"Heureka.cz|Jídlo a nápoje|Sladkosti|Čokoládové figurky|Severka Čokoládové pastelky Dinosauři 100 g";"2025-11-14";120.0
"1255799788";"Severka Čokoládové pastelky Dinosauři 100 g";"Severka";"Heureka.cz|Jídlo a nápoje|Sladkosti|Čokoládové figurky|Severka Čokoládové pastelky Dinosauři 100 g";"2025-11-14";155.0
"1255799788";"Severka Čokoládové pastelky Dinosauři 100 g";"Severka";"Heureka.cz|Jídlo a nápoje|Sladkosti|Čokoládové figurky|Severka Čokoládové pastelky Dinosauři 100 g";"2025-11-15";114.0
"1255799788";"Severka Čokoládové pastelky Dinosauři 100 g";"Severka";"Heureka.cz|Jídlo a nápoje|Sladkosti|Čokoládové figurky|Severka Čokoládové pastelky Dinosauři 100 g";"2025-11-15";155.0
"1255799788";"Severka Čokoládové pastelky Dinosauři 100 g";"Severka";"Heureka.cz|Jídlo a nápoje|Sladkosti|Čokoládové figurky|Severka Čokoládové pastelky Dinosauři 100 g";"2025-11-15";83.0
"1255799788";"Severka Čokoládové pastelky Dinosauři 100 g";"Severka";"Heureka.cz|Jídlo a nápoje|Sladkosti|Čokoládové figurky|Severka Čokoládové pastelky Dinosauři 100 g";"2025-11-15";95.0
"1255799788";"Severka Čokoládové pastelky Dinosauři 100 g";"Severka";"Heureka.cz|Jídlo a nápoje|Sladkosti|Čokoládové figurky|Severka Čokoládové pastelky Dinosauři 100 g";"2025-11-15";95.0
"1255799788";"Severka Čokoládové pastelky Dinosauři 100 g";"Severka";"Heureka.cz|Jídlo a nápoje|Sladkosti|Čokoládové figurky|Severka Čokoládové pastelky Dinosauři 100 g";"2025-11-15";98.0
"1255799788";"Severka Čokoládové pastelky Dinosauři 100 g";"Severka";"Heureka.cz|Jídlo a nápoje|Sladkosti|Čokoládové figurky|Severka Čokoládové pastelky Dinosauři 100 g";"2025-11-15";99.0
"1255799788";"Severka Čokoládové pastelky Dinosauři 100 g";"Severka";"Heureka.cz|Jídlo a nápoje|Sladkosti|Čokoládové figurky|Severka Čokoládové pastelky Dinosauři 100 g";"2025-11-15";100.0
"1255799788";"Severka Čokoládové pastelky Dinosauři 100 g";"Severka";"Heureka.cz|Jídlo a nápoje|Sladkosti|Čokoládové figurky|Severka Čokoládové pastelky Dinosauři 100 g";"2025-11-15";100.0
"1255799788";"Severka Čokoládové pastelky Dinosauři 100 g";"Severka";"Heureka.cz|Jídlo a nápoje|Sladkosti|Čokoládové figurky|Severka Čokoládové pastelky Dinosauři 100 g";"2025-11-15";107.0
"1255799788";"Severka Čokoládové pastelky Dinosauři 100 g";"Severka";"Heureka.cz|Jídlo a nápoje|Sladkosti|Čokoládové figurky|Severka Čokoládové pastelky Dinosauři 100 g";"2025-11-15";108.0
"1255799788";"Severka Čokoládové pastelky Dinosauři 100 g";"Severka";"Heureka.cz|Jídlo a nápoje|Sladkosti|Čokoládové figurky|Severka Čokoládové pastelky Dinosauři 100 g";"2025-11-15";112.0
"1255799788";"Severka Čokoládové pastelky Dinosauři 100 g";"Severka";"Heureka.cz|Jídlo a nápoje|Sladkosti|Čokoládové figurky|Severka Čokoládové pastelky Dinosauři 100 g";"2025-11-15";120.0
"1255799788";"Severka Čokoládové pastelky Dinosauři 100 g";"Severka";"Heureka.cz|Jídlo a nápoje|Sladkosti|Čokoládové figurky|Severka Čokoládové pastelky Dinosauři 100 g";"2025-11-15";120.0
"1255799788";"Severka Čokoládové pastelky Dinosauři 100 g";"Severka";"Heureka.cz|Jídlo a nápoje|Sladkosti|Čokoládové figurky|Severka Čokoládové pastelky Dinosauři 100 g";"2025-11-15";120.0
"1255799788";"Severka Čokoládové pastelky Dinosauři 100 g";"Severka";"Heureka.cz|Jídlo a nápoje|Sladkosti|Čokoládové figurky|Severka Čokoládové pastelky Dinosauři 100 g";"2025-11-15";155.0
"1255799788";"Severka Čokoládové pastelky Dinosauři 100 g";"Severka";"Heureka.cz|Jídlo a nápoje|Sladkosti|Čokoládové figurky|Severka Čokoládové pastelky Dinosauři 100 g";"2025-11-16";114.0
"1255799788";"Severka Čokoládové pastelky Dinosauři 100 g";"Severka";"Heureka.cz|Jídlo a nápoje|Sladkosti|Čokoládové figurky|Severka Čokoládové pastelky Dinosauři 100 g";"2025-11-16";155.0
"1255799788";"Severka Čokoládové pastelky Dinosauři 100 g";"Severka";"Heureka.cz|Jídlo a nápoje|Sladkosti|Čokoládové figurky|Severka Čokoládové pastelky Dinosauři 100 g";"2025-11-16";83.0
"1255799788";"Severka Čokoládové pastelky Dinosauři 100 g";"Severka";"Heureka.cz|Jídlo a nápoje|Sladkosti|Čokoládové figurky|Severka Čokoládové pastelky Dinosauři 100 g";"2025-11-16";95.0
"1255799788";"Severka Čokoládové pastelky Dinosauři 100 g";"Severka";"Heureka.cz|Jídlo a nápoje|Sladkosti|Čokoládové figurky|Severka Čokoládové pastelky Dinosauři 100 g";"2025-11-16";95.0
"1255799788";"Severka Čokoládové pastelky Dinosauři 100 g";"Severka";"Heureka.cz|Jídlo a nápoje|Sladkosti|Čokoládové figurky|Severka Čokoládové pastelky Dinosauři 100 g";"2025-11-16";98.0
"1255799788";"Severka Čokoládové pastelky Dinosauři 100 g";"Severka";"Heureka.cz|Jídlo a nápoje|Sladkosti|Čokoládové figurky|Severka Čokoládové pastelky Dinosauři 100 g";"2025-11-16";99.0
"1255799788";"Severka Čokoládové pastelky Dinosauři 100 g";"Severka";"Heureka.cz|Jídlo a nápoje|Sladkosti|Čokoládové figurky|Severka Čokoládové pastelky Dinosauři 100 g";"2025-11-16";100.0
"1255799788";"Severka Čokoládové pastelky Dinosauři 100 g";"Severka";"Heureka.cz|Jídlo a nápoje|Sladkosti|Čokoládové figurky|Severka Čokoládové pastelky Dinosauři 100 g";"2025-11-16";100.0
"1255799788";"Severka Čokoládové pastelky Dinosauři 100 g";"Severka";"Heureka.cz|Jídlo a nápoje|Sladkosti|Čokoládové figurky|Severka Čokoládové pastelky Dinosauři 100 g";"2025-11-16";107.0
"1255799788";"Severka Čokoládové pastelky Dinosauři 100 g";"Severka";"Heureka.cz|Jídlo a nápoje|Sladkosti|Čokoládové figurky|Severka Čokoládové pastelky Dinosauři 100 g";"2025-11-16";108.0
"1255799788";"Severka Čokoládové pastelky Dinosauři 100 g";"Severka";"Heureka.cz|Jídlo a nápoje|Sladkosti|Čokoládové figurky|Severka Čokoládové pastelky Dinosauři 100 g";"2025-11-16";112.0
"1255799788";"Severka Čokoládové pastelky Dinosauři 100 g";"Severka";"Heureka.cz|Jídlo a nápoje|Sladkosti|Čokoládové figurky|Severka Čokoládové pastelky Dinosauři 100 g";"2025-11-16";120.0
"1255799788";"Severka Čokoládové pastelky Dinosauři 100 g";"Severka";"Heureka.cz|Jídlo a nápoje|Sladkosti|Čokoládové figurky|Severka Čokoládové pastelky Dinosauři 100 g";"2025-11-16";120.0
"1255799788";"Severka Čokoládové pastelky Dinosauři 100 g";"Severka";"Heureka.cz|Jídlo a nápoje|Sladkosti|Čokoládové figurky|Severka Čokoládové pastelky Dinosauři 100 g";"2025-11-16";120.0
"1255799788";"Severka Čokoládové pastelky Dinosauři 100 g";"Severka";"Heureka.cz|Jídlo a nápoje|Sladkosti|Čokoládové figurky|Severka Čokoládové pastelky Dinosauři 100 g";"2025-11-16";155.0
"1255799788";"Severka Čokoládové pastelky Dinosauři 100 g";"Severka";"Heureka.cz|Jídlo a nápoje|Sladkosti|Čokoládové figurky|Severka Čokoládové pastelky Dinosauři 100 g";"2025-11-17";155.0
"1255799788";"Severka Čokoládové pastelky Dinosauři 100 g";"Severka";"Heureka.cz|Jídlo a nápoje|Sladkosti|Čokoládové figurky|Severka Čokoládové pastelky Dinosauři 100 g";"2025-11-17";83.0
"1255799788";"Severka Čokoládové pastelky Dinosauři 100 g";"Severka";"Heureka.cz|Jídlo a nápoje|Sladkosti|Čokoládové figurky|Severka Čokoládové pastelky Dinosauři 100 g";"2025-11-17";95.0
"1255799788";"Severka Čokoládové pastelky Dinosauři 100 g";"Severka";"Heureka.cz|Jídlo a nápoje|Sladkosti|Čokoládové figurky|Severka Čokoládové pastelky Dinosauři 100 g";"2025-11-17";95.0
"1255799788";"Severka Čokoládové pastelky Dinosauři 100 g";"Severka";"Heureka.cz|Jídlo a nápoje|Sladkosti|Čokoládové figurky|Severka Čokoládové pastelky Dinosauři 100 g";"2025-11-17";98.0
"1255799788";"Severka Čokoládové pastelky Dinosauři 100 g";"Severka";"Heureka.cz|Jídlo a nápoje|Sladkosti|Čokoládové figurky|Severka Čokoládové pastelky Dinosauři 100 g";"2025-11-17";99.0
"1255799788";"Severka Čokoládové pastelky Dinosauři 100 g";"Severka";"Heureka.cz|Jídlo a nápoje|Sladkosti|Čokoládové figurky|Severka Čokoládové pastelky Dinosauři 100 g";"2025-11-17";100.0
"1255799788";"Severka Čokoládové pastelky Dinosauři 100 g";"Severka";"Heureka.cz|Jídlo a nápoje|Sladkosti|Čokoládové figurky|Severka Čokoládové pastelky Dinosauři 100 g";"2025-11-17";100.0
"1255799788";"Severka Čokoládové pastelky Dinosauři 100 g";"Severka";"Heureka.cz|Jídlo a nápoje|Sladkosti|Čokoládové figurky|Severka Čokoládové pastelky Dinosauři 100 g";"2025-11-17";107.0
"1255799788";"Severka Čokoládové pastelky Dinosauři 100 g";"Severka";"Heureka.cz|Jídlo a nápoje|Sladkosti|Čokoládové figurky|Severka Čokoládové pastelky Dinosauři 100 g";"2025-11-17";108.0
"1255799788";"Severka Čokoládové pastelky Dinosauři 100 g";"Severka";"Heureka.cz|Jídlo a nápoje|Sladkosti|Čokoládové figurky|Severka Čokoládové pastelky Dinosauři 100 g";"2025-11-17";112.0
"1255799788";"Severka Čokoládové pastelky Dinosauři 100 g";"Severka";"Heureka.cz|Jídlo a nápoje|Sladkosti|Čokoládové figurky|Severka Čokoládové pastelky Dinosauři 100 g";"2025-11-17";114.0
"1255799788";"Severka Čokoládové pastelky Dinosauři 100 g";"Severka";"Heureka.cz|Jídlo a nápoje|Sladkosti|Čokoládové figurky|Severka Čokoládové pastelky Dinosauři 100 g";"2025-11-17";120.0
"1255799788";"Severka Čokoládové pastelky Dinosauři 100 g";"Severka";"Heureka.cz|Jídlo a nápoje|Sladkosti|Čokoládové figurky|Severka Čokoládové pastelky Dinosauři 100 g";"2025-11-17";120.0
"1255799788";"Severka Čokoládové pastelky Dinosauři 100 g";"Severka";"Heureka.cz|Jídlo a nápoje|Sladkosti|Čokoládové figurky|Severka Čokoládové pastelky Dinosauři 100 g";"2025-11-17";120.0
"1255799788";"Severka Čokoládové pastelky Dinosauři 100 g";"Severka";"Heureka.cz|Jídlo a nápoje|Sladkosti|Čokoládové figurky|Severka Čokoládové pastelky Dinosauři 100 g";"2025-11-17";155.0
"1255799788";"Severka Čokoládové pastelky Dinosauři 100 g";"Severka";"Heureka.cz|Jídlo a nápoje|Sladkosti|Čokoládové figurky|Severka Čokoládové pastelky Dinosauři 100 g";"2025-11-18";114.0
"1255799788";"Severka Čokoládové pastelky Dinosauři 100 g";"Severka";"Heureka.cz|Jídlo a nápoje|Sladkosti|Čokoládové figurky|Severka Čokoládové pastelky Dinosauři 100 g";"2025-11-18";155.0
"1255799788";"Severka Čokoládové pastelky Dinosauři 100 g";"Severka";"Heureka.cz|Jídlo a nápoje|Sladkosti|Čokoládové figurky|Severka Čokoládové pastelky Dinosauři 100 g";"2025-11-18";83.0
"1255799788";"Severka Čokoládové pastelky Dinosauři 100 g";"Severka";"Heureka.cz|Jídlo a nápoje|Sladkosti|Čokoládové figurky|Severka Čokoládové pastelky Dinosauři 100 g";"2025-11-18";95.0
"1255799788";"Severka Čokoládové pastelky Dinosauři 100 g";"Severka";"Heureka.cz|Jídlo a nápoje|Sladkosti|Čokoládové figurky|Severka Čokoládové pastelky Dinosauři 100 g";"2025-11-18";95.0
"1255799788";"Severka Čokoládové pastelky Dinosauři 100 g";"Severka";"Heureka.cz|Jídlo a nápoje|Sladkosti|Čokoládové figurky|Severka Čokoládové pastelky Dinosauři 100 g";"2025-11-18";98.0
"1255799788";"Severka Čokoládové pastelky Dinosauři 100 g";"Severka";"Heureka.cz|Jídlo a nápoje|Sladkosti|Čokoládové figurky|Severka Čokoládové pastelky Dinosauři 100 g";"2025-11-18";100.0
"1255799788";"Severka Čokoládové pastelky Dinosauři 100 g";"Severka";"Heureka.cz|Jídlo a nápoje|Sladkosti|Čokoládové figurky|Severka Čokoládové pastelky Dinosauři 100 g";"2025-11-18";100.0
"1255799788";"Severka Čokoládové pastelky Dinosauři 100 g";"Severka";"Heureka.cz|Jídlo a nápoje|Sladkosti|Čokoládové figurky|Severka Čokoládové pastelky Dinosauři 100 g";"2025-11-18";108.0
"1255799788";"Severka Čokoládové pastelky Dinosauři 100 g";"Severka";"Heureka.cz|Jídlo a nápoje|Sladkosti|Čokoládové figurky|Severka Čokoládové pastelky Dinosauři 100 g";"2025-11-18";112.0
"1255799788";"Severka Čokoládové pastelky Dinosauři 100 g";"Severka";"Heureka.cz|Jídlo a nápoje|Sladkosti|Čokoládové figurky|Severka Čokoládové pastelky Dinosauři 100 g";"2025-11-18";112.0
"1255799788";"Severka Čokoládové pastelky Dinosauři 100 g";"Severka";"Heureka.cz|Jídlo a nápoje|Sladkosti|Čokoládové figurky|Severka Čokoládové pastelky Dinosauři 100 g";"2025-11-18";120.0
"1255799788";"Severka Čokoládové pastelky Dinosauři 100 g";"Severka";"Heureka.cz|Jídlo a nápoje|Sladkosti|Čokoládové figurky|Severka Čokoládové pastelky Dinosauři 100 g";"2025-11-18";120.0
"1255799788";"Severka Čokoládové pastelky Dinosauři 100 g";"Severka";"Heureka.cz|Jídlo a nápoje|Sladkosti|Čokoládové figurky|Severka Čokoládové pastelky Dinosauři 100 g";"2025-11-18";120.0
"1255799788";"Severka Čokoládové pastelky Dinosauři 100 g";"Severka";"Heureka.cz|Jídlo a nápoje|Sladkosti|Čokoládové figurky|Severka Čokoládové pastelky Dinosauři 100 g";"2025-11-18";155.0
"1255799788";"Severka Čokoládové pastelky Dinosauři 100 g";"Severka";"Heureka.cz|Jídlo a nápoje|Sladkosti|Čokoládové figurky|Severka Čokoládové pastelky Dinosauři 100 g";"2025-11-19";155.0
"1255799788";"Severka Čokoládové pastelky Dinosauři 100 g";"Severka";"Heureka.cz|Jídlo a nápoje|Sladkosti|Čokoládové figurky|Severka Čokoládové pastelky Dinosauři 100 g";"2025-11-19";83.0
"1255799788";"Severka Čokoládové pastelky Dinosauři 100 g";"Severka";"Heureka.cz|Jídlo a nápoje|Sladkosti|Čokoládové figurky|Severka Čokoládové pastelky Dinosauři 100 g";"2025-11-19";95.0
"1255799788";"Severka Čokoládové pastelky Dinosauři 100 g";"Severka";"Heureka.cz|Jídlo a nápoje|Sladkosti|Čokoládové figurky|Severka Čokoládové pastelky Dinosauři 100 g";"2025-11-19";95.0
"1255799788";"Severka Čokoládové pastelky Dinosauři 100 g";"Severka";"Heureka.cz|Jídlo a nápoje|Sladkosti|Čokoládové figurky|Severka Čokoládové pastelky Dinosauři 100 g";"2025-11-19";98.0
"1255799788";"Severka Čokoládové pastelky Dinosauři 100 g";"Severka";"Heureka.cz|Jídlo a nápoje|Sladkosti|Čokoládové figurky|Severka Čokoládové pastelky Dinosauři 100 g";"2025-11-19";100.0
"1255799788";"Severka Čokoládové pastelky Dinosauři 100 g";"Severka";"Heureka.cz|Jídlo a nápoje|Sladkosti|Čokoládové figurky|Severka Čokoládové pastelky Dinosauři 100 g";"2025-11-19";100.0
"1255799788";"Severka Čokoládové pastelky Dinosauři 100 g";"Severka";"Heureka.cz|Jídlo a nápoje|Sladkosti|Čokoládové figurky|Severka Čokoládové pastelky Dinosauři 100 g";"2025-11-19";108.0
"1255799788";"Severka Čokoládové pastelky Dinosauři 100 g";"Severka";"Heureka.cz|Jídlo a nápoje|Sladkosti|Čokoládové figurky|Severka Čokoládové pastelky Dinosauři 100 g";"2025-11-19";112.0
"1255799788";"Severka Čokoládové pastelky Dinosauři 100 g";"Severka";"Heureka.cz|Jídlo a nápoje|Sladkosti|Čokoládové figurky|Severka Čokoládové pastelky Dinosauři 100 g";"2025-11-19";112.0
"1255799788";"Severka Čokoládové pastelky Dinosauři 100 g";"Severka";"Heureka.cz|Jídlo a nápoje|Sladkosti|Čokoládové figurky|Severka Čokoládové pastelky Dinosauři 100 g";"2025-11-19";114.0
"1255799788";"Severka Čokoládové pastelky Dinosauři 100 g";"Severka";"Heureka.cz|Jídlo a nápoje|Sladkosti|Čokoládové figurky|Severka Čokoládové pastelky Dinosauři 100 g";"2025-11-19";120.0
"1255799788";"Severka Čokoládové pastelky Dinosauři 100 g";"Severka";"Heureka.cz|Jídlo a nápoje|Sladkosti|Čokoládové figurky|Severka Čokoládové pastelky Dinosauři 100 g";"2025-11-19";120.0
"1255799788";"Severka Čokoládové pastelky Dinosauři 100 g";"Severka";"Heureka.cz|Jídlo a nápoje|Sladkosti|Čokoládové figurky|Severka Čokoládové pastelky Dinosauři 100 g";"2025-11-19";155.0
"1255799788";"Severka Čokoládové pastelky Dinosauři 100 g";"Severka";"Heureka.cz|Jídlo a nápoje|Sladkosti|Čokoládové figurky|Severka Čokoládové pastelky Dinosauři 100 g";"2025-11-20";155.0
"1255799788";"Severka Čokoládové pastelky Dinosauři 100 g";"Severka";"Heureka.cz|Jídlo a nápoje|Sladkosti|Čokoládové figurky|Severka Čokoládové pastelky Dinosauři 100 g";"2025-11-20";83.0
"1255799788";"Severka Čokoládové pastelky Dinosauři 100 g";"Severka";"Heureka.cz|Jídlo a nápoje|Sladkosti|Čokoládové figurky|Severka Čokoládové pastelky Dinosauři 100 g";"2025-11-20";95.0
"1255799788";"Severka Čokoládové pastelky Dinosauři 100 g";"Severka";"Heureka.cz|Jídlo a nápoje|Sladkosti|Čokoládové figurky|Severka Čokoládové pastelky Dinosauři 100 g";"2025-11-20";95.0
"1255799788";"Severka Čokoládové pastelky Dinosauři 100 g";"Severka";"Heureka.cz|Jídlo a nápoje|Sladkosti|Čokoládové figurky|Severka Čokoládové pastelky Dinosauři 100 g";"2025-11-20";98.0
"1255799788";"Severka Čokoládové pastelky Dinosauři 100 g";"Severka";"Heureka.cz|Jídlo a nápoje|Sladkosti|Čokoládové figurky|Severka Čokoládové pastelky Dinosauři 100 g";"2025-11-20";100.0
"1255799788";"Severka Čokoládové pastelky Dinosauři 100 g";"Severka";"Heureka.cz|Jídlo a nápoje|Sladkosti|Čokoládové figurky|Severka Čokoládové pastelky Dinosauři 100 g";"2025-11-20";100.0
"1255799788";"Severka Čokoládové pastelky Dinosauři 100 g";"Severka";"Heureka.cz|Jídlo a nápoje|Sladkosti|Čokoládové figurky|Severka Čokoládové pastelky Dinosauři 100 g";"2025-11-20";108.0
"1255799788";"Severka Čokoládové pastelky Dinosauři 100 g";"Severka";"Heureka.cz|Jídlo a nápoje|Sladkosti|Čokoládové figurky|Severka Čokoládové pastelky Dinosauři 100 g";"2025-11-20";112.0
"1255799788";"Severka Čokoládové pastelky Dinosauři 100 g";"Severka";"Heureka.cz|Jídlo a nápoje|Sladkosti|Čokoládové figurky|Severka Čokoládové pastelky Dinosauři 100 g";"2025-11-20";112.0
"1255799788";"Severka Čokoládové pastelky Dinosauři 100 g";"Severka";"Heureka.cz|Jídlo a nápoje|Sladkosti|Čokoládové figurky|Severka Čokoládové pastelky Dinosauři 100 g";"2025-11-20";114.0
"1255799788";"Severka Čokoládové pastelky Dinosauři 100 g";"Severka";"Heureka.cz|Jídlo a nápoje|Sladkosti|Čokoládové figurky|Severka Čokoládové pastelky Dinosauři 100 g";"2025-11-20";118.0
"1255799788";"Severka Čokoládové pastelky Dinosauři 100 g";"Severka";"Heureka.cz|Jídlo a nápoje|Sladkosti|Čokoládové figurky|Severka Čokoládové pastelky Dinosauři 100 g";"2025-11-20";120.0
"1255799788";"Severka Čokoládové pastelky Dinosauři 100 g";"Severka";"Heureka.cz|Jídlo a nápoje|Sladkosti|Čokoládové figurky|Severka Čokoládové pastelky Dinosauři 100 g";"2025-11-20";120.0
"1255799788";"Severka Čokoládové pastelky Dinosauři 100 g";"Severka";"Heureka.cz|Jídlo a nápoje|Sladkosti|Čokoládové figurky|Severka Čokoládové pastelky Dinosauři 100 g";"2025-11-20";155.0
"1255799788";"Severka Čokoládové pastelky Dinosauři 100 g";"Severka";"Heureka.cz|Jídlo a nápoje|Sladkosti|Čokoládové figurky|Severka Čokoládové pastelky Dinosauři 100 g";"2025-11-21";114.0
"1255799788";"Severka Čokoládové pastelky Dinosauři 100 g";"Severka";"Heureka.cz|Jídlo a nápoje|Sladkosti|Čokoládové figurky|Severka Čokoládové pastelky Dinosauři 100 g";"2025-11-21";155.0
"1255799788";"Severka Čokoládové pastelky Dinosauři 100 g";"Severka";"Heureka.cz|Jídlo a nápoje|Sladkosti|Čokoládové figurky|Severka Čokoládové pastelky Dinosauři 100 g";"2025-11-21";83.0
"1255799788";"Severka Čokoládové pastelky Dinosauři 100 g";"Severka";"Heureka.cz|Jídlo a nápoje|Sladkosti|Čokoládové figurky|Severka Čokoládové pastelky Dinosauři 100 g";"2025-11-21";95.0
"1255799788";"Severka Čokoládové pastelky Dinosauři 100 g";"Severka";"Heureka.cz|Jídlo a nápoje|Sladkosti|Čokoládové figurky|Severka Čokoládové pastelky Dinosauři 100 g";"2025-11-21";95.0
"1255799788";"Severka Čokoládové pastelky Dinosauři 100 g";"Severka";"Heureka.cz|Jídlo a nápoje|Sladkosti|Čokoládové figurky|Severka Čokoládové pastelky Dinosauři 100 g";"2025-11-21";98.0
"1255799788";"Severka Čokoládové pastelky Dinosauři 100 g";"Severka";"Heureka.cz|Jídlo a nápoje|Sladkosti|Čokoládové figurky|Severka Čokoládové pastelky Dinosauři 100 g";"2025-11-21";100.0
"1255799788";"Severka Čokoládové pastelky Dinosauři 100 g";"Severka";"Heureka.cz|Jídlo a nápoje|Sladkosti|Čokoládové figurky|Severka Čokoládové pastelky Dinosauři 100 g";"2025-11-21";100.0
"1255799788";"Severka Čokoládové pastelky Dinosauři 100 g";"Severka";"Heureka.cz|Jídlo a nápoje|Sladkosti|Čokoládové figurky|Severka Čokoládové pastelky Dinosauři 100 g";"2025-11-21";108.0
"1255799788";"Severka Čokoládové pastelky Dinosauři 100 g";"Severka";"Heureka.cz|Jídlo a nápoje|Sladkosti|Čokoládové figurky|Severka Čokoládové pastelky Dinosauři 100 g";"2025-11-21";112.0
"1255799788";"Severka Čokoládové pastelky Dinosauři 100 g";"Severka";"Heureka.cz|Jídlo a nápoje|Sladkosti|Čokoládové figurky|Severka Čokoládové pastelky Dinosauři 100 g";"2025-11-21";112.0
"1255799788";"Severka Čokoládové pastelky Dinosauři 100 g";"Severka";"Heureka.cz|Jídlo a nápoje|Sladkosti|Čokoládové figurky|Severka Čokoládové pastelky Dinosauři 100 g";"2025-11-21";118.0
"1255799788";"Severka Čokoládové pastelky Dinosauři 100 g";"Severka";"Heureka.cz|Jídlo a nápoje|Sladkosti|Čokoládové figurky|Severka Čokoládové pastelky Dinosauři 100 g";"2025-11-21";120.0
"1255799788";"Severka Čokoládové pastelky Dinosauři 100 g";"Severka";"Heureka.cz|Jídlo a nápoje|Sladkosti|Čokoládové figurky|Severka Čokoládové pastelky Dinosauři 100 g";"2025-11-21";120.0
"1255799788";"Severka Čokoládové pastelky Dinosauři 100 g";"Severka";"Heureka.cz|Jídlo a nápoje|Sladkosti|Čokoládové figurky|Severka Čokoládové pastelky Dinosauři 100 g";"2025-11-21";120.0
"1255799788";"Severka Čokoládové pastelky Dinosauři 100 g";"Severka";"Heureka.cz|Jídlo a nápoje|Sladkosti|Čokoládové figurky|Severka Čokoládové pastelky Dinosauři 100 g";"2025-11-21";155.0
"1255799788";"Severka Čokoládové pastelky Dinosauři 100 g";"Severka";"Heureka.cz|Jídlo a nápoje|Sladkosti|Čokoládové figurky|Severka Čokoládové pastelky Dinosauři 100 g";"2025-11-22";155.0
"1255799788";"Severka Čokoládové pastelky Dinosauři 100 g";"Severka";"Heureka.cz|Jídlo a nápoje|Sladkosti|Čokoládové figurky|Severka Čokoládové pastelky Dinosauři 100 g";"2025-11-22";83.0
"1255799788";"Severka Čokoládové pastelky Dinosauři 100 g";"Severka";"Heureka.cz|Jídlo a nápoje|Sladkosti|Čokoládové figurky|Severka Čokoládové pastelky Dinosauři 100 g";"2025-11-22";95.0
"1255799788";"Severka Čokoládové pastelky Dinosauři 100 g";"Severka";"Heureka.cz|Jídlo a nápoje|Sladkosti|Čokoládové figurky|Severka Čokoládové pastelky Dinosauři 100 g";"2025-11-22";95.0
"1255799788";"Severka Čokoládové pastelky Dinosauři 100 g";"Severka";"Heureka.cz|Jídlo a nápoje|Sladkosti|Čokoládové figurky|Severka Čokoládové pastelky Dinosauři 100 g";"2025-11-22";98.0
"1255799788";"Severka Čokoládové pastelky Dinosauři 100 g";"Severka";"Heureka.cz|Jídlo a nápoje|Sladkosti|Čokoládové figurky|Severka Čokoládové pastelky Dinosauři 100 g";"2025-11-22";100.0
"1255799788";"Severka Čokoládové pastelky Dinosauři 100 g";"Severka";"Heureka.cz|Jídlo a nápoje|Sladkosti|Čokoládové figurky|Severka Čokoládové pastelky Dinosauři 100 g";"2025-11-22";100.0
"1255799788";"Severka Čokoládové pastelky Dinosauři 100 g";"Severka";"Heureka.cz|Jídlo a nápoje|Sladkosti|Čokoládové figurky|Severka Čokoládové pastelky Dinosauři 100 g";"2025-11-22";108.0
"1255799788";"Severka Čokoládové pastelky Dinosauři 100 g";"Severka";"Heureka.cz|Jídlo a nápoje|Sladkosti|Čokoládové figurky|Severka Čokoládové pastelky Dinosauři 100 g";"2025-11-22";112.0
"1255799788";"Severka Čokoládové pastelky Dinosauři 100 g";"Severka";"Heureka.cz|Jídlo a nápoje|Sladkosti|Čokoládové figurky|Severka Čokoládové pastelky Dinosauři 100 g";"2025-11-22";112.0
"1255799788";"Severka Čokoládové pastelky Dinosauři 100 g";"Severka";"Heureka.cz|Jídlo a nápoje|Sladkosti|Čokoládové figurky|Severka Čokoládové pastelky Dinosauři 100 g";"2025-11-22";114.0
"1255799788";"Severka Čokoládové pastelky Dinosauři 100 g";"Severka";"Heureka.cz|Jídlo a nápoje|Sladkosti|Čokoládové figurky|Severka Čokoládové pastelky Dinosauři 100 g";"2025-11-22";118.0
"1255799788";"Severka Čokoládové pastelky Dinosauři 100 g";"Severka";"Heureka.cz|Jídlo a nápoje|Sladkosti|Čokoládové figurky|Severka Čokoládové pastelky Dinosauři 100 g";"2025-11-22";120.0
"1255799788";"Severka Čokoládové pastelky Dinosauři 100 g";"Severka";"Heureka.cz|Jídlo a nápoje|Sladkosti|Čokoládové figurky|Severka Čokoládové pastelky Dinosauři 100 g";"2025-11-22";120.0
"1255799788";"Severka Čokoládové pastelky Dinosauři 100 g";"Severka";"Heureka.cz|Jídlo a nápoje|Sladkosti|Čokoládové figurky|Severka Čokoládové pastelky Dinosauři 100 g";"2025-11-22";120.0
"1255799788";"Severka Čokoládové pastelky Dinosauři 100 g";"Severka";"Heureka.cz|Jídlo a nápoje|Sladkosti|Čokoládové figurky|Severka Čokoládové pastelky Dinosauři 100 g";"2025-11-22";155.0
"1255799788";"Severka Čokoládové pastelky Dinosauři 100 g";"Severka";"Heureka.cz|Jídlo a nápoje|Sladkosti|Čokoládové figurky|Severka Čokoládové pastelky Dinosauři 100 g";"2025-11-23";114.0
"1255799788";"Severka Čokoládové pastelky Dinosauři 100 g";"Severka";"Heureka.cz|Jídlo a nápoje|Sladkosti|Čokoládové figurky|Severka Čokoládové pastelky Dinosauři 100 g";"2025-11-23";155.0
"1255799788";"Severka Čokoládové pastelky Dinosauři 100 g";"Severka";"Heureka.cz|Jídlo a nápoje|Sladkosti|Čokoládové figurky|Severka Čokoládové pastelky Dinosauři 100 g";"2025-11-23";83.0
"1255799788";"Severka Čokoládové pastelky Dinosauři 100 g";"Severka";"Heureka.cz|Jídlo a nápoje|Sladkosti|Čokoládové figurky|Severka Čokoládové pastelky Dinosauři 100 g";"2025-11-23";95.0
"1255799788";"Severka Čokoládové pastelky Dinosauři 100 g";"Severka";"Heureka.cz|Jídlo a nápoje|Sladkosti|Čokoládové figurky|Severka Čokoládové pastelky Dinosauři 100 g";"2025-11-23";95.0
"1255799788";"Severka Čokoládové pastelky Dinosauři 100 g";"Severka";"Heureka.cz|Jídlo a nápoje|Sladkosti|Čokoládové figurky|Severka Čokoládové pastelky Dinosauři 100 g";"2025-11-23";98.0
"1255799788";"Severka Čokoládové pastelky Dinosauři 100 g";"Severka";"Heureka.cz|Jídlo a nápoje|Sladkosti|Čokoládové figurky|Severka Čokoládové pastelky Dinosauři 100 g";"2025-11-23";100.0
"1255799788";"Severka Čokoládové pastelky Dinosauři 100 g";"Severka";"Heureka.cz|Jídlo a nápoje|Sladkosti|Čokoládové figurky|Severka Čokoládové pastelky Dinosauři 100 g";"2025-11-23";108.0
"1255799788";"Severka Čokoládové pastelky Dinosauři 100 g";"Severka";"Heureka.cz|Jídlo a nápoje|Sladkosti|Čokoládové figurky|Severka Čokoládové pastelky Dinosauři 100 g";"2025-11-23";112.0
"1255799788";"Severka Čokoládové pastelky Dinosauři 100 g";"Severka";"Heureka.cz|Jídlo a nápoje|Sladkosti|Čokoládové figurky|Severka Čokoládové pastelky Dinosauři 100 g";"2025-11-23";112.0
"1255799788";"Severka Čokoládové pastelky Dinosauři 100 g";"Severka";"Heureka.cz|Jídlo a nápoje|Sladkosti|Čokoládové figurky|Severka Čokoládové pastelky Dinosauři 100 g";"2025-11-23";112.0
"1255799788";"Severka Čokoládové pastelky Dinosauři 100 g";"Severka";"Heureka.cz|Jídlo a nápoje|Sladkosti|Čokoládové figurky|Severka Čokoládové pastelky Dinosauři 100 g";"2025-11-23";118.0
"1255799788";"Severka Čokoládové pastelky Dinosauři 100 g";"Severka";"Heureka.cz|Jídlo a nápoje|Sladkosti|Čokoládové figurky|Severka Čokoládové pastelky Dinosauři 100 g";"2025-11-23";120.0
"1255799788";"Severka Čokoládové pastelky Dinosauři 100 g";"Severka";"Heureka.cz|Jídlo a nápoje|Sladkosti|Čokoládové figurky|Severka Čokoládové pastelky Dinosauři 100 g";"2025-11-23";120.0
"1255799788";"Severka Čokoládové pastelky Dinosauři 100 g";"Severka";"Heureka.cz|Jídlo a nápoje|Sladkosti|Čokoládové figurky|Severka Čokoládové pastelky Dinosauři 100 g";"2025-11-23";120.0
"1255799788";"Severka Čokoládové pastelky Dinosauři 100 g";"Severka";"Heureka.cz|Jídlo a nápoje|Sladkosti|Čokoládové figurky|Severka Čokoládové pastelky Dinosauři 100 g";"2025-11-23";155.0
"1255799788";"Severka Čokoládové pastelky Dinosauři 100 g";"Severka";"Heureka.cz|Jídlo a nápoje|Sladkosti|Čokoládové figurky|Severka Čokoládové pastelky Dinosauři 100 g";"2025-11-24";114.0
"1255799788";"Severka Čokoládové pastelky Dinosauři 100 g";"Severka";"Heureka.cz|Jídlo a nápoje|Sladkosti|Čokoládové figurky|Severka Čokoládové pastelky Dinosauři 100 g";"2025-11-24";155.0
"1255799788";"Severka Čokoládové pastelky Dinosauři 100 g";"Severka";"Heureka.cz|Jídlo a nápoje|Sladkosti|Čokoládové figurky|Severka Čokoládové pastelky Dinosauři 100 g";"2025-11-24";83.0
"1255799788";"Severka Čokoládové pastelky Dinosauři 100 g";"Severka";"Heureka.cz|Jídlo a nápoje|Sladkosti|Čokoládové figurky|Severka Čokoládové pastelky Dinosauři 100 g";"2025-11-24";95.0
"1255799788";"Severka Čokoládové pastelky Dinosauři 100 g";"Severka";"Heureka.cz|Jídlo a nápoje|Sladkosti|Čokoládové figurky|Severka Čokoládové pastelky Dinosauři 100 g";"2025-11-24";95.0
"1255799788";"Severka Čokoládové pastelky Dinosauři 100 g";"Severka";"Heureka.cz|Jídlo a nápoje|Sladkosti|Čokoládové figurky|Severka Čokoládové pastelky Dinosauři 100 g";"2025-11-24";98.0
"1255799788";"Severka Čokoládové pastelky Dinosauři 100 g";"Severka";"Heureka.cz|Jídlo a nápoje|Sladkosti|Čokoládové figurky|Severka Čokoládové pastelky Dinosauři 100 g";"2025-11-24";100.0
"1255799788";"Severka Čokoládové pastelky Dinosauři 100 g";"Severka";"Heureka.cz|Jídlo a nápoje|Sladkosti|Čokoládové figurky|Severka Čokoládové pastelky Dinosauři 100 g";"2025-11-24";100.0
"1255799788";"Severka Čokoládové pastelky Dinosauři 100 g";"Severka";"Heureka.cz|Jídlo a nápoje|Sladkosti|Čokoládové figurky|Severka Čokoládové pastelky Dinosauři 100 g";"2025-11-24";108.0
"1255799788";"Severka Čokoládové pastelky Dinosauři 100 g";"Severka";"Heureka.cz|Jídlo a nápoje|Sladkosti|Čokoládové figurky|Severka Čokoládové pastelky Dinosauři 100 g";"2025-11-24";112.0
"1255799788";"Severka Čokoládové pastelky Dinosauři 100 g";"Severka";"Heureka.cz|Jídlo a nápoje|Sladkosti|Čokoládové figurky|Severka Čokoládové pastelky Dinosauři 100 g";"2025-11-24";112.0
"1255799788";"Severka Čokoládové pastelky Dinosauři 100 g";"Severka";"Heureka.cz|Jídlo a nápoje|Sladkosti|Čokoládové figurky|Severka Čokoládové pastelky Dinosauři 100 g";"2025-11-24";118.0
"1255799788";"Severka Čokoládové pastelky Dinosauři 100 g";"Severka";"Heureka.cz|Jídlo a nápoje|Sladkosti|Čokoládové figurky|Severka Čokoládové pastelky Dinosauři 100 g";"2025-11-24";120.0
"1255799788";"Severka Čokoládové pastelky Dinosauři 100 g";"Severka";"Heureka.cz|Jídlo a nápoje|Sladkosti|Čokoládové figurky|Severka Čokoládové pastelky Dinosauři 100 g";"2025-11-24";120.0
"1255799788";"Severka Čokoládové pastelky Dinosauři 100 g";"Severka";"Heureka.cz|Jídlo a nápoje|Sladkosti|Čokoládové figurky|Severka Čokoládové pastelky Dinosauři 100 g";"2025-11-24";120.0
"1255799788";"Severka Čokoládové pastelky Dinosauři 100 g";"Severka";"Heureka.cz|Jídlo a nápoje|Sladkosti|Čokoládové figurky|Severka Čokoládové pastelky Dinosauři 100 g";"2025-11-24";155.0
"1255799788";"Severka Čokoládové pastelky Dinosauři 100 g";"Severka";"Heureka.cz|Jídlo a nápoje|Sladkosti|Čokoládové figurky|Severka Čokoládové pastelky Dinosauři 100 g";"2025-11-25";114.0
"1255799788";"Severka Čokoládové pastelky Dinosauři 100 g";"Severka";"Heureka.cz|Jídlo a nápoje|Sladkosti|Čokoládové figurky|Severka Čokoládové pastelky Dinosauři 100 g";"2025-11-25";155.0
"1255799788";"Severka Čokoládové pastelky Dinosauři 100 g";"Severka";"Heureka.cz|Jídlo a nápoje|Sladkosti|Čokoládové figurky|Severka Čokoládové pastelky Dinosauři 100 g";"2025-11-25";83.0
"1255799788";"Severka Čokoládové pastelky Dinosauři 100 g";"Severka";"Heureka.cz|Jídlo a nápoje|Sladkosti|Čokoládové figurky|Severka Čokoládové pastelky Dinosauři 100 g";"2025-11-25";95.0
"1255799788";"Severka Čokoládové pastelky Dinosauři 100 g";"Severka";"Heureka.cz|Jídlo a nápoje|Sladkosti|Čokoládové figurky|Severka Čokoládové pastelky Dinosauři 100 g";"2025-11-25";98.0
"1255799788";"Severka Čokoládové pastelky Dinosauři 100 g";"Severka";"Heureka.cz|Jídlo a nápoje|Sladkosti|Čokoládové figurky|Severka Čokoládové pastelky Dinosauři 100 g";"2025-11-25";100.0
"1255799788";"Severka Čokoládové pastelky Dinosauři 100 g";"Severka";"Heureka.cz|Jídlo a nápoje|Sladkosti|Čokoládové figurky|Severka Čokoládové pastelky Dinosauři 100 g";"2025-11-25";100.0
"1255799788";"Severka Čokoládové pastelky Dinosauři 100 g";"Severka";"Heureka.cz|Jídlo a nápoje|Sladkosti|Čokoládové figurky|Severka Čokoládové pastelky Dinosauři 100 g";"2025-11-25";108.0
"1255799788";"Severka Čokoládové pastelky Dinosauři 100 g";"Severka";"Heureka.cz|Jídlo a nápoje|Sladkosti|Čokoládové figurky|Severka Čokoládové pastelky Dinosauři 100 g";"2025-11-25";112.0
"1255799788";"Severka Čokoládové pastelky Dinosauři 100 g";"Severka";"Heureka.cz|Jídlo a nápoje|Sladkosti|Čokoládové figurky|Severka Čokoládové pastelky Dinosauři 100 g";"2025-11-25";112.0
"1255799788";"Severka Čokoládové pastelky Dinosauři 100 g";"Severka";"Heureka.cz|Jídlo a nápoje|Sladkosti|Čokoládové figurky|Severka Čokoládové pastelky Dinosauři 100 g";"2025-11-25";118.0
"1255799788";"Severka Čokoládové pastelky Dinosauři 100 g";"Severka";"Heureka.cz|Jídlo a nápoje|Sladkosti|Čokoládové figurky|Severka Čokoládové pastelky Dinosauři 100 g";"2025-11-25";120.0
"1255799788";"Severka Čokoládové pastelky Dinosauři 100 g";"Severka";"Heureka.cz|Jídlo a nápoje|Sladkosti|Čokoládové figurky|Severka Čokoládové pastelky Dinosauři 100 g";"2025-11-25";120.0
"1255799788";"Severka Čokoládové pastelky Dinosauři 100 g";"Severka";"Heureka.cz|Jídlo a nápoje|Sladkosti|Čokoládové figurky|Severka Čokoládové pastelky Dinosauři 100 g";"2025-11-25";120.0
"1255799788";"Severka Čokoládové pastelky Dinosauři 100 g";"Severka";"Heureka.cz|Jídlo a nápoje|Sladkosti|Čokoládové figurky|Severka Čokoládové pastelky Dinosauři 100 g";"2025-11-25";155.0
"1255799788";"Severka Čokoládové pastelky Dinosauři 100 g";"Severka";"Heureka.cz|Jídlo a nápoje|Sladkosti|Čokoládové figurky|Severka Čokoládové pastelky Dinosauři 100 g";"2025-11-26";155.0
"1255799788";"Severka Čokoládové pastelky Dinosauři 100 g";"Severka";"Heureka.cz|Jídlo a nápoje|Sladkosti|Čokoládové figurky|Severka Čokoládové pastelky Dinosauři 100 g";"2025-11-26";83.0
"1255799788";"Severka Čokoládové pastelky Dinosauři 100 g";"Severka";"Heureka.cz|Jídlo a nápoje|Sladkosti|Čokoládové figurky|Severka Čokoládové pastelky Dinosauři 100 g";"2025-11-26";95.0
"1255799788";"Severka Čokoládové pastelky Dinosauři 100 g";"Severka";"Heureka.cz|Jídlo a nápoje|Sladkosti|Čokoládové figurky|Severka Čokoládové pastelky Dinosauři 100 g";"2025-11-26";95.0
"1255799788";"Severka Čokoládové pastelky Dinosauři 100 g";"Severka";"Heureka.cz|Jídlo a nápoje|Sladkosti|Čokoládové figurky|Severka Čokoládové pastelky Dinosauři 100 g";"2025-11-26";98.0
"1255799788";"Severka Čokoládové pastelky Dinosauři 100 g";"Severka";"Heureka.cz|Jídlo a nápoje|Sladkosti|Čokoládové figurky|Severka Čokoládové pastelky Dinosauři 100 g";"2025-11-26";100.0
"1255799788";"Severka Čokoládové pastelky Dinosauři 100 g";"Severka";"Heureka.cz|Jídlo a nápoje|Sladkosti|Čokoládové figurky|Severka Čokoládové pastelky Dinosauři 100 g";"2025-11-26";100.0
"1255799788";"Severka Čokoládové pastelky Dinosauři 100 g";"Severka";"Heureka.cz|Jídlo a nápoje|Sladkosti|Čokoládové figurky|Severka Čokoládové pastelky Dinosauři 100 g";"2025-11-26";108.0
"1255799788";"Severka Čokoládové pastelky Dinosauři 100 g";"Severka";"Heureka.cz|Jídlo a nápoje|Sladkosti|Čokoládové figurky|Severka Čokoládové pastelky Dinosauři 100 g";"2025-11-26";112.0
"1255799788";"Severka Čokoládové pastelky Dinosauři 100 g";"Severka";"Heureka.cz|Jídlo a nápoje|Sladkosti|Čokoládové figurky|Severka Čokoládové pastelky Dinosauři 100 g";"2025-11-26";112.0
"1255799788";"Severka Čokoládové pastelky Dinosauři 100 g";"Severka";"Heureka.cz|Jídlo a nápoje|Sladkosti|Čokoládové figurky|Severka Čokoládové pastelky Dinosauři 100 g";"2025-11-26";114.0
"1255799788";"Severka Čokoládové pastelky Dinosauři 100 g";"Severka";"Heureka.cz|Jídlo a nápoje|Sladkosti|Čokoládové figurky|Severka Čokoládové pastelky Dinosauři 100 g";"2025-11-26";118.0
"1255799788";"Severka Čokoládové pastelky Dinosauři 100 g";"Severka";"Heureka.cz|Jídlo a nápoje|Sladkosti|Čokoládové figurky|Severka Čokoládové pastelky Dinosauři 100 g";"2025-11-26";120.0
"1255799788";"Severka Čokoládové pastelky Dinosauři 100 g";"Severka";"Heureka.cz|Jídlo a nápoje|Sladkosti|Čokoládové figurky|Severka Čokoládové pastelky Dinosauři 100 g";"2025-11-26";120.0
"1255799788";"Severka Čokoládové pastelky Dinosauři 100 g";"Severka";"Heureka.cz|Jídlo a nápoje|Sladkosti|Čokoládové figurky|Severka Čokoládové pastelky Dinosauři 100 g";"2025-11-26";120.0
"1255799788";"Severka Čokoládové pastelky Dinosauři 100 g";"Severka";"Heureka.cz|Jídlo a nápoje|Sladkosti|Čokoládové figurky|Severka Čokoládové pastelky Dinosauři 100 g";"2025-11-26";155.0
"1255799788";"Severka Čokoládové pastelky Dinosauři 100 g";"Severka";"Heureka.cz|Jídlo a nápoje|Sladkosti|Čokoládové figurky|Severka Čokoládové pastelky Dinosauři 100 g";"2025-11-27";114.0
"1255799788";"Severka Čokoládové pastelky Dinosauři 100 g";"Severka";"Heureka.cz|Jídlo a nápoje|Sladkosti|Čokoládové figurky|Severka Čokoládové pastelky Dinosauři 100 g";"2025-11-27";155.0
"1255799788";"Severka Čokoládové pastelky Dinosauři 100 g";"Severka";"Heureka.cz|Jídlo a nápoje|Sladkosti|Čokoládové figurky|Severka Čokoládové pastelky Dinosauři 100 g";"2025-11-27";83.0
"1255799788";"Severka Čokoládové pastelky Dinosauři 100 g";"Severka";"Heureka.cz|Jídlo a nápoje|Sladkosti|Čokoládové figurky|Severka Čokoládové pastelky Dinosauři 100 g";"2025-11-27";95.0
"1255799788";"Severka Čokoládové pastelky Dinosauři 100 g";"Severka";"Heureka.cz|Jídlo a nápoje|Sladkosti|Čokoládové figurky|Severka Čokoládové pastelky Dinosauři 100 g";"2025-11-27";95.0
"1255799788";"Severka Čokoládové pastelky Dinosauři 100 g";"Severka";"Heureka.cz|Jídlo a nápoje|Sladkosti|Čokoládové figurky|Severka Čokoládové pastelky Dinosauři 100 g";"2025-11-27";98.0
"1255799788";"Severka Čokoládové pastelky Dinosauři 100 g";"Severka";"Heureka.cz|Jídlo a nápoje|Sladkosti|Čokoládové figurky|Severka Čokoládové pastelky Dinosauři 100 g";"2025-11-27";100.0
"1255799788";"Severka Čokoládové pastelky Dinosauři 100 g";"Severka";"Heureka.cz|Jídlo a nápoje|Sladkosti|Čokoládové figurky|Severka Čokoládové pastelky Dinosauři 100 g";"2025-11-27";100.0
"1255799788";"Severka Čokoládové pastelky Dinosauři 100 g";"Severka";"Heureka.cz|Jídlo a nápoje|Sladkosti|Čokoládové figurky|Severka Čokoládové pastelky Dinosauři 100 g";"2025-11-27";108.0
"1255799788";"Severka Čokoládové pastelky Dinosauři 100 g";"Severka";"Heureka.cz|Jídlo a nápoje|Sladkosti|Čokoládové figurky|Severka Čokoládové pastelky Dinosauři 100 g";"2025-11-27";112.0
"1255799788";"Severka Čokoládové pastelky Dinosauři 100 g";"Severka";"Heureka.cz|Jídlo a nápoje|Sladkosti|Čokoládové figurky|Severka Čokoládové pastelky Dinosauři 100 g";"2025-11-27";112.0
"1255799788";"Severka Čokoládové pastelky Dinosauři 100 g";"Severka";"Heureka.cz|Jídlo a nápoje|Sladkosti|Čokoládové figurky|Severka Čokoládové pastelky Dinosauři 100 g";"2025-11-27";118.0
"1255799788";"Severka Čokoládové pastelky Dinosauři 100 g";"Severka";"Heureka.cz|Jídlo a nápoje|Sladkosti|Čokoládové figurky|Severka Čokoládové pastelky Dinosauři 100 g";"2025-11-27";120.0
"1255799788";"Severka Čokoládové pastelky Dinosauři 100 g";"Severka";"Heureka.cz|Jídlo a nápoje|Sladkosti|Čokoládové figurky|Severka Čokoládové pastelky Dinosauři 100 g";"2025-11-27";120.0
"1255799788";"Severka Čokoládové pastelky Dinosauři 100 g";"Severka";"Heureka.cz|Jídlo a nápoje|Sladkosti|Čokoládové figurky|Severka Čokoládové pastelky Dinosauři 100 g";"2025-11-27";120.0
"1255799788";"Severka Čokoládové pastelky Dinosauři 100 g";"Severka";"Heureka.cz|Jídlo a nápoje|Sladkosti|Čokoládové figurky|Severka Čokoládové pastelky Dinosauři 100 g";"2025-11-27";155.0
"1255799788";"Severka Čokoládové pastelky Dinosauři 100 g";"Severka";"Heureka.cz|Jídlo a nápoje|Sladkosti|Čokoládové figurky|Severka Čokoládové pastelky Dinosauři 100 g";"2025-11-28";114.0
"1255799788";"Severka Čokoládové pastelky Dinosauři 100 g";"Severka";"Heureka.cz|Jídlo a nápoje|Sladkosti|Čokoládové figurky|Severka Čokoládové pastelky Dinosauři 100 g";"2025-11-28";155.0
"1255799788";"Severka Čokoládové pastelky Dinosauři 100 g";"Severka";"Heureka.cz|Jídlo a nápoje|Sladkosti|Čokoládové figurky|Severka Čokoládové pastelky Dinosauři 100 g";"2025-11-28";83.0
"1255799788";"Severka Čokoládové pastelky Dinosauři 100 g";"Severka";"Heureka.cz|Jídlo a nápoje|Sladkosti|Čokoládové figurky|Severka Čokoládové pastelky Dinosauři 100 g";"2025-11-28";95.0
"1255799788";"Severka Čokoládové pastelky Dinosauři 100 g";"Severka";"Heureka.cz|Jídlo a nápoje|Sladkosti|Čokoládové figurky|Severka Čokoládové pastelky Dinosauři 100 g";"2025-11-28";95.0
"1255799788";"Severka Čokoládové pastelky Dinosauři 100 g";"Severka";"Heureka.cz|Jídlo a nápoje|Sladkosti|Čokoládové figurky|Severka Čokoládové pastelky Dinosauři 100 g";"2025-11-28";98.0
"1255799788";"Severka Čokoládové pastelky Dinosauři 100 g";"Severka";"Heureka.cz|Jídlo a nápoje|Sladkosti|Čokoládové figurky|Severka Čokoládové pastelky Dinosauři 100 g";"2025-11-28";100.0
"1255799788";"Severka Čokoládové pastelky Dinosauři 100 g";"Severka";"Heureka.cz|Jídlo a nápoje|Sladkosti|Čokoládové figurky|Severka Čokoládové pastelky Dinosauři 100 g";"2025-11-28";100.0
"1255799788";"Severka Čokoládové pastelky Dinosauři 100 g";"Severka";"Heureka.cz|Jídlo a nápoje|Sladkosti|Čokoládové figurky|Severka Čokoládové pastelky Dinosauři 100 g";"2025-11-28";108.0
"1255799788";"Severka Čokoládové pastelky Dinosauři 100 g";"Severka";"Heureka.cz|Jídlo a nápoje|Sladkosti|Čokoládové figurky|Severka Čokoládové pastelky Dinosauři 100 g";"2025-11-28";112.0
"1255799788";"Severka Čokoládové pastelky Dinosauři 100 g";"Severka";"Heureka.cz|Jídlo a nápoje|Sladkosti|Čokoládové figurky|Severka Čokoládové pastelky Dinosauři 100 g";"2025-11-28";112.0
"1255799788";"Severka Čokoládové pastelky Dinosauři 100 g";"Severka";"Heureka.cz|Jídlo a nápoje|Sladkosti|Čokoládové figurky|Severka Čokoládové pastelky Dinosauři 100 g";"2025-11-28";118.0
"1255799788";"Severka Čokoládové pastelky Dinosauři 100 g";"Severka";"Heureka.cz|Jídlo a nápoje|Sladkosti|Čokoládové figurky|Severka Čokoládové pastelky Dinosauři 100 g";"2025-11-28";120.0
"1255799788";"Severka Čokoládové pastelky Dinosauři 100 g";"Severka";"Heureka.cz|Jídlo a nápoje|Sladkosti|Čokoládové figurky|Severka Čokoládové pastelky Dinosauři 100 g";"2025-11-28";120.0
"1255799788";"Severka Čokoládové pastelky Dinosauři 100 g";"Severka";"Heureka.cz|Jídlo a nápoje|Sladkosti|Čokoládové figurky|Severka Čokoládové pastelky Dinosauři 100 g";"2025-11-28";120.0
"1255799788";"Severka Čokoládové pastelky Dinosauři 100 g";"Severka";"Heureka.cz|Jídlo a nápoje|Sladkosti|Čokoládové figurky|Severka Čokoládové pastelky Dinosauři 100 g";"2025-11-28";155.0
"1255799788";"Severka Čokoládové pastelky Dinosauři 100 g";"Severka";"Heureka.cz|Jídlo a nápoje|Sladkosti|Čokoládové figurky|Severka Čokoládové pastelky Dinosauři 100 g";"2025-11-29";155.0
"1255799788";"Severka Čokoládové pastelky Dinosauři 100 g";"Severka";"Heureka.cz|Jídlo a nápoje|Sladkosti|Čokoládové figurky|Severka Čokoládové pastelky Dinosauři 100 g";"2025-11-29";83.0
"1255799788";"Severka Čokoládové pastelky Dinosauři 100 g";"Severka";"Heureka.cz|Jídlo a nápoje|Sladkosti|Čokoládové figurky|Severka Čokoládové pastelky Dinosauři 100 g";"2025-11-29";95.0
"1255799788";"Severka Čokoládové pastelky Dinosauři 100 g";"Severka";"Heureka.cz|Jídlo a nápoje|Sladkosti|Čokoládové figurky|Severka Čokoládové pastelky Dinosauři 100 g";"2025-11-29";95.0
"1255799788";"Severka Čokoládové pastelky Dinosauři 100 g";"Severka";"Heureka.cz|Jídlo a nápoje|Sladkosti|Čokoládové figurky|Severka Čokoládové pastelky Dinosauři 100 g";"2025-11-29";98.0
"1255799788";"Severka Čokoládové pastelky Dinosauři 100 g";"Severka";"Heureka.cz|Jídlo a nápoje|Sladkosti|Čokoládové figurky|Severka Čokoládové pastelky Dinosauři 100 g";"2025-11-29";100.0
"1255799788";"Severka Čokoládové pastelky Dinosauři 100 g";"Severka";"Heureka.cz|Jídlo a nápoje|Sladkosti|Čokoládové figurky|Severka Čokoládové pastelky Dinosauři 100 g";"2025-11-29";100.0
"1255799788";"Severka Čokoládové pastelky Dinosauři 100 g";"Severka";"Heureka.cz|Jídlo a nápoje|Sladkosti|Čokoládové figurky|Severka Čokoládové pastelky Dinosauři 100 g";"2025-11-29";108.0
"1255799788";"Severka Čokoládové pastelky Dinosauři 100 g";"Severka";"Heureka.cz|Jídlo a nápoje|Sladkosti|Čokoládové figurky|Severka Čokoládové pastelky Dinosauři 100 g";"2025-11-29";112.0
"1255799788";"Severka Čokoládové pastelky Dinosauři 100 g";"Severka";"Heureka.cz|Jídlo a nápoje|Sladkosti|Čokoládové figurky|Severka Čokoládové pastelky Dinosauři 100 g";"2025-11-29";112.0
"1255799788";"Severka Čokoládové pastelky Dinosauři 100 g";"Severka";"Heureka.cz|Jídlo a nápoje|Sladkosti|Čokoládové figurky|Severka Čokoládové pastelky Dinosauři 100 g";"2025-11-29";114.0
"1255799788";"Severka Čokoládové pastelky Dinosauři 100 g";"Severka";"Heureka.cz|Jídlo a nápoje|Sladkosti|Čokoládové figurky|Severka Čokoládové pastelky Dinosauři 100 g";"2025-11-29";118.0
"1255799788";"Severka Čokoládové pastelky Dinosauři 100 g";"Severka";"Heureka.cz|Jídlo a nápoje|Sladkosti|Čokoládové figurky|Severka Čokoládové pastelky Dinosauři 100 g";"2025-11-29";120.0
"1255799788";"Severka Čokoládové pastelky Dinosauři 100 g";"Severka";"Heureka.cz|Jídlo a nápoje|Sladkosti|Čokoládové figurky|Severka Čokoládové pastelky Dinosauři 100 g";"2025-11-29";120.0
"1255799788";"Severka Čokoládové pastelky Dinosauři 100 g";"Severka";"Heureka.cz|Jídlo a nápoje|Sladkosti|Čokoládové figurky|Severka Čokoládové pastelky Dinosauři 100 g";"2025-11-29";120.0
"1255799788";"Severka Čokoládové pastelky Dinosauři 100 g";"Severka";"Heureka.cz|Jídlo a nápoje|Sladkosti|Čokoládové figurky|Severka Čokoládové pastelky Dinosauři 100 g";"2025-11-29";155.0
"1255799788";"Severka Čokoládové pastelky Dinosauři 100 g";"Severka";"Heureka.cz|Jídlo a nápoje|Sladkosti|Čokoládové figurky|Severka Čokoládové pastelky Dinosauři 100 g";"2025-11-30";114.0
"1255799788";"Severka Čokoládové pastelky Dinosauři 100 g";"Severka";"Heureka.cz|Jídlo a nápoje|Sladkosti|Čokoládové figurky|Severka Čokoládové pastelky Dinosauři 100 g";"2025-11-30";155.0
"1255799788";"Severka Čokoládové pastelky Dinosauři 100 g";"Severka";"Heureka.cz|Jídlo a nápoje|Sladkosti|Čokoládové figurky|Severka Čokoládové pastelky Dinosauři 100 g";"2025-11-30";83.0
"1255799788";"Severka Čokoládové pastelky Dinosauři 100 g";"Severka";"Heureka.cz|Jídlo a nápoje|Sladkosti|Čokoládové figurky|Severka Čokoládové pastelky Dinosauři 100 g";"2025-11-30";95.0
"1255799788";"Severka Čokoládové pastelky Dinosauři 100 g";"Severka";"Heureka.cz|Jídlo a nápoje|Sladkosti|Čokoládové figurky|Severka Čokoládové pastelky Dinosauři 100 g";"2025-11-30";95.0
"1255799788";"Severka Čokoládové pastelky Dinosauři 100 g";"Severka";"Heureka.cz|Jídlo a nápoje|Sladkosti|Čokoládové figurky|Severka Čokoládové pastelky Dinosauři 100 g";"2025-11-30";98.0
"1255799788";"Severka Čokoládové pastelky Dinosauři 100 g";"Severka";"Heureka.cz|Jídlo a nápoje|Sladkosti|Čokoládové figurky|Severka Čokoládové pastelky Dinosauři 100 g";"2025-11-30";100.0
"1255799788";"Severka Čokoládové pastelky Dinosauři 100 g";"Severka";"Heureka.cz|Jídlo a nápoje|Sladkosti|Čokoládové figurky|Severka Čokoládové pastelky Dinosauři 100 g";"2025-11-30";100.0
"1255799788";"Severka Čokoládové pastelky Dinosauři 100 g";"Severka";"Heureka.cz|Jídlo a nápoje|Sladkosti|Čokoládové figurky|Severka Čokoládové pastelky Dinosauři 100 g";"2025-11-30";108.0
"1255799788";"Severka Čokoládové pastelky Dinosauři 100 g";"Severka";"Heureka.cz|Jídlo a nápoje|Sladkosti|Čokoládové figurky|Severka Čokoládové pastelky Dinosauři 100 g";"2025-11-30";112.0
"1255799788";"Severka Čokoládové pastelky Dinosauři 100 g";"Severka";"Heureka.cz|Jídlo a nápoje|Sladkosti|Čokoládové figurky|Severka Čokoládové pastelky Dinosauři 100 g";"2025-11-30";112.0
"1255799788";"Severka Čokoládové pastelky Dinosauři 100 g";"Severka";"Heureka.cz|Jídlo a nápoje|Sladkosti|Čokoládové figurky|Severka Čokoládové pastelky Dinosauři 100 g";"2025-11-30";118.0
"1255799788";"Severka Čokoládové pastelky Dinosauři 100 g";"Severka";"Heureka.cz|Jídlo a nápoje|Sladkosti|Čokoládové figurky|Severka Čokoládové pastelky Dinosauři 100 g";"2025-11-30";120.0
"1255799788";"Severka Čokoládové pastelky Dinosauři 100 g";"Severka";"Heureka.cz|Jídlo a nápoje|Sladkosti|Čokoládové figurky|Severka Čokoládové pastelky Dinosauři 100 g";"2025-11-30";120.0
"1255799788";"Severka Čokoládové pastelky Dinosauři 100 g";"Severka";"Heureka.cz|Jídlo a nápoje|Sladkosti|Čokoládové figurky|Severka Čokoládové pastelky Dinosauři 100 g";"2025-12-01";114.0
"1255799788";"Severka Čokoládové pastelky Dinosauři 100 g";"Severka";"Heureka.cz|Jídlo a nápoje|Sladkosti|Čokoládové figurky|Severka Čokoládové pastelky Dinosauři 100 g";"2025-12-01";155.0
"1255799788";"Severka Čokoládové pastelky Dinosauři 100 g";"Severka";"Heureka.cz|Jídlo a nápoje|Sladkosti|Čokoládové figurky|Severka Čokoládové pastelky Dinosauři 100 g";"2025-12-01";95.0
"1255799788";"Severka Čokoládové pastelky Dinosauři 100 g";"Severka";"Heureka.cz|Jídlo a nápoje|Sladkosti|Čokoládové figurky|Severka Čokoládové pastelky Dinosauři 100 g";"2025-12-01";95.0
"1255799788";"Severka Čokoládové pastelky Dinosauři 100 g";"Severka";"Heureka.cz|Jídlo a nápoje|Sladkosti|Čokoládové figurky|Severka Čokoládové pastelky Dinosauři 100 g";"2025-12-01";98.0
"1255799788";"Severka Čokoládové pastelky Dinosauři 100 g";"Severka";"Heureka.cz|Jídlo a nápoje|Sladkosti|Čokoládové figurky|Severka Čokoládové pastelky Dinosauři 100 g";"2025-12-01";100.0
"1255799788";"Severka Čokoládové pastelky Dinosauři 100 g";"Severka";"Heureka.cz|Jídlo a nápoje|Sladkosti|Čokoládové figurky|Severka Čokoládové pastelky Dinosauři 100 g";"2025-12-01";108.0
"1255799788";"Severka Čokoládové pastelky Dinosauři 100 g";"Severka";"Heureka.cz|Jídlo a nápoje|Sladkosti|Čokoládové figurky|Severka Čokoládové pastelky Dinosauři 100 g";"2025-12-01";112.0
"1255799788";"Severka Čokoládové pastelky Dinosauři 100 g";"Severka";"Heureka.cz|Jídlo a nápoje|Sladkosti|Čokoládové figurky|Severka Čokoládové pastelky Dinosauři 100 g";"2025-12-01";112.0
"1255799788";"Severka Čokoládové pastelky Dinosauři 100 g";"Severka";"Heureka.cz|Jídlo a nápoje|Sladkosti|Čokoládové figurky|Severka Čokoládové pastelky Dinosauři 100 g";"2025-12-01";112.0
"1255799788";"Severka Čokoládové pastelky Dinosauři 100 g";"Severka";"Heureka.cz|Jídlo a nápoje|Sladkosti|Čokoládové figurky|Severka Čokoládové pastelky Dinosauři 100 g";"2025-12-01";118.0
"1255799788";"Severka Čokoládové pastelky Dinosauři 100 g";"Severka";"Heureka.cz|Jídlo a nápoje|Sladkosti|Čokoládové figurky|Severka Čokoládové pastelky Dinosauři 100 g";"2025-12-01";120.0
"1255799788";"Severka Čokoládové pastelky Dinosauři 100 g";"Severka";"Heureka.cz|Jídlo a nápoje|Sladkosti|Čokoládové figurky|Severka Čokoládové pastelky Dinosauři 100 g";"2025-12-01";120.0
"1255799788";"Severka Čokoládové pastelky Dinosauři 100 g";"Severka";"Heureka.cz|Jídlo a nápoje|Sladkosti|Čokoládové figurky|Severka Čokoládové pastelky Dinosauři 100 g";"2025-12-01";120.0
"1255799788";"Severka Čokoládové pastelky Dinosauři 100 g";"Severka";"Heureka.cz|Jídlo a nápoje|Sladkosti|Čokoládové figurky|Severka Čokoládové pastelky Dinosauři 100 g";"2025-12-02";114.0
"1255799788";"Severka Čokoládové pastelky Dinosauři 100 g";"Severka";"Heureka.cz|Jídlo a nápoje|Sladkosti|Čokoládové figurky|Severka Čokoládové pastelky Dinosauři 100 g";"2025-12-02";155.0
"1255799788";"Severka Čokoládové pastelky Dinosauři 100 g";"Severka";"Heureka.cz|Jídlo a nápoje|Sladkosti|Čokoládové figurky|Severka Čokoládové pastelky Dinosauři 100 g";"2025-12-02";95.0
"1255799788";"Severka Čokoládové pastelky Dinosauři 100 g";"Severka";"Heureka.cz|Jídlo a nápoje|Sladkosti|Čokoládové figurky|Severka Čokoládové pastelky Dinosauři 100 g";"2025-12-02";98.0
"1255799788";"Severka Čokoládové pastelky Dinosauři 100 g";"Severka";"Heureka.cz|Jídlo a nápoje|Sladkosti|Čokoládové figurky|Severka Čokoládové pastelky Dinosauři 100 g";"2025-12-02";100.0
"1255799788";"Severka Čokoládové pastelky Dinosauři 100 g";"Severka";"Heureka.cz|Jídlo a nápoje|Sladkosti|Čokoládové figurky|Severka Čokoládové pastelky Dinosauři 100 g";"2025-12-02";108.0
"1255799788";"Severka Čokoládové pastelky Dinosauři 100 g";"Severka";"Heureka.cz|Jídlo a nápoje|Sladkosti|Čokoládové figurky|Severka Čokoládové pastelky Dinosauři 100 g";"2025-12-02";108.0
"1255799788";"Severka Čokoládové pastelky Dinosauři 100 g";"Severka";"Heureka.cz|Jídlo a nápoje|Sladkosti|Čokoládové figurky|Severka Čokoládové pastelky Dinosauři 100 g";"2025-12-02";112.0
"1255799788";"Severka Čokoládové pastelky Dinosauři 100 g";"Severka";"Heureka.cz|Jídlo a nápoje|Sladkosti|Čokoládové figurky|Severka Čokoládové pastelky Dinosauři 100 g";"2025-12-02";112.0
"1255799788";"Severka Čokoládové pastelky Dinosauři 100 g";"Severka";"Heureka.cz|Jídlo a nápoje|Sladkosti|Čokoládové figurky|Severka Čokoládové pastelky Dinosauři 100 g";"2025-12-02";118.0
"1255799788";"Severka Čokoládové pastelky Dinosauři 100 g";"Severka";"Heureka.cz|Jídlo a nápoje|Sladkosti|Čokoládové figurky|Severka Čokoládové pastelky Dinosauři 100 g";"2025-12-02";120.0
"1255799788";"Severka Čokoládové pastelky Dinosauři 100 g";"Severka";"Heureka.cz|Jídlo a nápoje|Sladkosti|Čokoládové figurky|Severka Čokoládové pastelky Dinosauři 100 g";"2025-12-02";120.0
"1255799788";"Severka Čokoládové pastelky Dinosauři 100 g";"Severka";"Heureka.cz|Jídlo a nápoje|Sladkosti|Čokoládové figurky|Severka Čokoládové pastelky Dinosauři 100 g";"2025-12-02";120.0
"1255799788";"Severka Čokoládové pastelky Dinosauři 100 g";"Severka";"Heureka.cz|Jídlo a nápoje|Sladkosti|Čokoládové figurky|Severka Čokoládové pastelky Dinosauři 100 g";"2025-12-03";114.0
"1255799788";"Severka Čokoládové pastelky Dinosauři 100 g";"Severka";"Heureka.cz|Jídlo a nápoje|Sladkosti|Čokoládové figurky|Severka Čokoládové pastelky Dinosauři 100 g";"2025-12-03";155.0
"1255799788";"Severka Čokoládové pastelky Dinosauři 100 g";"Severka";"Heureka.cz|Jídlo a nápoje|Sladkosti|Čokoládové figurky|Severka Čokoládové pastelky Dinosauři 100 g";"2025-12-03";95.0
"1255799788";"Severka Čokoládové pastelky Dinosauři 100 g";"Severka";"Heureka.cz|Jídlo a nápoje|Sladkosti|Čokoládové figurky|Severka Čokoládové pastelky Dinosauři 100 g";"2025-12-03";95.0
"1255799788";"Severka Čokoládové pastelky Dinosauři 100 g";"Severka";"Heureka.cz|Jídlo a nápoje|Sladkosti|Čokoládové figurky|Severka Čokoládové pastelky Dinosauři 100 g";"2025-12-03";98.0
"1255799788";"Severka Čokoládové pastelky Dinosauři 100 g";"Severka";"Heureka.cz|Jídlo a nápoje|Sladkosti|Čokoládové figurky|Severka Čokoládové pastelky Dinosauři 100 g";"2025-12-03";100.0
"1255799788";"Severka Čokoládové pastelky Dinosauři 100 g";"Severka";"Heureka.cz|Jídlo a nápoje|Sladkosti|Čokoládové figurky|Severka Čokoládové pastelky Dinosauři 100 g";"2025-12-03";108.0
"1255799788";"Severka Čokoládové pastelky Dinosauři 100 g";"Severka";"Heureka.cz|Jídlo a nápoje|Sladkosti|Čokoládové figurky|Severka Čokoládové pastelky Dinosauři 100 g";"2025-12-03";112.0
"1255799788";"Severka Čokoládové pastelky Dinosauři 100 g";"Severka";"Heureka.cz|Jídlo a nápoje|Sladkosti|Čokoládové figurky|Severka Čokoládové pastelky Dinosauři 100 g";"2025-12-03";112.0
"1255799788";"Severka Čokoládové pastelky Dinosauři 100 g";"Severka";"Heureka.cz|Jídlo a nápoje|Sladkosti|Čokoládové figurky|Severka Čokoládové pastelky Dinosauři 100 g";"2025-12-03";112.0
"1255799788";"Severka Čokoládové pastelky Dinosauři 100 g";"Severka";"Heureka.cz|Jídlo a nápoje|Sladkosti|Čokoládové figurky|Severka Čokoládové pastelky Dinosauři 100 g";"2025-12-03";118.0
"1255799788";"Severka Čokoládové pastelky Dinosauři 100 g";"Severka";"Heureka.cz|Jídlo a nápoje|Sladkosti|Čokoládové figurky|Severka Čokoládové pastelky Dinosauři 100 g";"2025-12-03";120.0
"1255799788";"Severka Čokoládové pastelky Dinosauři 100 g";"Severka";"Heureka.cz|Jídlo a nápoje|Sladkosti|Čokoládové figurky|Severka Čokoládové pastelky Dinosauři 100 g";"2025-12-03";120.0
"1255799788";"Severka Čokoládové pastelky Dinosauři 100 g";"Severka";"Heureka.cz|Jídlo a nápoje|Sladkosti|Čokoládové figurky|Severka Čokoládové pastelky Dinosauři 100 g";"2025-12-03";120.0
"1255799788";"Severka Čokoládové pastelky Dinosauři 100 g";"Severka";"Heureka.cz|Jídlo a nápoje|Sladkosti|Čokoládové figurky|Severka Čokoládové pastelky Dinosauři 100 g";"2025-12-04";155.0
"1255799788";"Severka Čokoládové pastelky Dinosauři 100 g";"Severka";"Heureka.cz|Jídlo a nápoje|Sladkosti|Čokoládové figurky|Severka Čokoládové pastelky Dinosauři 100 g";"2025-12-04";95.0
"1255799788";"Severka Čokoládové pastelky Dinosauři 100 g";"Severka";"Heureka.cz|Jídlo a nápoje|Sladkosti|Čokoládové figurky|Severka Čokoládové pastelky Dinosauři 100 g";"2025-12-04";95.0
"1255799788";"Severka Čokoládové pastelky Dinosauři 100 g";"Severka";"Heureka.cz|Jídlo a nápoje|Sladkosti|Čokoládové figurky|Severka Čokoládové pastelky Dinosauři 100 g";"2025-12-04";98.0
"1255799788";"Severka Čokoládové pastelky Dinosauři 100 g";"Severka";"Heureka.cz|Jídlo a nápoje|Sladkosti|Čokoládové figurky|Severka Čokoládové pastelky Dinosauři 100 g";"2025-12-04";100.0
"1255799788";"Severka Čokoládové pastelky Dinosauři 100 g";"Severka";"Heureka.cz|Jídlo a nápoje|Sladkosti|Čokoládové figurky|Severka Čokoládové pastelky Dinosauři 100 g";"2025-12-04";108.0
"1255799788";"Severka Čokoládové pastelky Dinosauři 100 g";"Severka";"Heureka.cz|Jídlo a nápoje|Sladkosti|Čokoládové figurky|Severka Čokoládové pastelky Dinosauři 100 g";"2025-12-04";112.0
"1255799788";"Severka Čokoládové pastelky Dinosauři 100 g";"Severka";"Heureka.cz|Jídlo a nápoje|Sladkosti|Čokoládové figurky|Severka Čokoládové pastelky Dinosauři 100 g";"2025-12-04";112.0
"1255799788";"Severka Čokoládové pastelky Dinosauři 100 g";"Severka";"Heureka.cz|Jídlo a nápoje|Sladkosti|Čokoládové figurky|Severka Čokoládové pastelky Dinosauři 100 g";"2025-12-04";112.0
"1255799788";"Severka Čokoládové pastelky Dinosauři 100 g";"Severka";"Heureka.cz|Jídlo a nápoje|Sladkosti|Čokoládové figurky|Severka Čokoládové pastelky Dinosauři 100 g";"2025-12-04";114.0
"1255799788";"Severka Čokoládové pastelky Dinosauři 100 g";"Severka";"Heureka.cz|Jídlo a nápoje|Sladkosti|Čokoládové figurky|Severka Čokoládové pastelky Dinosauři 100 g";"2025-12-04";118.0
"1255799788";"Severka Čokoládové pastelky Dinosauři 100 g";"Severka";"Heureka.cz|Jídlo a nápoje|Sladkosti|Čokoládové figurky|Severka Čokoládové pastelky Dinosauři 100 g";"2025-12-04";120.0
"1255799788";"Severka Čokoládové pastelky Dinosauři 100 g";"Severka";"Heureka.cz|Jídlo a nápoje|Sladkosti|Čokoládové figurky|Severka Čokoládové pastelky Dinosauři 100 g";"2025-12-04";120.0
"1255799788";"Severka Čokoládové pastelky Dinosauři 100 g";"Severka";"Heureka.cz|Jídlo a nápoje|Sladkosti|Čokoládové figurky|Severka Čokoládové pastelky Dinosauři 100 g";"2025-12-04";120.0
"1255799788";"Severka Čokoládové pastelky Dinosauři 100 g";"Severka";"Heureka.cz|Jídlo a nápoje|Sladkosti|Čokoládové figurky|Severka Čokoládové pastelky Dinosauři 100 g";"2025-12-05";155.0
"1255799788";"Severka Čokoládové pastelky Dinosauři 100 g";"Severka";"Heureka.cz|Jídlo a nápoje|Sladkosti|Čokoládové figurky|Severka Čokoládové pastelky Dinosauři 100 g";"2025-12-05";83.0
"1255799788";"Severka Čokoládové pastelky Dinosauři 100 g";"Severka";"Heureka.cz|Jídlo a nápoje|Sladkosti|Čokoládové figurky|Severka Čokoládové pastelky Dinosauři 100 g";"2025-12-05";95.0
"1255799788";"Severka Čokoládové pastelky Dinosauři 100 g";"Severka";"Heureka.cz|Jídlo a nápoje|Sladkosti|Čokoládové figurky|Severka Čokoládové pastelky Dinosauři 100 g";"2025-12-05";95.0
"1255799788";"Severka Čokoládové pastelky Dinosauři 100 g";"Severka";"Heureka.cz|Jídlo a nápoje|Sladkosti|Čokoládové figurky|Severka Čokoládové pastelky Dinosauři 100 g";"2025-12-05";98.0
"1255799788";"Severka Čokoládové pastelky Dinosauři 100 g";"Severka";"Heureka.cz|Jídlo a nápoje|Sladkosti|Čokoládové figurky|Severka Čokoládové pastelky Dinosauři 100 g";"2025-12-05";99.0
"1255799788";"Severka Čokoládové pastelky Dinosauři 100 g";"Severka";"Heureka.cz|Jídlo a nápoje|Sladkosti|Čokoládové figurky|Severka Čokoládové pastelky Dinosauři 100 g";"2025-12-05";100.0
"1255799788";"Severka Čokoládové pastelky Dinosauři 100 g";"Severka";"Heureka.cz|Jídlo a nápoje|Sladkosti|Čokoládové figurky|Severka Čokoládové pastelky Dinosauři 100 g";"2025-12-05";107.0
"1255799788";"Severka Čokoládové pastelky Dinosauři 100 g";"Severka";"Heureka.cz|Jídlo a nápoje|Sladkosti|Čokoládové figurky|Severka Čokoládové pastelky Dinosauři 100 g";"2025-12-05";108.0
"1255799788";"Severka Čokoládové pastelky Dinosauři 100 g";"Severka";"Heureka.cz|Jídlo a nápoje|Sladkosti|Čokoládové figurky|Severka Čokoládové pastelky Dinosauři 100 g";"2025-12-05";112.0
"1255799788";"Severka Čokoládové pastelky Dinosauři 100 g";"Severka";"Heureka.cz|Jídlo a nápoje|Sladkosti|Čokoládové figurky|Severka Čokoládové pastelky Dinosauři 100 g";"2025-12-05";112.0
"1255799788";"Severka Čokoládové pastelky Dinosauři 100 g";"Severka";"Heureka.cz|Jídlo a nápoje|Sladkosti|Čokoládové figurky|Severka Čokoládové pastelky Dinosauři 100 g";"2025-12-05";114.0
"1255799788";"Severka Čokoládové pastelky Dinosauři 100 g";"Severka";"Heureka.cz|Jídlo a nápoje|Sladkosti|Čokoládové figurky|Severka Čokoládové pastelky Dinosauři 100 g";"2025-12-05";118.0
"1255799788";"Severka Čokoládové pastelky Dinosauři 100 g";"Severka";"Heureka.cz|Jídlo a nápoje|Sladkosti|Čokoládové figurky|Severka Čokoládové pastelky Dinosauři 100 g";"2025-12-05";120.0
"1255799788";"Severka Čokoládové pastelky Dinosauři 100 g";"Severka";"Heureka.cz|Jídlo a nápoje|Sladkosti|Čokoládové figurky|Severka Čokoládové pastelky Dinosauři 100 g";"2025-12-05";120.0
"1255799788";"Severka Čokoládové pastelky Dinosauři 100 g";"Severka";"Heureka.cz|Jídlo a nápoje|Sladkosti|Čokoládové figurky|Severka Čokoládové pastelky Dinosauři 100 g";"2025-12-05";120.0
"1255799788";"Severka Čokoládové pastelky Dinosauři 100 g";"Severka";"Heureka.cz|Jídlo a nápoje|Sladkosti|Čokoládové figurky|Severka Čokoládové pastelky Dinosauři 100 g";"2025-12-06";114.0
"1255799788";"Severka Čokoládové pastelky Dinosauři 100 g";"Severka";"Heureka.cz|Jídlo a nápoje|Sladkosti|Čokoládové figurky|Severka Čokoládové pastelky Dinosauři 100 g";"2025-12-06";155.0
"1255799788";"Severka Čokoládové pastelky Dinosauři 100 g";"Severka";"Heureka.cz|Jídlo a nápoje|Sladkosti|Čokoládové figurky|Severka Čokoládové pastelky Dinosauři 100 g";"2025-12-06";83.0
"1255799788";"Severka Čokoládové pastelky Dinosauři 100 g";"Severka";"Heureka.cz|Jídlo a nápoje|Sladkosti|Čokoládové figurky|Severka Čokoládové pastelky Dinosauři 100 g";"2025-12-06";95.0
"1255799788";"Severka Čokoládové pastelky Dinosauři 100 g";"Severka";"Heureka.cz|Jídlo a nápoje|Sladkosti|Čokoládové figurky|Severka Čokoládové pastelky Dinosauři 100 g";"2025-12-06";95.0
"1255799788";"Severka Čokoládové pastelky Dinosauři 100 g";"Severka";"Heureka.cz|Jídlo a nápoje|Sladkosti|Čokoládové figurky|Severka Čokoládové pastelky Dinosauři 100 g";"2025-12-06";98.0
"1255799788";"Severka Čokoládové pastelky Dinosauři 100 g";"Severka";"Heureka.cz|Jídlo a nápoje|Sladkosti|Čokoládové figurky|Severka Čokoládové pastelky Dinosauři 100 g";"2025-12-06";99.0
"1255799788";"Severka Čokoládové pastelky Dinosauři 100 g";"Severka";"Heureka.cz|Jídlo a nápoje|Sladkosti|Čokoládové figurky|Severka Čokoládové pastelky Dinosauři 100 g";"2025-12-06";100.0
"1255799788";"Severka Čokoládové pastelky Dinosauři 100 g";"Severka";"Heureka.cz|Jídlo a nápoje|Sladkosti|Čokoládové figurky|Severka Čokoládové pastelky Dinosauři 100 g";"2025-12-06";100.0
"1255799788";"Severka Čokoládové pastelky Dinosauři 100 g";"Severka";"Heureka.cz|Jídlo a nápoje|Sladkosti|Čokoládové figurky|Severka Čokoládové pastelky Dinosauři 100 g";"2025-12-06";107.0
"1255799788";"Severka Čokoládové pastelky Dinosauři 100 g";"Severka";"Heureka.cz|Jídlo a nápoje|Sladkosti|Čokoládové figurky|Severka Čokoládové pastelky Dinosauři 100 g";"2025-12-06";108.0
"1255799788";"Severka Čokoládové pastelky Dinosauři 100 g";"Severka";"Heureka.cz|Jídlo a nápoje|Sladkosti|Čokoládové figurky|Severka Čokoládové pastelky Dinosauři 100 g";"2025-12-06";112.0
"1255799788";"Severka Čokoládové pastelky Dinosauři 100 g";"Severka";"Heureka.cz|Jídlo a nápoje|Sladkosti|Čokoládové figurky|Severka Čokoládové pastelky Dinosauři 100 g";"2025-12-06";118.0
"1255799788";"Severka Čokoládové pastelky Dinosauři 100 g";"Severka";"Heureka.cz|Jídlo a nápoje|Sladkosti|Čokoládové figurky|Severka Čokoládové pastelky Dinosauři 100 g";"2025-12-06";120.0
"1255799788";"Severka Čokoládové pastelky Dinosauři 100 g";"Severka";"Heureka.cz|Jídlo a nápoje|Sladkosti|Čokoládové figurky|Severka Čokoládové pastelky Dinosauři 100 g";"2025-12-06";120.0
"1255799788";"Severka Čokoládové pastelky Dinosauři 100 g";"Severka";"Heureka.cz|Jídlo a nápoje|Sladkosti|Čokoládové figurky|Severka Čokoládové pastelky Dinosauři 100 g";"2025-12-06";120.0
"1255799788";"Severka Čokoládové pastelky Dinosauři 100 g";"Severka";"Heureka.cz|Jídlo a nápoje|Sladkosti|Čokoládové figurky|Severka Čokoládové pastelky Dinosauři 100 g";"2025-12-07";114.0
"1255799788";"Severka Čokoládové pastelky Dinosauři 100 g";"Severka";"Heureka.cz|Jídlo a nápoje|Sladkosti|Čokoládové figurky|Severka Čokoládové pastelky Dinosauři 100 g";"2025-12-07";155.0
"1255799788";"Severka Čokoládové pastelky Dinosauři 100 g";"Severka";"Heureka.cz|Jídlo a nápoje|Sladkosti|Čokoládové figurky|Severka Čokoládové pastelky Dinosauři 100 g";"2025-12-07";83.0
"1255799788";"Severka Čokoládové pastelky Dinosauři 100 g";"Severka";"Heureka.cz|Jídlo a nápoje|Sladkosti|Čokoládové figurky|Severka Čokoládové pastelky Dinosauři 100 g";"2025-12-07";95.0
"1255799788";"Severka Čokoládové pastelky Dinosauři 100 g";"Severka";"Heureka.cz|Jídlo a nápoje|Sladkosti|Čokoládové figurky|Severka Čokoládové pastelky Dinosauři 100 g";"2025-12-07";95.0
"1255799788";"Severka Čokoládové pastelky Dinosauři 100 g";"Severka";"Heureka.cz|Jídlo a nápoje|Sladkosti|Čokoládové figurky|Severka Čokoládové pastelky Dinosauři 100 g";"2025-12-07";98.0
"1255799788";"Severka Čokoládové pastelky Dinosauři 100 g";"Severka";"Heureka.cz|Jídlo a nápoje|Sladkosti|Čokoládové figurky|Severka Čokoládové pastelky Dinosauři 100 g";"2025-12-07";99.0
"1255799788";"Severka Čokoládové pastelky Dinosauři 100 g";"Severka";"Heureka.cz|Jídlo a nápoje|Sladkosti|Čokoládové figurky|Severka Čokoládové pastelky Dinosauři 100 g";"2025-12-07";100.0
"1255799788";"Severka Čokoládové pastelky Dinosauři 100 g";"Severka";"Heureka.cz|Jídlo a nápoje|Sladkosti|Čokoládové figurky|Severka Čokoládové pastelky Dinosauři 100 g";"2025-12-07";100.0
"1255799788";"Severka Čokoládové pastelky Dinosauři 100 g";"Severka";"Heureka.cz|Jídlo a nápoje|Sladkosti|Čokoládové figurky|Severka Čokoládové pastelky Dinosauři 100 g";"2025-12-07";107.0
"1255799788";"Severka Čokoládové pastelky Dinosauři 100 g";"Severka";"Heureka.cz|Jídlo a nápoje|Sladkosti|Čokoládové figurky|Severka Čokoládové pastelky Dinosauři 100 g";"2025-12-07";108.0
"1255799788";"Severka Čokoládové pastelky Dinosauři 100 g";"Severka";"Heureka.cz|Jídlo a nápoje|Sladkosti|Čokoládové figurky|Severka Čokoládové pastelky Dinosauři 100 g";"2025-12-07";112.0
"1255799788";"Severka Čokoládové pastelky Dinosauři 100 g";"Severka";"Heureka.cz|Jídlo a nápoje|Sladkosti|Čokoládové figurky|Severka Čokoládové pastelky Dinosauři 100 g";"2025-12-07";118.0
"1255799788";"Severka Čokoládové pastelky Dinosauři 100 g";"Severka";"Heureka.cz|Jídlo a nápoje|Sladkosti|Čokoládové figurky|Severka Čokoládové pastelky Dinosauři 100 g";"2025-12-07";120.0
"1255799788";"Severka Čokoládové pastelky Dinosauři 100 g";"Severka";"Heureka.cz|Jídlo a nápoje|Sladkosti|Čokoládové figurky|Severka Čokoládové pastelky Dinosauři 100 g";"2025-12-07";120.0
"1255799788";"Severka Čokoládové pastelky Dinosauři 100 g";"Severka";"Heureka.cz|Jídlo a nápoje|Sladkosti|Čokoládové figurky|Severka Čokoládové pastelky Dinosauři 100 g";"2025-12-07";120.0
"1255799788";"Severka Čokoládové pastelky Dinosauři 100 g";"Severka";"Heureka.cz|Jídlo a nápoje|Sladkosti|Čokoládové figurky|Severka Čokoládové pastelky Dinosauři 100 g";"2025-12-08";114.0
"1255799788";"Severka Čokoládové pastelky Dinosauři 100 g";"Severka";"Heureka.cz|Jídlo a nápoje|Sladkosti|Čokoládové figurky|Severka Čokoládové pastelky Dinosauři 100 g";"2025-12-08";155.0
"1255799788";"Severka Čokoládové pastelky Dinosauři 100 g";"Severka";"Heureka.cz|Jídlo a nápoje|Sladkosti|Čokoládové figurky|Severka Čokoládové pastelky Dinosauři 100 g";"2025-12-08";83.0
"1255799788";"Severka Čokoládové pastelky Dinosauři 100 g";"Severka";"Heureka.cz|Jídlo a nápoje|Sladkosti|Čokoládové figurky|Severka Čokoládové pastelky Dinosauři 100 g";"2025-12-08";95.0
"1255799788";"Severka Čokoládové pastelky Dinosauři 100 g";"Severka";"Heureka.cz|Jídlo a nápoje|Sladkosti|Čokoládové figurky|Severka Čokoládové pastelky Dinosauři 100 g";"2025-12-08";95.0
"1255799788";"Severka Čokoládové pastelky Dinosauři 100 g";"Severka";"Heureka.cz|Jídlo a nápoje|Sladkosti|Čokoládové figurky|Severka Čokoládové pastelky Dinosauři 100 g";"2025-12-08";98.0
"1255799788";"Severka Čokoládové pastelky Dinosauři 100 g";"Severka";"Heureka.cz|Jídlo a nápoje|Sladkosti|Čokoládové figurky|Severka Čokoládové pastelky Dinosauři 100 g";"2025-12-08";99.0
"1255799788";"Severka Čokoládové pastelky Dinosauři 100 g";"Severka";"Heureka.cz|Jídlo a nápoje|Sladkosti|Čokoládové figurky|Severka Čokoládové pastelky Dinosauři 100 g";"2025-12-08";100.0
"1255799788";"Severka Čokoládové pastelky Dinosauři 100 g";"Severka";"Heureka.cz|Jídlo a nápoje|Sladkosti|Čokoládové figurky|Severka Čokoládové pastelky Dinosauři 100 g";"2025-12-08";100.0
"1255799788";"Severka Čokoládové pastelky Dinosauři 100 g";"Severka";"Heureka.cz|Jídlo a nápoje|Sladkosti|Čokoládové figurky|Severka Čokoládové pastelky Dinosauři 100 g";"2025-12-08";107.0
"1255799788";"Severka Čokoládové pastelky Dinosauři 100 g";"Severka";"Heureka.cz|Jídlo a nápoje|Sladkosti|Čokoládové figurky|Severka Čokoládové pastelky Dinosauři 100 g";"2025-12-08";108.0
"1255799788";"Severka Čokoládové pastelky Dinosauři 100 g";"Severka";"Heureka.cz|Jídlo a nápoje|Sladkosti|Čokoládové figurky|Severka Čokoládové pastelky Dinosauři 100 g";"2025-12-08";112.0
"1255799788";"Severka Čokoládové pastelky Dinosauři 100 g";"Severka";"Heureka.cz|Jídlo a nápoje|Sladkosti|Čokoládové figurky|Severka Čokoládové pastelky Dinosauři 100 g";"2025-12-08";118.0
"1255799788";"Severka Čokoládové pastelky Dinosauři 100 g";"Severka";"Heureka.cz|Jídlo a nápoje|Sladkosti|Čokoládové figurky|Severka Čokoládové pastelky Dinosauři 100 g";"2025-12-08";120.0
"1255799788";"Severka Čokoládové pastelky Dinosauři 100 g";"Severka";"Heureka.cz|Jídlo a nápoje|Sladkosti|Čokoládové figurky|Severka Čokoládové pastelky Dinosauři 100 g";"2025-12-08";120.0
"1255799788";"Severka Čokoládové pastelky Dinosauři 100 g";"Severka";"Heureka.cz|Jídlo a nápoje|Sladkosti|Čokoládové figurky|Severka Čokoládové pastelky Dinosauři 100 g";"2025-12-08";120.0
"1306820073";"Orion Lentilky Mikuláš Čert nebo Anděl 50 g";"Orion";"Heureka.cz|Jídlo a nápoje|Sladkosti|Čokoládové figurky|Orion Lentilky Mikuláš Čert nebo Anděl 50 g";"2025-10-23";39.0
"1306820073";"Orion Lentilky Mikuláš Čert nebo Anděl 50 g";"Orion";"Heureka.cz|Jídlo a nápoje|Sladkosti|Čokoládové figurky|Orion Lentilky Mikuláš Čert nebo Anděl 50 g";"2025-11-05";39.0
"1306820073";"Orion Lentilky Mikuláš Čert nebo Anděl 50 g";"Orion";"Heureka.cz|Jídlo a nápoje|Sladkosti|Čokoládové figurky|Orion Lentilky Mikuláš Čert nebo Anděl 50 g";"2025-11-06";39.0
"1306820073";"Orion Lentilky Mikuláš Čert nebo Anděl 50 g";"Orion";"Heureka.cz|Jídlo a nápoje|Sladkosti|Čokoládové figurky|Orion Lentilky Mikuláš Čert nebo Anděl 50 g";"2025-11-07";39.0
"1306820073";"Orion Lentilky Mikuláš Čert nebo Anděl 50 g";"Orion";"Heureka.cz|Jídlo a nápoje|Sladkosti|Čokoládové figurky|Orion Lentilky Mikuláš Čert nebo Anděl 50 g";"2025-11-08";39.0
"1306820073";"Orion Lentilky Mikuláš Čert nebo Anděl 50 g";"Orion";"Heureka.cz|Jídlo a nápoje|Sladkosti|Čokoládové figurky|Orion Lentilky Mikuláš Čert nebo Anděl 50 g";"2025-11-09";39.0
"1306820073";"Orion Lentilky Mikuláš Čert nebo Anděl 50 g";"Orion";"Heureka.cz|Jídlo a nápoje|Sladkosti|Čokoládové figurky|Orion Lentilky Mikuláš Čert nebo Anděl 50 g";"2025-11-09";50.0
"1306820073";"Orion Lentilky Mikuláš Čert nebo Anděl 50 g";"Orion";"Heureka.cz|Jídlo a nápoje|Sladkosti|Čokoládové figurky|Orion Lentilky Mikuláš Čert nebo Anděl 50 g";"2025-11-09";51.0
"1306820073";"Orion Lentilky Mikuláš Čert nebo Anděl 50 g";"Orion";"Heureka.cz|Jídlo a nápoje|Sladkosti|Čokoládové figurky|Orion Lentilky Mikuláš Čert nebo Anděl 50 g";"2025-11-10";39.0
"1306820073";"Orion Lentilky Mikuláš Čert nebo Anděl 50 g";"Orion";"Heureka.cz|Jídlo a nápoje|Sladkosti|Čokoládové figurky|Orion Lentilky Mikuláš Čert nebo Anděl 50 g";"2025-11-11";39.0
"1306820073";"Orion Lentilky Mikuláš Čert nebo Anděl 50 g";"Orion";"Heureka.cz|Jídlo a nápoje|Sladkosti|Čokoládové figurky|Orion Lentilky Mikuláš Čert nebo Anděl 50 g";"2025-11-12";39.0
"1306820073";"Orion Lentilky Mikuláš Čert nebo Anděl 50 g";"Orion";"Heureka.cz|Jídlo a nápoje|Sladkosti|Čokoládové figurky|Orion Lentilky Mikuláš Čert nebo Anděl 50 g";"2025-11-12";50.0
"1306820073";"Orion Lentilky Mikuláš Čert nebo Anděl 50 g";"Orion";"Heureka.cz|Jídlo a nápoje|Sladkosti|Čokoládové figurky|Orion Lentilky Mikuláš Čert nebo Anděl 50 g";"2025-11-13";39.0
"1306820073";"Orion Lentilky Mikuláš Čert nebo Anděl 50 g";"Orion";"Heureka.cz|Jídlo a nápoje|Sladkosti|Čokoládové figurky|Orion Lentilky Mikuláš Čert nebo Anděl 50 g";"2025-11-16";51.0
"1306820073";"Orion Lentilky Mikuláš Čert nebo Anděl 50 g";"Orion";"Heureka.cz|Jídlo a nápoje|Sladkosti|Čokoládové figurky|Orion Lentilky Mikuláš Čert nebo Anděl 50 g";"2025-11-16";52.0
"1306820073";"Orion Lentilky Mikuláš Čert nebo Anděl 50 g";"Orion";"Heureka.cz|Jídlo a nápoje|Sladkosti|Čokoládové figurky|Orion Lentilky Mikuláš Čert nebo Anděl 50 g";"2025-11-17";51.0
"1306820073";"Orion Lentilky Mikuláš Čert nebo Anděl 50 g";"Orion";"Heureka.cz|Jídlo a nápoje|Sladkosti|Čokoládové figurky|Orion Lentilky Mikuláš Čert nebo Anděl 50 g";"2025-11-17";52.0
"1306820073";"Orion Lentilky Mikuláš Čert nebo Anděl 50 g";"Orion";"Heureka.cz|Jídlo a nápoje|Sladkosti|Čokoládové figurky|Orion Lentilky Mikuláš Čert nebo Anděl 50 g";"2025-11-21";42.0
"1306820073";"Orion Lentilky Mikuláš Čert nebo Anděl 50 g";"Orion";"Heureka.cz|Jídlo a nápoje|Sladkosti|Čokoládové figurky|Orion Lentilky Mikuláš Čert nebo Anděl 50 g";"2025-11-22";42.0
"1306820073";"Orion Lentilky Mikuláš Čert nebo Anděl 50 g";"Orion";"Heureka.cz|Jídlo a nápoje|Sladkosti|Čokoládové figurky|Orion Lentilky Mikuláš Čert nebo Anděl 50 g";"2025-11-23";42.0
"1306820073";"Orion Lentilky Mikuláš Čert nebo Anděl 50 g";"Orion";"Heureka.cz|Jídlo a nápoje|Sladkosti|Čokoládové figurky|Orion Lentilky Mikuláš Čert nebo Anděl 50 g";"2025-11-24";42.0
"1306820073";"Orion Lentilky Mikuláš Čert nebo Anděl 50 g";"Orion";"Heureka.cz|Jídlo a nápoje|Sladkosti|Čokoládové figurky|Orion Lentilky Mikuláš Čert nebo Anděl 50 g";"2025-11-25";42.0
"1307075182";"KITKAT Mikuláš 29g";"Nestlé";"Heureka.cz|Jídlo a nápoje|Sladkosti|Čokoládové figurky|KITKAT Mikuláš 29g";"2025-10-23";25.0
"1307075182";"KITKAT Mikuláš 29g";"Nestlé";"Heureka.cz|Jídlo a nápoje|Sladkosti|Čokoládové figurky|KITKAT Mikuláš 29g";"2025-11-06";25.0
"1307075182";"KITKAT Mikuláš 29g";"Nestlé";"Heureka.cz|Jídlo a nápoje|Sladkosti|Čokoládové figurky|KITKAT Mikuláš 29g";"2025-11-07";25.0
"1307075182";"KITKAT Mikuláš 29g";"Nestlé";"Heureka.cz|Jídlo a nápoje|Sladkosti|Čokoládové figurky|KITKAT Mikuláš 29g";"2025-11-08";25.0
"1307075182";"KITKAT Mikuláš 29g";"Nestlé";"Heureka.cz|Jídlo a nápoje|Sladkosti|Čokoládové figurky|KITKAT Mikuláš 29g";"2025-11-09";25.0
"1307075182";"KITKAT Mikuláš 29g";"Nestlé";"Heureka.cz|Jídlo a nápoje|Sladkosti|Čokoládové figurky|KITKAT Mikuláš 29g";"2025-11-09";34.0
"1307075182";"KITKAT Mikuláš 29g";"Nestlé";"Heureka.cz|Jídlo a nápoje|Sladkosti|Čokoládové figurky|KITKAT Mikuláš 29g";"2025-11-09";34.0
"1307075182";"KITKAT Mikuláš 29g";"Nestlé";"Heureka.cz|Jídlo a nápoje|Sladkosti|Čokoládové figurky|KITKAT Mikuláš 29g";"2025-11-10";25.0
"1307075182";"KITKAT Mikuláš 29g";"Nestlé";"Heureka.cz|Jídlo a nápoje|Sladkosti|Čokoládové figurky|KITKAT Mikuláš 29g";"2025-11-11";25.0
"1307075182";"KITKAT Mikuláš 29g";"Nestlé";"Heureka.cz|Jídlo a nápoje|Sladkosti|Čokoládové figurky|KITKAT Mikuláš 29g";"2025-11-12";25.0
"1307075182";"KITKAT Mikuláš 29g";"Nestlé";"Heureka.cz|Jídlo a nápoje|Sladkosti|Čokoládové figurky|KITKAT Mikuláš 29g";"2025-11-12";34.0
"1307075182";"KITKAT Mikuláš 29g";"Nestlé";"Heureka.cz|Jídlo a nápoje|Sladkosti|Čokoládové figurky|KITKAT Mikuláš 29g";"2025-11-13";25.0
"1307075182";"KITKAT Mikuláš 29g";"Nestlé";"Heureka.cz|Jídlo a nápoje|Sladkosti|Čokoládové figurky|KITKAT Mikuláš 29g";"2025-11-14";25.0
"1307075182";"KITKAT Mikuláš 29g";"Nestlé";"Heureka.cz|Jídlo a nápoje|Sladkosti|Čokoládové figurky|KITKAT Mikuláš 29g";"2025-11-15";25.0
"1307075182";"KITKAT Mikuláš 29g";"Nestlé";"Heureka.cz|Jídlo a nápoje|Sladkosti|Čokoládové figurky|KITKAT Mikuláš 29g";"2025-11-16";25.0
"1307075182";"KITKAT Mikuláš 29g";"Nestlé";"Heureka.cz|Jídlo a nápoje|Sladkosti|Čokoládové figurky|KITKAT Mikuláš 29g";"2025-11-16";34.0
"1307075182";"KITKAT Mikuláš 29g";"Nestlé";"Heureka.cz|Jídlo a nápoje|Sladkosti|Čokoládové figurky|KITKAT Mikuláš 29g";"2025-11-16";35.0
"1307075182";"KITKAT Mikuláš 29g";"Nestlé";"Heureka.cz|Jídlo a nápoje|Sladkosti|Čokoládové figurky|KITKAT Mikuláš 29g";"2025-11-17";25.0
"1307075182";"KITKAT Mikuláš 29g";"Nestlé";"Heureka.cz|Jídlo a nápoje|Sladkosti|Čokoládové figurky|KITKAT Mikuláš 29g";"2025-11-18";25.0
"1307075182";"KITKAT Mikuláš 29g";"Nestlé";"Heureka.cz|Jídlo a nápoje|Sladkosti|Čokoládové figurky|KITKAT Mikuláš 29g";"2025-11-19";25.0
"1307075182";"KITKAT Mikuláš 29g";"Nestlé";"Heureka.cz|Jídlo a nápoje|Sladkosti|Čokoládové figurky|KITKAT Mikuláš 29g";"2025-11-20";25.0
"1307075182";"KITKAT Mikuláš 29g";"Nestlé";"Heureka.cz|Jídlo a nápoje|Sladkosti|Čokoládové figurky|KITKAT Mikuláš 29g";"2025-11-21";25.0
"1307075182";"KITKAT Mikuláš 29g";"Nestlé";"Heureka.cz|Jídlo a nápoje|Sladkosti|Čokoládové figurky|KITKAT Mikuláš 29g";"2025-11-22";25.0
"1307075182";"KITKAT Mikuláš 29g";"Nestlé";"Heureka.cz|Jídlo a nápoje|Sladkosti|Čokoládové figurky|KITKAT Mikuláš 29g";"2025-11-23";25.0
"1307075201";"Kit Kat Mikuláš 17 g";"Kitkat";"Heureka.cz|Jídlo a nápoje|Sladkosti|Čokoládové figurky|Kit Kat Mikuláš 17 g";"2025-10-23";25.0
"1307075201";"Kit Kat Mikuláš 17 g";"Kitkat";"Heureka.cz|Jídlo a nápoje|Sladkosti|Čokoládové figurky|Kit Kat Mikuláš 17 g";"2025-10-23";17.0
"1307075201";"Kit Kat Mikuláš 17 g";"Kitkat";"Heureka.cz|Jídlo a nápoje|Sladkosti|Čokoládové figurky|Kit Kat Mikuláš 17 g";"2025-10-23";25.0
"1307075201";"Kit Kat Mikuláš 17 g";"Kitkat";"Heureka.cz|Jídlo a nápoje|Sladkosti|Čokoládové figurky|Kit Kat Mikuláš 17 g";"2025-11-05";25.0
"1307075201";"Kit Kat Mikuláš 17 g";"Kitkat";"Heureka.cz|Jídlo a nápoje|Sladkosti|Čokoládové figurky|Kit Kat Mikuláš 17 g";"2025-11-05";17.0
"1307075201";"Kit Kat Mikuláš 17 g";"Kitkat";"Heureka.cz|Jídlo a nápoje|Sladkosti|Čokoládové figurky|Kit Kat Mikuláš 17 g";"2025-11-05";22.0
"1307075201";"Kit Kat Mikuláš 17 g";"Kitkat";"Heureka.cz|Jídlo a nápoje|Sladkosti|Čokoládové figurky|Kit Kat Mikuláš 17 g";"2025-11-06";25.0
"1307075201";"Kit Kat Mikuláš 17 g";"Kitkat";"Heureka.cz|Jídlo a nápoje|Sladkosti|Čokoládové figurky|Kit Kat Mikuláš 17 g";"2025-11-06";17.0
"1307075201";"Kit Kat Mikuláš 17 g";"Kitkat";"Heureka.cz|Jídlo a nápoje|Sladkosti|Čokoládové figurky|Kit Kat Mikuláš 17 g";"2025-11-06";22.0
"1307075201";"Kit Kat Mikuláš 17 g";"Kitkat";"Heureka.cz|Jídlo a nápoje|Sladkosti|Čokoládové figurky|Kit Kat Mikuláš 17 g";"2025-11-07";25.0
"1307075201";"Kit Kat Mikuláš 17 g";"Kitkat";"Heureka.cz|Jídlo a nápoje|Sladkosti|Čokoládové figurky|Kit Kat Mikuláš 17 g";"2025-11-07";17.0
"1307075201";"Kit Kat Mikuláš 17 g";"Kitkat";"Heureka.cz|Jídlo a nápoje|Sladkosti|Čokoládové figurky|Kit Kat Mikuláš 17 g";"2025-11-07";22.0
"1307075201";"Kit Kat Mikuláš 17 g";"Kitkat";"Heureka.cz|Jídlo a nápoje|Sladkosti|Čokoládové figurky|Kit Kat Mikuláš 17 g";"2025-11-08";25.0
"1307075201";"Kit Kat Mikuláš 17 g";"Kitkat";"Heureka.cz|Jídlo a nápoje|Sladkosti|Čokoládové figurky|Kit Kat Mikuláš 17 g";"2025-11-08";17.0
"1307075201";"Kit Kat Mikuláš 17 g";"Kitkat";"Heureka.cz|Jídlo a nápoje|Sladkosti|Čokoládové figurky|Kit Kat Mikuláš 17 g";"2025-11-08";22.0
"1307075201";"Kit Kat Mikuláš 17 g";"Kitkat";"Heureka.cz|Jídlo a nápoje|Sladkosti|Čokoládové figurky|Kit Kat Mikuláš 17 g";"2025-11-09";25.0
"1307075201";"Kit Kat Mikuláš 17 g";"Kitkat";"Heureka.cz|Jídlo a nápoje|Sladkosti|Čokoládové figurky|Kit Kat Mikuláš 17 g";"2025-11-09";17.0
"1307075201";"Kit Kat Mikuláš 17 g";"Kitkat";"Heureka.cz|Jídlo a nápoje|Sladkosti|Čokoládové figurky|Kit Kat Mikuláš 17 g";"2025-11-09";22.0
"1307075201";"Kit Kat Mikuláš 17 g";"Kitkat";"Heureka.cz|Jídlo a nápoje|Sladkosti|Čokoládové figurky|Kit Kat Mikuláš 17 g";"2025-11-09";24.0
"1307075201";"Kit Kat Mikuláš 17 g";"Kitkat";"Heureka.cz|Jídlo a nápoje|Sladkosti|Čokoládové figurky|Kit Kat Mikuláš 17 g";"2025-11-09";24.0
"1307075201";"Kit Kat Mikuláš 17 g";"Kitkat";"Heureka.cz|Jídlo a nápoje|Sladkosti|Čokoládové figurky|Kit Kat Mikuláš 17 g";"2025-11-10";25.0
"1307075201";"Kit Kat Mikuláš 17 g";"Kitkat";"Heureka.cz|Jídlo a nápoje|Sladkosti|Čokoládové figurky|Kit Kat Mikuláš 17 g";"2025-11-10";17.0
"1307075201";"Kit Kat Mikuláš 17 g";"Kitkat";"Heureka.cz|Jídlo a nápoje|Sladkosti|Čokoládové figurky|Kit Kat Mikuláš 17 g";"2025-11-10";22.0
"1307075201";"Kit Kat Mikuláš 17 g";"Kitkat";"Heureka.cz|Jídlo a nápoje|Sladkosti|Čokoládové figurky|Kit Kat Mikuláš 17 g";"2025-11-11";25.0
"1307075201";"Kit Kat Mikuláš 17 g";"Kitkat";"Heureka.cz|Jídlo a nápoje|Sladkosti|Čokoládové figurky|Kit Kat Mikuláš 17 g";"2025-11-11";17.0
"1307075201";"Kit Kat Mikuláš 17 g";"Kitkat";"Heureka.cz|Jídlo a nápoje|Sladkosti|Čokoládové figurky|Kit Kat Mikuláš 17 g";"2025-11-11";22.0
"1307075201";"Kit Kat Mikuláš 17 g";"Kitkat";"Heureka.cz|Jídlo a nápoje|Sladkosti|Čokoládové figurky|Kit Kat Mikuláš 17 g";"2025-11-12";25.0
"1307075201";"Kit Kat Mikuláš 17 g";"Kitkat";"Heureka.cz|Jídlo a nápoje|Sladkosti|Čokoládové figurky|Kit Kat Mikuláš 17 g";"2025-11-12";22.0
"1307075201";"Kit Kat Mikuláš 17 g";"Kitkat";"Heureka.cz|Jídlo a nápoje|Sladkosti|Čokoládové figurky|Kit Kat Mikuláš 17 g";"2025-11-12";24.0
"1307075201";"Kit Kat Mikuláš 17 g";"Kitkat";"Heureka.cz|Jídlo a nápoje|Sladkosti|Čokoládové figurky|Kit Kat Mikuláš 17 g";"2025-11-13";25.0
"1307075201";"Kit Kat Mikuláš 17 g";"Kitkat";"Heureka.cz|Jídlo a nápoje|Sladkosti|Čokoládové figurky|Kit Kat Mikuláš 17 g";"2025-11-13";22.0
"1307075201";"Kit Kat Mikuláš 17 g";"Kitkat";"Heureka.cz|Jídlo a nápoje|Sladkosti|Čokoládové figurky|Kit Kat Mikuláš 17 g";"2025-11-13";24.0
"1307075201";"Kit Kat Mikuláš 17 g";"Kitkat";"Heureka.cz|Jídlo a nápoje|Sladkosti|Čokoládové figurky|Kit Kat Mikuláš 17 g";"2025-11-14";25.0
"1307075201";"Kit Kat Mikuláš 17 g";"Kitkat";"Heureka.cz|Jídlo a nápoje|Sladkosti|Čokoládové figurky|Kit Kat Mikuláš 17 g";"2025-11-14";22.0
"1307075201";"Kit Kat Mikuláš 17 g";"Kitkat";"Heureka.cz|Jídlo a nápoje|Sladkosti|Čokoládové figurky|Kit Kat Mikuláš 17 g";"2025-11-14";24.0
"1307075201";"Kit Kat Mikuláš 17 g";"Kitkat";"Heureka.cz|Jídlo a nápoje|Sladkosti|Čokoládové figurky|Kit Kat Mikuláš 17 g";"2025-11-15";25.0
"1307075201";"Kit Kat Mikuláš 17 g";"Kitkat";"Heureka.cz|Jídlo a nápoje|Sladkosti|Čokoládové figurky|Kit Kat Mikuláš 17 g";"2025-11-15";22.0
"1307075201";"Kit Kat Mikuláš 17 g";"Kitkat";"Heureka.cz|Jídlo a nápoje|Sladkosti|Čokoládové figurky|Kit Kat Mikuláš 17 g";"2025-11-16";25.0
"1307075201";"Kit Kat Mikuláš 17 g";"Kitkat";"Heureka.cz|Jídlo a nápoje|Sladkosti|Čokoládové figurky|Kit Kat Mikuláš 17 g";"2025-11-16";22.0
"1307075201";"Kit Kat Mikuláš 17 g";"Kitkat";"Heureka.cz|Jídlo a nápoje|Sladkosti|Čokoládové figurky|Kit Kat Mikuláš 17 g";"2025-11-16";24.0
"1307075201";"Kit Kat Mikuláš 17 g";"Kitkat";"Heureka.cz|Jídlo a nápoje|Sladkosti|Čokoládové figurky|Kit Kat Mikuláš 17 g";"2025-11-16";25.0
"1307075201";"Kit Kat Mikuláš 17 g";"Kitkat";"Heureka.cz|Jídlo a nápoje|Sladkosti|Čokoládové figurky|Kit Kat Mikuláš 17 g";"2025-11-17";25.0
"1307075201";"Kit Kat Mikuláš 17 g";"Kitkat";"Heureka.cz|Jídlo a nápoje|Sladkosti|Čokoládové figurky|Kit Kat Mikuláš 17 g";"2025-11-17";22.0
"1307075201";"Kit Kat Mikuláš 17 g";"Kitkat";"Heureka.cz|Jídlo a nápoje|Sladkosti|Čokoládové figurky|Kit Kat Mikuláš 17 g";"2025-11-17";24.0
"1307075201";"Kit Kat Mikuláš 17 g";"Kitkat";"Heureka.cz|Jídlo a nápoje|Sladkosti|Čokoládové figurky|Kit Kat Mikuláš 17 g";"2025-11-17";25.0
"1307075201";"Kit Kat Mikuláš 17 g";"Kitkat";"Heureka.cz|Jídlo a nápoje|Sladkosti|Čokoládové figurky|Kit Kat Mikuláš 17 g";"2025-11-18";25.0
"1307075201";"Kit Kat Mikuláš 17 g";"Kitkat";"Heureka.cz|Jídlo a nápoje|Sladkosti|Čokoládové figurky|Kit Kat Mikuláš 17 g";"2025-11-18";22.0
"1307075201";"Kit Kat Mikuláš 17 g";"Kitkat";"Heureka.cz|Jídlo a nápoje|Sladkosti|Čokoládové figurky|Kit Kat Mikuláš 17 g";"2025-11-19";25.0
"1307075201";"Kit Kat Mikuláš 17 g";"Kitkat";"Heureka.cz|Jídlo a nápoje|Sladkosti|Čokoládové figurky|Kit Kat Mikuláš 17 g";"2025-11-19";22.0
"1307075201";"Kit Kat Mikuláš 17 g";"Kitkat";"Heureka.cz|Jídlo a nápoje|Sladkosti|Čokoládové figurky|Kit Kat Mikuláš 17 g";"2025-11-20";25.0
"1307075201";"Kit Kat Mikuláš 17 g";"Kitkat";"Heureka.cz|Jídlo a nápoje|Sladkosti|Čokoládové figurky|Kit Kat Mikuláš 17 g";"2025-11-20";22.0
"1307075201";"Kit Kat Mikuláš 17 g";"Kitkat";"Heureka.cz|Jídlo a nápoje|Sladkosti|Čokoládové figurky|Kit Kat Mikuláš 17 g";"2025-11-21";25.0
"1307075201";"Kit Kat Mikuláš 17 g";"Kitkat";"Heureka.cz|Jídlo a nápoje|Sladkosti|Čokoládové figurky|Kit Kat Mikuláš 17 g";"2025-11-21";22.0
"1307075201";"Kit Kat Mikuláš 17 g";"Kitkat";"Heureka.cz|Jídlo a nápoje|Sladkosti|Čokoládové figurky|Kit Kat Mikuláš 17 g";"2025-11-22";25.0
"1307075201";"Kit Kat Mikuláš 17 g";"Kitkat";"Heureka.cz|Jídlo a nápoje|Sladkosti|Čokoládové figurky|Kit Kat Mikuláš 17 g";"2025-11-22";22.0
"1307075201";"Kit Kat Mikuláš 17 g";"Kitkat";"Heureka.cz|Jídlo a nápoje|Sladkosti|Čokoládové figurky|Kit Kat Mikuláš 17 g";"2025-11-23";25.0
"1307075201";"Kit Kat Mikuláš 17 g";"Kitkat";"Heureka.cz|Jídlo a nápoje|Sladkosti|Čokoládové figurky|Kit Kat Mikuláš 17 g";"2025-11-23";22.0
"1307075201";"Kit Kat Mikuláš 17 g";"Kitkat";"Heureka.cz|Jídlo a nápoje|Sladkosti|Čokoládové figurky|Kit Kat Mikuláš 17 g";"2025-11-24";25.0
"1307075201";"Kit Kat Mikuláš 17 g";"Kitkat";"Heureka.cz|Jídlo a nápoje|Sladkosti|Čokoládové figurky|Kit Kat Mikuláš 17 g";"2025-11-24";22.0
"1307075201";"Kit Kat Mikuláš 17 g";"Kitkat";"Heureka.cz|Jídlo a nápoje|Sladkosti|Čokoládové figurky|Kit Kat Mikuláš 17 g";"2025-11-25";25.0
"1307075201";"Kit Kat Mikuláš 17 g";"Kitkat";"Heureka.cz|Jídlo a nápoje|Sladkosti|Čokoládové figurky|Kit Kat Mikuláš 17 g";"2025-11-25";22.0
"1307075201";"Kit Kat Mikuláš 17 g";"Kitkat";"Heureka.cz|Jídlo a nápoje|Sladkosti|Čokoládové figurky|Kit Kat Mikuláš 17 g";"2025-11-26";25.0
"1307075201";"Kit Kat Mikuláš 17 g";"Kitkat";"Heureka.cz|Jídlo a nápoje|Sladkosti|Čokoládové figurky|Kit Kat Mikuláš 17 g";"2025-11-26";22.0
"1307075201";"Kit Kat Mikuláš 17 g";"Kitkat";"Heureka.cz|Jídlo a nápoje|Sladkosti|Čokoládové figurky|Kit Kat Mikuláš 17 g";"2025-11-27";25.0
"1307075201";"Kit Kat Mikuláš 17 g";"Kitkat";"Heureka.cz|Jídlo a nápoje|Sladkosti|Čokoládové figurky|Kit Kat Mikuláš 17 g";"2025-11-27";22.0
"1307075201";"Kit Kat Mikuláš 17 g";"Kitkat";"Heureka.cz|Jídlo a nápoje|Sladkosti|Čokoládové figurky|Kit Kat Mikuláš 17 g";"2025-11-28";25.0
"1307075201";"Kit Kat Mikuláš 17 g";"Kitkat";"Heureka.cz|Jídlo a nápoje|Sladkosti|Čokoládové figurky|Kit Kat Mikuláš 17 g";"2025-11-29";25.0
"1307075201";"Kit Kat Mikuláš 17 g";"Kitkat";"Heureka.cz|Jídlo a nápoje|Sladkosti|Čokoládové figurky|Kit Kat Mikuláš 17 g";"2025-11-30";25.0
"1307075201";"Kit Kat Mikuláš 17 g";"Kitkat";"Heureka.cz|Jídlo a nápoje|Sladkosti|Čokoládové figurky|Kit Kat Mikuláš 17 g";"2025-11-30";22.0
"1307075201";"Kit Kat Mikuláš 17 g";"Kitkat";"Heureka.cz|Jídlo a nápoje|Sladkosti|Čokoládové figurky|Kit Kat Mikuláš 17 g";"2025-12-01";22.0
"1307075201";"Kit Kat Mikuláš 17 g";"Kitkat";"Heureka.cz|Jídlo a nápoje|Sladkosti|Čokoládové figurky|Kit Kat Mikuláš 17 g";"2025-12-02";22.0
"1307075201";"Kit Kat Mikuláš 17 g";"Kitkat";"Heureka.cz|Jídlo a nápoje|Sladkosti|Čokoládové figurky|Kit Kat Mikuláš 17 g";"2025-12-03";22.0
"1307075201";"Kit Kat Mikuláš 17 g";"Kitkat";"Heureka.cz|Jídlo a nápoje|Sladkosti|Čokoládové figurky|Kit Kat Mikuláš 17 g";"2025-12-04";22.0
"1307075201";"Kit Kat Mikuláš 17 g";"Kitkat";"Heureka.cz|Jídlo a nápoje|Sladkosti|Čokoládové figurky|Kit Kat Mikuláš 17 g";"2025-12-05";22.0
"1310997104";"Orion Lentilky mikuláš sob tučňák 18,7 g";"Orion";"Heureka.cz|Jídlo a nápoje|Sladkosti|Čokoládové figurky|Orion Lentilky mikuláš sob tučňák 18,7 g";"2025-10-23";25.0
"1310997104";"Orion Lentilky mikuláš sob tučňák 18,7 g";"Orion";"Heureka.cz|Jídlo a nápoje|Sladkosti|Čokoládové figurky|Orion Lentilky mikuláš sob tučňák 18,7 g";"2025-10-23";19.0
"1310997104";"Orion Lentilky mikuláš sob tučňák 18,7 g";"Orion";"Heureka.cz|Jídlo a nápoje|Sladkosti|Čokoládové figurky|Orion Lentilky mikuláš sob tučňák 18,7 g";"2025-11-05";25.0
"1310997104";"Orion Lentilky mikuláš sob tučňák 18,7 g";"Orion";"Heureka.cz|Jídlo a nápoje|Sladkosti|Čokoládové figurky|Orion Lentilky mikuláš sob tučňák 18,7 g";"2025-11-06";25.0
"1310997104";"Orion Lentilky mikuláš sob tučňák 18,7 g";"Orion";"Heureka.cz|Jídlo a nápoje|Sladkosti|Čokoládové figurky|Orion Lentilky mikuláš sob tučňák 18,7 g";"2025-11-07";25.0
"1310997104";"Orion Lentilky mikuláš sob tučňák 18,7 g";"Orion";"Heureka.cz|Jídlo a nápoje|Sladkosti|Čokoládové figurky|Orion Lentilky mikuláš sob tučňák 18,7 g";"2025-11-08";25.0
"1310997104";"Orion Lentilky mikuláš sob tučňák 18,7 g";"Orion";"Heureka.cz|Jídlo a nápoje|Sladkosti|Čokoládové figurky|Orion Lentilky mikuláš sob tučňák 18,7 g";"2025-11-09";25.0
"1310997104";"Orion Lentilky mikuláš sob tučňák 18,7 g";"Orion";"Heureka.cz|Jídlo a nápoje|Sladkosti|Čokoládové figurky|Orion Lentilky mikuláš sob tučňák 18,7 g";"2025-11-09";24.0
"1310997104";"Orion Lentilky mikuláš sob tučňák 18,7 g";"Orion";"Heureka.cz|Jídlo a nápoje|Sladkosti|Čokoládové figurky|Orion Lentilky mikuláš sob tučňák 18,7 g";"2025-11-09";24.0
"1310997104";"Orion Lentilky mikuláš sob tučňák 18,7 g";"Orion";"Heureka.cz|Jídlo a nápoje|Sladkosti|Čokoládové figurky|Orion Lentilky mikuláš sob tučňák 18,7 g";"2025-11-10";25.0
"1310997104";"Orion Lentilky mikuláš sob tučňák 18,7 g";"Orion";"Heureka.cz|Jídlo a nápoje|Sladkosti|Čokoládové figurky|Orion Lentilky mikuláš sob tučňák 18,7 g";"2025-11-11";25.0
"1310997104";"Orion Lentilky mikuláš sob tučňák 18,7 g";"Orion";"Heureka.cz|Jídlo a nápoje|Sladkosti|Čokoládové figurky|Orion Lentilky mikuláš sob tučňák 18,7 g";"2025-11-12";25.0
"1310997104";"Orion Lentilky mikuláš sob tučňák 18,7 g";"Orion";"Heureka.cz|Jídlo a nápoje|Sladkosti|Čokoládové figurky|Orion Lentilky mikuláš sob tučňák 18,7 g";"2025-11-12";24.0
"1310997104";"Orion Lentilky mikuláš sob tučňák 18,7 g";"Orion";"Heureka.cz|Jídlo a nápoje|Sladkosti|Čokoládové figurky|Orion Lentilky mikuláš sob tučňák 18,7 g";"2025-11-13";25.0
"1310997104";"Orion Lentilky mikuláš sob tučňák 18,7 g";"Orion";"Heureka.cz|Jídlo a nápoje|Sladkosti|Čokoládové figurky|Orion Lentilky mikuláš sob tučňák 18,7 g";"2025-11-14";25.0
"1310997104";"Orion Lentilky mikuláš sob tučňák 18,7 g";"Orion";"Heureka.cz|Jídlo a nápoje|Sladkosti|Čokoládové figurky|Orion Lentilky mikuláš sob tučňák 18,7 g";"2025-11-15";25.0
"1310997104";"Orion Lentilky mikuláš sob tučňák 18,7 g";"Orion";"Heureka.cz|Jídlo a nápoje|Sladkosti|Čokoládové figurky|Orion Lentilky mikuláš sob tučňák 18,7 g";"2025-11-16";25.0
"1310997104";"Orion Lentilky mikuláš sob tučňák 18,7 g";"Orion";"Heureka.cz|Jídlo a nápoje|Sladkosti|Čokoládové figurky|Orion Lentilky mikuláš sob tučňák 18,7 g";"2025-11-16";24.0
"1310997104";"Orion Lentilky mikuláš sob tučňák 18,7 g";"Orion";"Heureka.cz|Jídlo a nápoje|Sladkosti|Čokoládové figurky|Orion Lentilky mikuláš sob tučňák 18,7 g";"2025-11-16";25.0
"1310997104";"Orion Lentilky mikuláš sob tučňák 18,7 g";"Orion";"Heureka.cz|Jídlo a nápoje|Sladkosti|Čokoládové figurky|Orion Lentilky mikuláš sob tučňák 18,7 g";"2025-11-17";25.0
"1310997104";"Orion Lentilky mikuláš sob tučňák 18,7 g";"Orion";"Heureka.cz|Jídlo a nápoje|Sladkosti|Čokoládové figurky|Orion Lentilky mikuláš sob tučňák 18,7 g";"2025-11-17";24.0
"1310997104";"Orion Lentilky mikuláš sob tučňák 18,7 g";"Orion";"Heureka.cz|Jídlo a nápoje|Sladkosti|Čokoládové figurky|Orion Lentilky mikuláš sob tučňák 18,7 g";"2025-11-17";25.0
"1310997104";"Orion Lentilky mikuláš sob tučňák 18,7 g";"Orion";"Heureka.cz|Jídlo a nápoje|Sladkosti|Čokoládové figurky|Orion Lentilky mikuláš sob tučňák 18,7 g";"2025-11-18";25.0
"1310997104";"Orion Lentilky mikuláš sob tučňák 18,7 g";"Orion";"Heureka.cz|Jídlo a nápoje|Sladkosti|Čokoládové figurky|Orion Lentilky mikuláš sob tučňák 18,7 g";"2025-11-19";25.0
"1310997104";"Orion Lentilky mikuláš sob tučňák 18,7 g";"Orion";"Heureka.cz|Jídlo a nápoje|Sladkosti|Čokoládové figurky|Orion Lentilky mikuláš sob tučňák 18,7 g";"2025-11-20";25.0
"1310997104";"Orion Lentilky mikuláš sob tučňák 18,7 g";"Orion";"Heureka.cz|Jídlo a nápoje|Sladkosti|Čokoládové figurky|Orion Lentilky mikuláš sob tučňák 18,7 g";"2025-11-21";25.0
"1310997104";"Orion Lentilky mikuláš sob tučňák 18,7 g";"Orion";"Heureka.cz|Jídlo a nápoje|Sladkosti|Čokoládové figurky|Orion Lentilky mikuláš sob tučňák 18,7 g";"2025-11-22";25.0
"1310997104";"Orion Lentilky mikuláš sob tučňák 18,7 g";"Orion";"Heureka.cz|Jídlo a nápoje|Sladkosti|Čokoládové figurky|Orion Lentilky mikuláš sob tučňák 18,7 g";"2025-11-23";25.0
"1310997104";"Orion Lentilky mikuláš sob tučňák 18,7 g";"Orion";"Heureka.cz|Jídlo a nápoje|Sladkosti|Čokoládové figurky|Orion Lentilky mikuláš sob tučňák 18,7 g";"2025-11-24";25.0
"1310997104";"Orion Lentilky mikuláš sob tučňák 18,7 g";"Orion";"Heureka.cz|Jídlo a nápoje|Sladkosti|Čokoládové figurky|Orion Lentilky mikuláš sob tučňák 18,7 g";"2025-11-25";25.0
"1310997104";"Orion Lentilky mikuláš sob tučňák 18,7 g";"Orion";"Heureka.cz|Jídlo a nápoje|Sladkosti|Čokoládové figurky|Orion Lentilky mikuláš sob tučňák 18,7 g";"2025-11-26";25.0
"1310997104";"Orion Lentilky mikuláš sob tučňák 18,7 g";"Orion";"Heureka.cz|Jídlo a nápoje|Sladkosti|Čokoládové figurky|Orion Lentilky mikuláš sob tučňák 18,7 g";"2025-11-27";25.0
"1310997104";"Orion Lentilky mikuláš sob tučňák 18,7 g";"Orion";"Heureka.cz|Jídlo a nápoje|Sladkosti|Čokoládové figurky|Orion Lentilky mikuláš sob tučňák 18,7 g";"2025-11-28";25.0
"1310997104";"Orion Lentilky mikuláš sob tučňák 18,7 g";"Orion";"Heureka.cz|Jídlo a nápoje|Sladkosti|Čokoládové figurky|Orion Lentilky mikuláš sob tučňák 18,7 g";"2025-11-29";25.0
"1310997104";"Orion Lentilky mikuláš sob tučňák 18,7 g";"Orion";"Heureka.cz|Jídlo a nápoje|Sladkosti|Čokoládové figurky|Orion Lentilky mikuláš sob tučňák 18,7 g";"2025-11-30";25.0
"1310997104";"Orion Lentilky mikuláš sob tučňák 18,7 g";"Orion";"Heureka.cz|Jídlo a nápoje|Sladkosti|Čokoládové figurky|Orion Lentilky mikuláš sob tučňák 18,7 g";"2025-12-01";25.0
"1310997104";"Orion Lentilky mikuláš sob tučňák 18,7 g";"Orion";"Heureka.cz|Jídlo a nápoje|Sladkosti|Čokoládové figurky|Orion Lentilky mikuláš sob tučňák 18,7 g";"2025-12-02";25.0
"1310997104";"Orion Lentilky mikuláš sob tučňák 18,7 g";"Orion";"Heureka.cz|Jídlo a nápoje|Sladkosti|Čokoládové figurky|Orion Lentilky mikuláš sob tučňák 18,7 g";"2025-12-03";25.0
"1310997104";"Orion Lentilky mikuláš sob tučňák 18,7 g";"Orion";"Heureka.cz|Jídlo a nápoje|Sladkosti|Čokoládové figurky|Orion Lentilky mikuláš sob tučňák 18,7 g";"2025-12-04";25.0
"1310997104";"Orion Lentilky mikuláš sob tučňák 18,7 g";"Orion";"Heureka.cz|Jídlo a nápoje|Sladkosti|Čokoládové figurky|Orion Lentilky mikuláš sob tučňák 18,7 g";"2025-12-05";25.0
"1310997104";"Orion Lentilky mikuláš sob tučňák 18,7 g";"Orion";"Heureka.cz|Jídlo a nápoje|Sladkosti|Čokoládové figurky|Orion Lentilky mikuláš sob tučňák 18,7 g";"2025-12-06";25.0
"1310997104";"Orion Lentilky mikuláš sob tučňák 18,7 g";"Orion";"Heureka.cz|Jídlo a nápoje|Sladkosti|Čokoládové figurky|Orion Lentilky mikuláš sob tučňák 18,7 g";"2025-12-07";25.0
"1310997104";"Orion Lentilky mikuláš sob tučňák 18,7 g";"Orion";"Heureka.cz|Jídlo a nápoje|Sladkosti|Čokoládové figurky|Orion Lentilky mikuláš sob tučňák 18,7 g";"2025-12-08";25.0
"1315778455";"Only Čokoládové zlaté mince v síťce 85 g";"Only";"Heureka.cz|Jídlo a nápoje|Sladkosti|Čokoládové figurky|Only Čokoládové zlaté mince v síťce 85 g";"2025-10-23";42.0
"1315778455";"Only Čokoládové zlaté mince v síťce 85 g";"Only";"Heureka.cz|Jídlo a nápoje|Sladkosti|Čokoládové figurky|Only Čokoládové zlaté mince v síťce 85 g";"2025-10-23";43.0
"1315778455";"Only Čokoládové zlaté mince v síťce 85 g";"Only";"Heureka.cz|Jídlo a nápoje|Sladkosti|Čokoládové figurky|Only Čokoládové zlaté mince v síťce 85 g";"2025-10-23";50.0
"1315778455";"Only Čokoládové zlaté mince v síťce 85 g";"Only";"Heureka.cz|Jídlo a nápoje|Sladkosti|Čokoládové figurky|Only Čokoládové zlaté mince v síťce 85 g";"2025-10-23";71.0
"1315778455";"Only Čokoládové zlaté mince v síťce 85 g";"Only";"Heureka.cz|Jídlo a nápoje|Sladkosti|Čokoládové figurky|Only Čokoládové zlaté mince v síťce 85 g";"2025-10-23";71.0
"1315778455";"Only Čokoládové zlaté mince v síťce 85 g";"Only";"Heureka.cz|Jídlo a nápoje|Sladkosti|Čokoládové figurky|Only Čokoládové zlaté mince v síťce 85 g";"2025-11-05";42.0
"1315778455";"Only Čokoládové zlaté mince v síťce 85 g";"Only";"Heureka.cz|Jídlo a nápoje|Sladkosti|Čokoládové figurky|Only Čokoládové zlaté mince v síťce 85 g";"2025-11-05";43.0
"1315778455";"Only Čokoládové zlaté mince v síťce 85 g";"Only";"Heureka.cz|Jídlo a nápoje|Sladkosti|Čokoládové figurky|Only Čokoládové zlaté mince v síťce 85 g";"2025-11-05";71.0
"1315778455";"Only Čokoládové zlaté mince v síťce 85 g";"Only";"Heureka.cz|Jídlo a nápoje|Sladkosti|Čokoládové figurky|Only Čokoládové zlaté mince v síťce 85 g";"2025-11-05";71.0
"1315778455";"Only Čokoládové zlaté mince v síťce 85 g";"Only";"Heureka.cz|Jídlo a nápoje|Sladkosti|Čokoládové figurky|Only Čokoládové zlaté mince v síťce 85 g";"2025-11-06";42.0
"1315778455";"Only Čokoládové zlaté mince v síťce 85 g";"Only";"Heureka.cz|Jídlo a nápoje|Sladkosti|Čokoládové figurky|Only Čokoládové zlaté mince v síťce 85 g";"2025-11-06";43.0
"1315778455";"Only Čokoládové zlaté mince v síťce 85 g";"Only";"Heureka.cz|Jídlo a nápoje|Sladkosti|Čokoládové figurky|Only Čokoládové zlaté mince v síťce 85 g";"2025-11-06";71.0
"1315778455";"Only Čokoládové zlaté mince v síťce 85 g";"Only";"Heureka.cz|Jídlo a nápoje|Sladkosti|Čokoládové figurky|Only Čokoládové zlaté mince v síťce 85 g";"2025-11-06";71.0
"1315778455";"Only Čokoládové zlaté mince v síťce 85 g";"Only";"Heureka.cz|Jídlo a nápoje|Sladkosti|Čokoládové figurky|Only Čokoládové zlaté mince v síťce 85 g";"2025-11-07";42.0
"1315778455";"Only Čokoládové zlaté mince v síťce 85 g";"Only";"Heureka.cz|Jídlo a nápoje|Sladkosti|Čokoládové figurky|Only Čokoládové zlaté mince v síťce 85 g";"2025-11-07";43.0
"1315778455";"Only Čokoládové zlaté mince v síťce 85 g";"Only";"Heureka.cz|Jídlo a nápoje|Sladkosti|Čokoládové figurky|Only Čokoládové zlaté mince v síťce 85 g";"2025-11-07";71.0
"1315778455";"Only Čokoládové zlaté mince v síťce 85 g";"Only";"Heureka.cz|Jídlo a nápoje|Sladkosti|Čokoládové figurky|Only Čokoládové zlaté mince v síťce 85 g";"2025-11-07";71.0
"1315778455";"Only Čokoládové zlaté mince v síťce 85 g";"Only";"Heureka.cz|Jídlo a nápoje|Sladkosti|Čokoládové figurky|Only Čokoládové zlaté mince v síťce 85 g";"2025-11-08";42.0
"1315778455";"Only Čokoládové zlaté mince v síťce 85 g";"Only";"Heureka.cz|Jídlo a nápoje|Sladkosti|Čokoládové figurky|Only Čokoládové zlaté mince v síťce 85 g";"2025-11-08";43.0
"1315778455";"Only Čokoládové zlaté mince v síťce 85 g";"Only";"Heureka.cz|Jídlo a nápoje|Sladkosti|Čokoládové figurky|Only Čokoládové zlaté mince v síťce 85 g";"2025-11-08";71.0
"1315778455";"Only Čokoládové zlaté mince v síťce 85 g";"Only";"Heureka.cz|Jídlo a nápoje|Sladkosti|Čokoládové figurky|Only Čokoládové zlaté mince v síťce 85 g";"2025-11-08";71.0
"1315778455";"Only Čokoládové zlaté mince v síťce 85 g";"Only";"Heureka.cz|Jídlo a nápoje|Sladkosti|Čokoládové figurky|Only Čokoládové zlaté mince v síťce 85 g";"2025-11-09";42.0
"1315778455";"Only Čokoládové zlaté mince v síťce 85 g";"Only";"Heureka.cz|Jídlo a nápoje|Sladkosti|Čokoládové figurky|Only Čokoládové zlaté mince v síťce 85 g";"2025-11-09";43.0
"1315778455";"Only Čokoládové zlaté mince v síťce 85 g";"Only";"Heureka.cz|Jídlo a nápoje|Sladkosti|Čokoládové figurky|Only Čokoládové zlaté mince v síťce 85 g";"2025-11-09";71.0
"1315778455";"Only Čokoládové zlaté mince v síťce 85 g";"Only";"Heureka.cz|Jídlo a nápoje|Sladkosti|Čokoládové figurky|Only Čokoládové zlaté mince v síťce 85 g";"2025-11-09";71.0
"1315778455";"Only Čokoládové zlaté mince v síťce 85 g";"Only";"Heureka.cz|Jídlo a nápoje|Sladkosti|Čokoládové figurky|Only Čokoládové zlaté mince v síťce 85 g";"2025-11-10";42.0
"1315778455";"Only Čokoládové zlaté mince v síťce 85 g";"Only";"Heureka.cz|Jídlo a nápoje|Sladkosti|Čokoládové figurky|Only Čokoládové zlaté mince v síťce 85 g";"2025-11-10";71.0
"1315778455";"Only Čokoládové zlaté mince v síťce 85 g";"Only";"Heureka.cz|Jídlo a nápoje|Sladkosti|Čokoládové figurky|Only Čokoládové zlaté mince v síťce 85 g";"2025-11-10";71.0
"1315778455";"Only Čokoládové zlaté mince v síťce 85 g";"Only";"Heureka.cz|Jídlo a nápoje|Sladkosti|Čokoládové figurky|Only Čokoládové zlaté mince v síťce 85 g";"2025-11-11";43.0
"1315778455";"Only Čokoládové zlaté mince v síťce 85 g";"Only";"Heureka.cz|Jídlo a nápoje|Sladkosti|Čokoládové figurky|Only Čokoládové zlaté mince v síťce 85 g";"2025-11-11";71.0
"1315778455";"Only Čokoládové zlaté mince v síťce 85 g";"Only";"Heureka.cz|Jídlo a nápoje|Sladkosti|Čokoládové figurky|Only Čokoládové zlaté mince v síťce 85 g";"2025-11-11";71.0
"1315778455";"Only Čokoládové zlaté mince v síťce 85 g";"Only";"Heureka.cz|Jídlo a nápoje|Sladkosti|Čokoládové figurky|Only Čokoládové zlaté mince v síťce 85 g";"2025-11-12";43.0
"1315778455";"Only Čokoládové zlaté mince v síťce 85 g";"Only";"Heureka.cz|Jídlo a nápoje|Sladkosti|Čokoládové figurky|Only Čokoládové zlaté mince v síťce 85 g";"2025-11-12";71.0
"1315778455";"Only Čokoládové zlaté mince v síťce 85 g";"Only";"Heureka.cz|Jídlo a nápoje|Sladkosti|Čokoládové figurky|Only Čokoládové zlaté mince v síťce 85 g";"2025-11-12";71.0
"1315778455";"Only Čokoládové zlaté mince v síťce 85 g";"Only";"Heureka.cz|Jídlo a nápoje|Sladkosti|Čokoládové figurky|Only Čokoládové zlaté mince v síťce 85 g";"2025-11-13";43.0
"1315778455";"Only Čokoládové zlaté mince v síťce 85 g";"Only";"Heureka.cz|Jídlo a nápoje|Sladkosti|Čokoládové figurky|Only Čokoládové zlaté mince v síťce 85 g";"2025-11-13";71.0
"1315778455";"Only Čokoládové zlaté mince v síťce 85 g";"Only";"Heureka.cz|Jídlo a nápoje|Sladkosti|Čokoládové figurky|Only Čokoládové zlaté mince v síťce 85 g";"2025-11-13";71.0
"1315778455";"Only Čokoládové zlaté mince v síťce 85 g";"Only";"Heureka.cz|Jídlo a nápoje|Sladkosti|Čokoládové figurky|Only Čokoládové zlaté mince v síťce 85 g";"2025-11-14";43.0
"1315778455";"Only Čokoládové zlaté mince v síťce 85 g";"Only";"Heureka.cz|Jídlo a nápoje|Sladkosti|Čokoládové figurky|Only Čokoládové zlaté mince v síťce 85 g";"2025-11-14";71.0
"1315778455";"Only Čokoládové zlaté mince v síťce 85 g";"Only";"Heureka.cz|Jídlo a nápoje|Sladkosti|Čokoládové figurky|Only Čokoládové zlaté mince v síťce 85 g";"2025-11-14";71.0
"1315778455";"Only Čokoládové zlaté mince v síťce 85 g";"Only";"Heureka.cz|Jídlo a nápoje|Sladkosti|Čokoládové figurky|Only Čokoládové zlaté mince v síťce 85 g";"2025-11-15";43.0
"1315778455";"Only Čokoládové zlaté mince v síťce 85 g";"Only";"Heureka.cz|Jídlo a nápoje|Sladkosti|Čokoládové figurky|Only Čokoládové zlaté mince v síťce 85 g";"2025-11-15";71.0
"1315778455";"Only Čokoládové zlaté mince v síťce 85 g";"Only";"Heureka.cz|Jídlo a nápoje|Sladkosti|Čokoládové figurky|Only Čokoládové zlaté mince v síťce 85 g";"2025-11-15";71.0
"1315778455";"Only Čokoládové zlaté mince v síťce 85 g";"Only";"Heureka.cz|Jídlo a nápoje|Sladkosti|Čokoládové figurky|Only Čokoládové zlaté mince v síťce 85 g";"2025-11-16";43.0
"1315778455";"Only Čokoládové zlaté mince v síťce 85 g";"Only";"Heureka.cz|Jídlo a nápoje|Sladkosti|Čokoládové figurky|Only Čokoládové zlaté mince v síťce 85 g";"2025-11-16";50.0
"1315778455";"Only Čokoládové zlaté mince v síťce 85 g";"Only";"Heureka.cz|Jídlo a nápoje|Sladkosti|Čokoládové figurky|Only Čokoládové zlaté mince v síťce 85 g";"2025-11-16";71.0
"1315778455";"Only Čokoládové zlaté mince v síťce 85 g";"Only";"Heureka.cz|Jídlo a nápoje|Sladkosti|Čokoládové figurky|Only Čokoládové zlaté mince v síťce 85 g";"2025-11-16";71.0
"1315778455";"Only Čokoládové zlaté mince v síťce 85 g";"Only";"Heureka.cz|Jídlo a nápoje|Sladkosti|Čokoládové figurky|Only Čokoládové zlaté mince v síťce 85 g";"2025-11-17";43.0
"1315778455";"Only Čokoládové zlaté mince v síťce 85 g";"Only";"Heureka.cz|Jídlo a nápoje|Sladkosti|Čokoládové figurky|Only Čokoládové zlaté mince v síťce 85 g";"2025-11-17";50.0
"1315778455";"Only Čokoládové zlaté mince v síťce 85 g";"Only";"Heureka.cz|Jídlo a nápoje|Sladkosti|Čokoládové figurky|Only Čokoládové zlaté mince v síťce 85 g";"2025-11-17";71.0
"1315778455";"Only Čokoládové zlaté mince v síťce 85 g";"Only";"Heureka.cz|Jídlo a nápoje|Sladkosti|Čokoládové figurky|Only Čokoládové zlaté mince v síťce 85 g";"2025-11-17";71.0
"1315778455";"Only Čokoládové zlaté mince v síťce 85 g";"Only";"Heureka.cz|Jídlo a nápoje|Sladkosti|Čokoládové figurky|Only Čokoládové zlaté mince v síťce 85 g";"2025-11-18";43.0
"1315778455";"Only Čokoládové zlaté mince v síťce 85 g";"Only";"Heureka.cz|Jídlo a nápoje|Sladkosti|Čokoládové figurky|Only Čokoládové zlaté mince v síťce 85 g";"2025-11-18";50.0
"1315778455";"Only Čokoládové zlaté mince v síťce 85 g";"Only";"Heureka.cz|Jídlo a nápoje|Sladkosti|Čokoládové figurky|Only Čokoládové zlaté mince v síťce 85 g";"2025-11-18";71.0
"1315778455";"Only Čokoládové zlaté mince v síťce 85 g";"Only";"Heureka.cz|Jídlo a nápoje|Sladkosti|Čokoládové figurky|Only Čokoládové zlaté mince v síťce 85 g";"2025-11-18";71.0
"1315778455";"Only Čokoládové zlaté mince v síťce 85 g";"Only";"Heureka.cz|Jídlo a nápoje|Sladkosti|Čokoládové figurky|Only Čokoládové zlaté mince v síťce 85 g";"2025-11-19";43.0
"1315778455";"Only Čokoládové zlaté mince v síťce 85 g";"Only";"Heureka.cz|Jídlo a nápoje|Sladkosti|Čokoládové figurky|Only Čokoládové zlaté mince v síťce 85 g";"2025-11-19";50.0
"1315778455";"Only Čokoládové zlaté mince v síťce 85 g";"Only";"Heureka.cz|Jídlo a nápoje|Sladkosti|Čokoládové figurky|Only Čokoládové zlaté mince v síťce 85 g";"2025-11-19";71.0
"1315778455";"Only Čokoládové zlaté mince v síťce 85 g";"Only";"Heureka.cz|Jídlo a nápoje|Sladkosti|Čokoládové figurky|Only Čokoládové zlaté mince v síťce 85 g";"2025-11-19";71.0
"1315778455";"Only Čokoládové zlaté mince v síťce 85 g";"Only";"Heureka.cz|Jídlo a nápoje|Sladkosti|Čokoládové figurky|Only Čokoládové zlaté mince v síťce 85 g";"2025-11-20";43.0
"1315778455";"Only Čokoládové zlaté mince v síťce 85 g";"Only";"Heureka.cz|Jídlo a nápoje|Sladkosti|Čokoládové figurky|Only Čokoládové zlaté mince v síťce 85 g";"2025-11-20";50.0
"1315778455";"Only Čokoládové zlaté mince v síťce 85 g";"Only";"Heureka.cz|Jídlo a nápoje|Sladkosti|Čokoládové figurky|Only Čokoládové zlaté mince v síťce 85 g";"2025-11-20";71.0
"1315778455";"Only Čokoládové zlaté mince v síťce 85 g";"Only";"Heureka.cz|Jídlo a nápoje|Sladkosti|Čokoládové figurky|Only Čokoládové zlaté mince v síťce 85 g";"2025-11-20";71.0
"1315778455";"Only Čokoládové zlaté mince v síťce 85 g";"Only";"Heureka.cz|Jídlo a nápoje|Sladkosti|Čokoládové figurky|Only Čokoládové zlaté mince v síťce 85 g";"2025-11-21";43.0
"1315778455";"Only Čokoládové zlaté mince v síťce 85 g";"Only";"Heureka.cz|Jídlo a nápoje|Sladkosti|Čokoládové figurky|Only Čokoládové zlaté mince v síťce 85 g";"2025-11-21";50.0
"1315778455";"Only Čokoládové zlaté mince v síťce 85 g";"Only";"Heureka.cz|Jídlo a nápoje|Sladkosti|Čokoládové figurky|Only Čokoládové zlaté mince v síťce 85 g";"2025-11-21";71.0
"1315778455";"Only Čokoládové zlaté mince v síťce 85 g";"Only";"Heureka.cz|Jídlo a nápoje|Sladkosti|Čokoládové figurky|Only Čokoládové zlaté mince v síťce 85 g";"2025-11-21";71.0
"1315778455";"Only Čokoládové zlaté mince v síťce 85 g";"Only";"Heureka.cz|Jídlo a nápoje|Sladkosti|Čokoládové figurky|Only Čokoládové zlaté mince v síťce 85 g";"2025-11-22";43.0
"1315778455";"Only Čokoládové zlaté mince v síťce 85 g";"Only";"Heureka.cz|Jídlo a nápoje|Sladkosti|Čokoládové figurky|Only Čokoládové zlaté mince v síťce 85 g";"2025-11-22";50.0
"1315778455";"Only Čokoládové zlaté mince v síťce 85 g";"Only";"Heureka.cz|Jídlo a nápoje|Sladkosti|Čokoládové figurky|Only Čokoládové zlaté mince v síťce 85 g";"2025-11-22";71.0
"1315778455";"Only Čokoládové zlaté mince v síťce 85 g";"Only";"Heureka.cz|Jídlo a nápoje|Sladkosti|Čokoládové figurky|Only Čokoládové zlaté mince v síťce 85 g";"2025-11-22";71.0
"1315778455";"Only Čokoládové zlaté mince v síťce 85 g";"Only";"Heureka.cz|Jídlo a nápoje|Sladkosti|Čokoládové figurky|Only Čokoládové zlaté mince v síťce 85 g";"2025-11-23";43.0
"1315778455";"Only Čokoládové zlaté mince v síťce 85 g";"Only";"Heureka.cz|Jídlo a nápoje|Sladkosti|Čokoládové figurky|Only Čokoládové zlaté mince v síťce 85 g";"2025-11-23";50.0
"1315778455";"Only Čokoládové zlaté mince v síťce 85 g";"Only";"Heureka.cz|Jídlo a nápoje|Sladkosti|Čokoládové figurky|Only Čokoládové zlaté mince v síťce 85 g";"2025-11-23";71.0
"1315778455";"Only Čokoládové zlaté mince v síťce 85 g";"Only";"Heureka.cz|Jídlo a nápoje|Sladkosti|Čokoládové figurky|Only Čokoládové zlaté mince v síťce 85 g";"2025-11-23";71.0
"1315778455";"Only Čokoládové zlaté mince v síťce 85 g";"Only";"Heureka.cz|Jídlo a nápoje|Sladkosti|Čokoládové figurky|Only Čokoládové zlaté mince v síťce 85 g";"2025-11-24";40.0
"1315778455";"Only Čokoládové zlaté mince v síťce 85 g";"Only";"Heureka.cz|Jídlo a nápoje|Sladkosti|Čokoládové figurky|Only Čokoládové zlaté mince v síťce 85 g";"2025-11-24";43.0
"1315778455";"Only Čokoládové zlaté mince v síťce 85 g";"Only";"Heureka.cz|Jídlo a nápoje|Sladkosti|Čokoládové figurky|Only Čokoládové zlaté mince v síťce 85 g";"2025-11-24";50.0
"1315778455";"Only Čokoládové zlaté mince v síťce 85 g";"Only";"Heureka.cz|Jídlo a nápoje|Sladkosti|Čokoládové figurky|Only Čokoládové zlaté mince v síťce 85 g";"2025-11-24";71.0
"1315778455";"Only Čokoládové zlaté mince v síťce 85 g";"Only";"Heureka.cz|Jídlo a nápoje|Sladkosti|Čokoládové figurky|Only Čokoládové zlaté mince v síťce 85 g";"2025-11-24";71.0
"1315778455";"Only Čokoládové zlaté mince v síťce 85 g";"Only";"Heureka.cz|Jídlo a nápoje|Sladkosti|Čokoládové figurky|Only Čokoládové zlaté mince v síťce 85 g";"2025-11-25";0.0
"1315778455";"Only Čokoládové zlaté mince v síťce 85 g";"Only";"Heureka.cz|Jídlo a nápoje|Sladkosti|Čokoládové figurky|Only Čokoládové zlaté mince v síťce 85 g";"2025-11-25";50.0
"1315778455";"Only Čokoládové zlaté mince v síťce 85 g";"Only";"Heureka.cz|Jídlo a nápoje|Sladkosti|Čokoládové figurky|Only Čokoládové zlaté mince v síťce 85 g";"2025-11-25";71.0
"1315778455";"Only Čokoládové zlaté mince v síťce 85 g";"Only";"Heureka.cz|Jídlo a nápoje|Sladkosti|Čokoládové figurky|Only Čokoládové zlaté mince v síťce 85 g";"2025-11-25";71.0
"1315778455";"Only Čokoládové zlaté mince v síťce 85 g";"Only";"Heureka.cz|Jídlo a nápoje|Sladkosti|Čokoládové figurky|Only Čokoládové zlaté mince v síťce 85 g";"2025-11-26";50.0
"1315778455";"Only Čokoládové zlaté mince v síťce 85 g";"Only";"Heureka.cz|Jídlo a nápoje|Sladkosti|Čokoládové figurky|Only Čokoládové zlaté mince v síťce 85 g";"2025-11-26";71.0
"1315778455";"Only Čokoládové zlaté mince v síťce 85 g";"Only";"Heureka.cz|Jídlo a nápoje|Sladkosti|Čokoládové figurky|Only Čokoládové zlaté mince v síťce 85 g";"2025-11-26";71.0
"1315778455";"Only Čokoládové zlaté mince v síťce 85 g";"Only";"Heureka.cz|Jídlo a nápoje|Sladkosti|Čokoládové figurky|Only Čokoládové zlaté mince v síťce 85 g";"2025-11-27";50.0
"1315778455";"Only Čokoládové zlaté mince v síťce 85 g";"Only";"Heureka.cz|Jídlo a nápoje|Sladkosti|Čokoládové figurky|Only Čokoládové zlaté mince v síťce 85 g";"2025-11-27";71.0
"1315778455";"Only Čokoládové zlaté mince v síťce 85 g";"Only";"Heureka.cz|Jídlo a nápoje|Sladkosti|Čokoládové figurky|Only Čokoládové zlaté mince v síťce 85 g";"2025-11-27";71.0
"1315778455";"Only Čokoládové zlaté mince v síťce 85 g";"Only";"Heureka.cz|Jídlo a nápoje|Sladkosti|Čokoládové figurky|Only Čokoládové zlaté mince v síťce 85 g";"2025-11-28";78.0
"1315778455";"Only Čokoládové zlaté mince v síťce 85 g";"Only";"Heureka.cz|Jídlo a nápoje|Sladkosti|Čokoládové figurky|Only Čokoládové zlaté mince v síťce 85 g";"2025-11-28";50.0
"1315778455";"Only Čokoládové zlaté mince v síťce 85 g";"Only";"Heureka.cz|Jídlo a nápoje|Sladkosti|Čokoládové figurky|Only Čokoládové zlaté mince v síťce 85 g";"2025-11-28";71.0
"1315778455";"Only Čokoládové zlaté mince v síťce 85 g";"Only";"Heureka.cz|Jídlo a nápoje|Sladkosti|Čokoládové figurky|Only Čokoládové zlaté mince v síťce 85 g";"2025-11-28";71.0
"1315778455";"Only Čokoládové zlaté mince v síťce 85 g";"Only";"Heureka.cz|Jídlo a nápoje|Sladkosti|Čokoládové figurky|Only Čokoládové zlaté mince v síťce 85 g";"2025-11-29";77.0
"1315778455";"Only Čokoládové zlaté mince v síťce 85 g";"Only";"Heureka.cz|Jídlo a nápoje|Sladkosti|Čokoládové figurky|Only Čokoládové zlaté mince v síťce 85 g";"2025-11-29";50.0
"1315778455";"Only Čokoládové zlaté mince v síťce 85 g";"Only";"Heureka.cz|Jídlo a nápoje|Sladkosti|Čokoládové figurky|Only Čokoládové zlaté mince v síťce 85 g";"2025-11-29";71.0
"1315778455";"Only Čokoládové zlaté mince v síťce 85 g";"Only";"Heureka.cz|Jídlo a nápoje|Sladkosti|Čokoládové figurky|Only Čokoládové zlaté mince v síťce 85 g";"2025-11-29";71.0
"1315778455";"Only Čokoládové zlaté mince v síťce 85 g";"Only";"Heureka.cz|Jídlo a nápoje|Sladkosti|Čokoládové figurky|Only Čokoládové zlaté mince v síťce 85 g";"2025-11-30";77.0
"1315778455";"Only Čokoládové zlaté mince v síťce 85 g";"Only";"Heureka.cz|Jídlo a nápoje|Sladkosti|Čokoládové figurky|Only Čokoládové zlaté mince v síťce 85 g";"2025-11-30";50.0
"1315778455";"Only Čokoládové zlaté mince v síťce 85 g";"Only";"Heureka.cz|Jídlo a nápoje|Sladkosti|Čokoládové figurky|Only Čokoládové zlaté mince v síťce 85 g";"2025-11-30";71.0
"1315778455";"Only Čokoládové zlaté mince v síťce 85 g";"Only";"Heureka.cz|Jídlo a nápoje|Sladkosti|Čokoládové figurky|Only Čokoládové zlaté mince v síťce 85 g";"2025-11-30";71.0
"1315778455";"Only Čokoládové zlaté mince v síťce 85 g";"Only";"Heureka.cz|Jídlo a nápoje|Sladkosti|Čokoládové figurky|Only Čokoládové zlaté mince v síťce 85 g";"2025-12-01";77.0
"1315778455";"Only Čokoládové zlaté mince v síťce 85 g";"Only";"Heureka.cz|Jídlo a nápoje|Sladkosti|Čokoládové figurky|Only Čokoládové zlaté mince v síťce 85 g";"2025-12-01";50.0
"1315778455";"Only Čokoládové zlaté mince v síťce 85 g";"Only";"Heureka.cz|Jídlo a nápoje|Sladkosti|Čokoládové figurky|Only Čokoládové zlaté mince v síťce 85 g";"2025-12-01";71.0
"1315778455";"Only Čokoládové zlaté mince v síťce 85 g";"Only";"Heureka.cz|Jídlo a nápoje|Sladkosti|Čokoládové figurky|Only Čokoládové zlaté mince v síťce 85 g";"2025-12-01";71.0
"1315778455";"Only Čokoládové zlaté mince v síťce 85 g";"Only";"Heureka.cz|Jídlo a nápoje|Sladkosti|Čokoládové figurky|Only Čokoládové zlaté mince v síťce 85 g";"2025-12-02";77.0
"1315778455";"Only Čokoládové zlaté mince v síťce 85 g";"Only";"Heureka.cz|Jídlo a nápoje|Sladkosti|Čokoládové figurky|Only Čokoládové zlaté mince v síťce 85 g";"2025-12-02";50.0
"1315778455";"Only Čokoládové zlaté mince v síťce 85 g";"Only";"Heureka.cz|Jídlo a nápoje|Sladkosti|Čokoládové figurky|Only Čokoládové zlaté mince v síťce 85 g";"2025-12-02";71.0
"1315778455";"Only Čokoládové zlaté mince v síťce 85 g";"Only";"Heureka.cz|Jídlo a nápoje|Sladkosti|Čokoládové figurky|Only Čokoládové zlaté mince v síťce 85 g";"2025-12-02";71.0
"1315778455";"Only Čokoládové zlaté mince v síťce 85 g";"Only";"Heureka.cz|Jídlo a nápoje|Sladkosti|Čokoládové figurky|Only Čokoládové zlaté mince v síťce 85 g";"2025-12-03";48.0
"1315778455";"Only Čokoládové zlaté mince v síťce 85 g";"Only";"Heureka.cz|Jídlo a nápoje|Sladkosti|Čokoládové figurky|Only Čokoládové zlaté mince v síťce 85 g";"2025-12-03";50.0
"1315778455";"Only Čokoládové zlaté mince v síťce 85 g";"Only";"Heureka.cz|Jídlo a nápoje|Sladkosti|Čokoládové figurky|Only Čokoládové zlaté mince v síťce 85 g";"2025-12-03";71.0
"1315778455";"Only Čokoládové zlaté mince v síťce 85 g";"Only";"Heureka.cz|Jídlo a nápoje|Sladkosti|Čokoládové figurky|Only Čokoládové zlaté mince v síťce 85 g";"2025-12-03";71.0
"1315778455";"Only Čokoládové zlaté mince v síťce 85 g";"Only";"Heureka.cz|Jídlo a nápoje|Sladkosti|Čokoládové figurky|Only Čokoládové zlaté mince v síťce 85 g";"2025-12-04";57.0
"1315778455";"Only Čokoládové zlaté mince v síťce 85 g";"Only";"Heureka.cz|Jídlo a nápoje|Sladkosti|Čokoládové figurky|Only Čokoládové zlaté mince v síťce 85 g";"2025-12-04";50.0
"1315778455";"Only Čokoládové zlaté mince v síťce 85 g";"Only";"Heureka.cz|Jídlo a nápoje|Sladkosti|Čokoládové figurky|Only Čokoládové zlaté mince v síťce 85 g";"2025-12-04";71.0
"1315778455";"Only Čokoládové zlaté mince v síťce 85 g";"Only";"Heureka.cz|Jídlo a nápoje|Sladkosti|Čokoládové figurky|Only Čokoládové zlaté mince v síťce 85 g";"2025-12-04";71.0
"1315778455";"Only Čokoládové zlaté mince v síťce 85 g";"Only";"Heureka.cz|Jídlo a nápoje|Sladkosti|Čokoládové figurky|Only Čokoládové zlaté mince v síťce 85 g";"2025-12-05";57.0
"1315778455";"Only Čokoládové zlaté mince v síťce 85 g";"Only";"Heureka.cz|Jídlo a nápoje|Sladkosti|Čokoládové figurky|Only Čokoládové zlaté mince v síťce 85 g";"2025-12-05";50.0
"1315778455";"Only Čokoládové zlaté mince v síťce 85 g";"Only";"Heureka.cz|Jídlo a nápoje|Sladkosti|Čokoládové figurky|Only Čokoládové zlaté mince v síťce 85 g";"2025-12-05";71.0
"1315778455";"Only Čokoládové zlaté mince v síťce 85 g";"Only";"Heureka.cz|Jídlo a nápoje|Sladkosti|Čokoládové figurky|Only Čokoládové zlaté mince v síťce 85 g";"2025-12-05";71.0
"1315778455";"Only Čokoládové zlaté mince v síťce 85 g";"Only";"Heureka.cz|Jídlo a nápoje|Sladkosti|Čokoládové figurky|Only Čokoládové zlaté mince v síťce 85 g";"2025-12-06";57.0
"1315778455";"Only Čokoládové zlaté mince v síťce 85 g";"Only";"Heureka.cz|Jídlo a nápoje|Sladkosti|Čokoládové figurky|Only Čokoládové zlaté mince v síťce 85 g";"2025-12-06";50.0
"1315778455";"Only Čokoládové zlaté mince v síťce 85 g";"Only";"Heureka.cz|Jídlo a nápoje|Sladkosti|Čokoládové figurky|Only Čokoládové zlaté mince v síťce 85 g";"2025-12-06";71.0
"1315778455";"Only Čokoládové zlaté mince v síťce 85 g";"Only";"Heureka.cz|Jídlo a nápoje|Sladkosti|Čokoládové figurky|Only Čokoládové zlaté mince v síťce 85 g";"2025-12-06";71.0
"1315778455";"Only Čokoládové zlaté mince v síťce 85 g";"Only";"Heureka.cz|Jídlo a nápoje|Sladkosti|Čokoládové figurky|Only Čokoládové zlaté mince v síťce 85 g";"2025-12-07";57.0
"1315778455";"Only Čokoládové zlaté mince v síťce 85 g";"Only";"Heureka.cz|Jídlo a nápoje|Sladkosti|Čokoládové figurky|Only Čokoládové zlaté mince v síťce 85 g";"2025-12-07";50.0
"1315778455";"Only Čokoládové zlaté mince v síťce 85 g";"Only";"Heureka.cz|Jídlo a nápoje|Sladkosti|Čokoládové figurky|Only Čokoládové zlaté mince v síťce 85 g";"2025-12-07";71.0
"1315778455";"Only Čokoládové zlaté mince v síťce 85 g";"Only";"Heureka.cz|Jídlo a nápoje|Sladkosti|Čokoládové figurky|Only Čokoládové zlaté mince v síťce 85 g";"2025-12-07";71.0
"1315778455";"Only Čokoládové zlaté mince v síťce 85 g";"Only";"Heureka.cz|Jídlo a nápoje|Sladkosti|Čokoládové figurky|Only Čokoládové zlaté mince v síťce 85 g";"2025-12-08";57.0
"1315778455";"Only Čokoládové zlaté mince v síťce 85 g";"Only";"Heureka.cz|Jídlo a nápoje|Sladkosti|Čokoládové figurky|Only Čokoládové zlaté mince v síťce 85 g";"2025-12-08";50.0
"1315778455";"Only Čokoládové zlaté mince v síťce 85 g";"Only";"Heureka.cz|Jídlo a nápoje|Sladkosti|Čokoládové figurky|Only Čokoládové zlaté mince v síťce 85 g";"2025-12-08";71.0
"1315778455";"Only Čokoládové zlaté mince v síťce 85 g";"Only";"Heureka.cz|Jídlo a nápoje|Sladkosti|Čokoládové figurky|Only Čokoládové zlaté mince v síťce 85 g";"2025-12-08";71.0
"1403169603";"KitKat Mikulášská nadílka 83 g";"Kitkat";"Heureka.cz|Jídlo a nápoje|Sladkosti|Čokoládové figurky|KitKat Mikulášská nadílka 83 g";"2025-10-23";69.0
"1403169603";"KitKat Mikulášská nadílka 83 g";"Kitkat";"Heureka.cz|Jídlo a nápoje|Sladkosti|Čokoládové figurky|KitKat Mikulášská nadílka 83 g";"2025-10-23";99.0
"1403169603";"KitKat Mikulášská nadílka 83 g";"Kitkat";"Heureka.cz|Jídlo a nápoje|Sladkosti|Čokoládové figurky|KitKat Mikulášská nadílka 83 g";"2025-10-23";100.0
"1403169603";"KitKat Mikulášská nadílka 83 g";"Kitkat";"Heureka.cz|Jídlo a nápoje|Sladkosti|Čokoládové figurky|KitKat Mikulášská nadílka 83 g";"2025-11-05";69.0
"1403169603";"KitKat Mikulášská nadílka 83 g";"Kitkat";"Heureka.cz|Jídlo a nápoje|Sladkosti|Čokoládové figurky|KitKat Mikulášská nadílka 83 g";"2025-11-05";90.0
"1403169603";"KitKat Mikulášská nadílka 83 g";"Kitkat";"Heureka.cz|Jídlo a nápoje|Sladkosti|Čokoládové figurky|KitKat Mikulášská nadílka 83 g";"2025-11-06";69.0
"1403169603";"KitKat Mikulášská nadílka 83 g";"Kitkat";"Heureka.cz|Jídlo a nápoje|Sladkosti|Čokoládové figurky|KitKat Mikulášská nadílka 83 g";"2025-11-06";90.0
"1403169603";"KitKat Mikulášská nadílka 83 g";"Kitkat";"Heureka.cz|Jídlo a nápoje|Sladkosti|Čokoládové figurky|KitKat Mikulášská nadílka 83 g";"2025-11-07";69.0
"1403169603";"KitKat Mikulášská nadílka 83 g";"Kitkat";"Heureka.cz|Jídlo a nápoje|Sladkosti|Čokoládové figurky|KitKat Mikulášská nadílka 83 g";"2025-11-07";90.0
"1403169603";"KitKat Mikulášská nadílka 83 g";"Kitkat";"Heureka.cz|Jídlo a nápoje|Sladkosti|Čokoládové figurky|KitKat Mikulášská nadílka 83 g";"2025-11-08";69.0
"1403169603";"KitKat Mikulášská nadílka 83 g";"Kitkat";"Heureka.cz|Jídlo a nápoje|Sladkosti|Čokoládové figurky|KitKat Mikulášská nadílka 83 g";"2025-11-08";90.0
"1403169603";"KitKat Mikulášská nadílka 83 g";"Kitkat";"Heureka.cz|Jídlo a nápoje|Sladkosti|Čokoládové figurky|KitKat Mikulášská nadílka 83 g";"2025-11-09";69.0
"1403169603";"KitKat Mikulášská nadílka 83 g";"Kitkat";"Heureka.cz|Jídlo a nápoje|Sladkosti|Čokoládové figurky|KitKat Mikulášská nadílka 83 g";"2025-11-09";90.0
"1403169603";"KitKat Mikulášská nadílka 83 g";"Kitkat";"Heureka.cz|Jídlo a nápoje|Sladkosti|Čokoládové figurky|KitKat Mikulášská nadílka 83 g";"2025-11-09";91.0
"1403169603";"KitKat Mikulášská nadílka 83 g";"Kitkat";"Heureka.cz|Jídlo a nápoje|Sladkosti|Čokoládové figurky|KitKat Mikulášská nadílka 83 g";"2025-11-09";93.0
"1403169603";"KitKat Mikulášská nadílka 83 g";"Kitkat";"Heureka.cz|Jídlo a nápoje|Sladkosti|Čokoládové figurky|KitKat Mikulášská nadílka 83 g";"2025-11-10";90.0
"1403169603";"KitKat Mikulášská nadílka 83 g";"Kitkat";"Heureka.cz|Jídlo a nápoje|Sladkosti|Čokoládové figurky|KitKat Mikulášská nadílka 83 g";"2025-11-11";90.0
"1403169603";"KitKat Mikulášská nadílka 83 g";"Kitkat";"Heureka.cz|Jídlo a nápoje|Sladkosti|Čokoládové figurky|KitKat Mikulášská nadílka 83 g";"2025-11-12";90.0
"1403169603";"KitKat Mikulášská nadílka 83 g";"Kitkat";"Heureka.cz|Jídlo a nápoje|Sladkosti|Čokoládové figurky|KitKat Mikulášská nadílka 83 g";"2025-11-12";91.0
"1403169603";"KitKat Mikulášská nadílka 83 g";"Kitkat";"Heureka.cz|Jídlo a nápoje|Sladkosti|Čokoládové figurky|KitKat Mikulášská nadílka 83 g";"2025-11-13";90.0
"1403169603";"KitKat Mikulášská nadílka 83 g";"Kitkat";"Heureka.cz|Jídlo a nápoje|Sladkosti|Čokoládové figurky|KitKat Mikulášská nadílka 83 g";"2025-11-14";90.0
"1403169603";"KitKat Mikulášská nadílka 83 g";"Kitkat";"Heureka.cz|Jídlo a nápoje|Sladkosti|Čokoládové figurky|KitKat Mikulášská nadílka 83 g";"2025-11-15";90.0
"1403169603";"KitKat Mikulášská nadílka 83 g";"Kitkat";"Heureka.cz|Jídlo a nápoje|Sladkosti|Čokoládové figurky|KitKat Mikulášská nadílka 83 g";"2025-11-16";90.0
"1403169603";"KitKat Mikulášská nadílka 83 g";"Kitkat";"Heureka.cz|Jídlo a nápoje|Sladkosti|Čokoládové figurky|KitKat Mikulášská nadílka 83 g";"2025-11-16";92.0
"1403169603";"KitKat Mikulášská nadílka 83 g";"Kitkat";"Heureka.cz|Jídlo a nápoje|Sladkosti|Čokoládové figurky|KitKat Mikulášská nadílka 83 g";"2025-11-16";94.0
"1403169603";"KitKat Mikulášská nadílka 83 g";"Kitkat";"Heureka.cz|Jídlo a nápoje|Sladkosti|Čokoládové figurky|KitKat Mikulášská nadílka 83 g";"2025-11-17";90.0
"1403169603";"KitKat Mikulášská nadílka 83 g";"Kitkat";"Heureka.cz|Jídlo a nápoje|Sladkosti|Čokoládové figurky|KitKat Mikulášská nadílka 83 g";"2025-11-17";92.0
"1403169603";"KitKat Mikulášská nadílka 83 g";"Kitkat";"Heureka.cz|Jídlo a nápoje|Sladkosti|Čokoládové figurky|KitKat Mikulášská nadílka 83 g";"2025-11-17";94.0
"1403169603";"KitKat Mikulášská nadílka 83 g";"Kitkat";"Heureka.cz|Jídlo a nápoje|Sladkosti|Čokoládové figurky|KitKat Mikulášská nadílka 83 g";"2025-11-18";90.0
"1403169603";"KitKat Mikulášská nadílka 83 g";"Kitkat";"Heureka.cz|Jídlo a nápoje|Sladkosti|Čokoládové figurky|KitKat Mikulášská nadílka 83 g";"2025-11-19";75.0
"1403169603";"KitKat Mikulášská nadílka 83 g";"Kitkat";"Heureka.cz|Jídlo a nápoje|Sladkosti|Čokoládové figurky|KitKat Mikulášská nadílka 83 g";"2025-11-20";75.0
"1403169603";"KitKat Mikulášská nadílka 83 g";"Kitkat";"Heureka.cz|Jídlo a nápoje|Sladkosti|Čokoládové figurky|KitKat Mikulášská nadílka 83 g";"2025-11-21";75.0
"1403169603";"KitKat Mikulášská nadílka 83 g";"Kitkat";"Heureka.cz|Jídlo a nápoje|Sladkosti|Čokoládové figurky|KitKat Mikulášská nadílka 83 g";"2025-11-22";75.0
"1403169603";"KitKat Mikulášská nadílka 83 g";"Kitkat";"Heureka.cz|Jídlo a nápoje|Sladkosti|Čokoládové figurky|KitKat Mikulášská nadílka 83 g";"2025-11-23";75.0
"1403169603";"KitKat Mikulášská nadílka 83 g";"Kitkat";"Heureka.cz|Jídlo a nápoje|Sladkosti|Čokoládové figurky|KitKat Mikulášská nadílka 83 g";"2025-11-24";75.0
"1403169603";"KitKat Mikulášská nadílka 83 g";"Kitkat";"Heureka.cz|Jídlo a nápoje|Sladkosti|Čokoládové figurky|KitKat Mikulášská nadílka 83 g";"2025-11-25";75.0
"1403169603";"KitKat Mikulášská nadílka 83 g";"Kitkat";"Heureka.cz|Jídlo a nápoje|Sladkosti|Čokoládové figurky|KitKat Mikulášská nadílka 83 g";"2025-11-26";75.0
"1403169603";"KitKat Mikulášská nadílka 83 g";"Kitkat";"Heureka.cz|Jídlo a nápoje|Sladkosti|Čokoládové figurky|KitKat Mikulášská nadílka 83 g";"2025-11-27";75.0
"1403169603";"KitKat Mikulášská nadílka 83 g";"Kitkat";"Heureka.cz|Jídlo a nápoje|Sladkosti|Čokoládové figurky|KitKat Mikulášská nadílka 83 g";"2025-11-28";75.0
"1403169603";"KitKat Mikulášská nadílka 83 g";"Kitkat";"Heureka.cz|Jídlo a nápoje|Sladkosti|Čokoládové figurky|KitKat Mikulášská nadílka 83 g";"2025-11-29";75.0
"1403169603";"KitKat Mikulášská nadílka 83 g";"Kitkat";"Heureka.cz|Jídlo a nápoje|Sladkosti|Čokoládové figurky|KitKat Mikulášská nadílka 83 g";"2025-11-30";75.0
"1403169603";"KitKat Mikulášská nadílka 83 g";"Kitkat";"Heureka.cz|Jídlo a nápoje|Sladkosti|Čokoládové figurky|KitKat Mikulášská nadílka 83 g";"2025-12-01";75.0
"1403169603";"KitKat Mikulášská nadílka 83 g";"Kitkat";"Heureka.cz|Jídlo a nápoje|Sladkosti|Čokoládové figurky|KitKat Mikulášská nadílka 83 g";"2025-12-02";75.0
"1403169603";"KitKat Mikulášská nadílka 83 g";"Kitkat";"Heureka.cz|Jídlo a nápoje|Sladkosti|Čokoládové figurky|KitKat Mikulášská nadílka 83 g";"2025-12-03";75.0
"1403169603";"KitKat Mikulášská nadílka 83 g";"Kitkat";"Heureka.cz|Jídlo a nápoje|Sladkosti|Čokoládové figurky|KitKat Mikulášská nadílka 83 g";"2025-12-03";99.0
"1403169603";"KitKat Mikulášská nadílka 83 g";"Kitkat";"Heureka.cz|Jídlo a nápoje|Sladkosti|Čokoládové figurky|KitKat Mikulášská nadílka 83 g";"2025-12-04";75.0
"1403169603";"KitKat Mikulášská nadílka 83 g";"Kitkat";"Heureka.cz|Jídlo a nápoje|Sladkosti|Čokoládové figurky|KitKat Mikulášská nadílka 83 g";"2025-12-04";99.0
"1403169603";"KitKat Mikulášská nadílka 83 g";"Kitkat";"Heureka.cz|Jídlo a nápoje|Sladkosti|Čokoládové figurky|KitKat Mikulášská nadílka 83 g";"2025-12-05";75.0
"1403169603";"KitKat Mikulášská nadílka 83 g";"Kitkat";"Heureka.cz|Jídlo a nápoje|Sladkosti|Čokoládové figurky|KitKat Mikulášská nadílka 83 g";"2025-12-05";99.0
"1403169603";"KitKat Mikulášská nadílka 83 g";"Kitkat";"Heureka.cz|Jídlo a nápoje|Sladkosti|Čokoládové figurky|KitKat Mikulášská nadílka 83 g";"2025-12-06";75.0
"1403169603";"KitKat Mikulášská nadílka 83 g";"Kitkat";"Heureka.cz|Jídlo a nápoje|Sladkosti|Čokoládové figurky|KitKat Mikulášská nadílka 83 g";"2025-12-06";99.0
"1403169603";"KitKat Mikulášská nadílka 83 g";"Kitkat";"Heureka.cz|Jídlo a nápoje|Sladkosti|Čokoládové figurky|KitKat Mikulášská nadílka 83 g";"2025-12-07";75.0
"1403169603";"KitKat Mikulášská nadílka 83 g";"Kitkat";"Heureka.cz|Jídlo a nápoje|Sladkosti|Čokoládové figurky|KitKat Mikulášská nadílka 83 g";"2025-12-07";99.0
"1403169603";"KitKat Mikulášská nadílka 83 g";"Kitkat";"Heureka.cz|Jídlo a nápoje|Sladkosti|Čokoládové figurky|KitKat Mikulášská nadílka 83 g";"2025-12-08";75.0
"1403169603";"KitKat Mikulášská nadílka 83 g";"Kitkat";"Heureka.cz|Jídlo a nápoje|Sladkosti|Čokoládové figurky|KitKat Mikulášská nadílka 83 g";"2025-12-08";99.0
"698444196";"Lindt Teddy Bear 200 g";"Lindt";"Heureka.cz|Jídlo a nápoje|Sladkosti|Čokoládové figurky|Lindt Teddy Bear 200 g";"2025-11-05";299.0
"698444196";"Lindt Teddy Bear 200 g";"Lindt";"Heureka.cz|Jídlo a nápoje|Sladkosti|Čokoládové figurky|Lindt Teddy Bear 200 g";"2025-11-05";299.0
"698444196";"Lindt Teddy Bear 200 g";"Lindt";"Heureka.cz|Jídlo a nápoje|Sladkosti|Čokoládové figurky|Lindt Teddy Bear 200 g";"2025-11-06";225.0
"698444196";"Lindt Teddy Bear 200 g";"Lindt";"Heureka.cz|Jídlo a nápoje|Sladkosti|Čokoládové figurky|Lindt Teddy Bear 200 g";"2025-11-06";299.0
"698444196";"Lindt Teddy Bear 200 g";"Lindt";"Heureka.cz|Jídlo a nápoje|Sladkosti|Čokoládové figurky|Lindt Teddy Bear 200 g";"2025-11-06";299.0
"698444196";"Lindt Teddy Bear 200 g";"Lindt";"Heureka.cz|Jídlo a nápoje|Sladkosti|Čokoládové figurky|Lindt Teddy Bear 200 g";"2025-11-07";225.0
"698444196";"Lindt Teddy Bear 200 g";"Lindt";"Heureka.cz|Jídlo a nápoje|Sladkosti|Čokoládové figurky|Lindt Teddy Bear 200 g";"2025-11-07";299.0
"698444196";"Lindt Teddy Bear 200 g";"Lindt";"Heureka.cz|Jídlo a nápoje|Sladkosti|Čokoládové figurky|Lindt Teddy Bear 200 g";"2025-11-07";299.0
"698444196";"Lindt Teddy Bear 200 g";"Lindt";"Heureka.cz|Jídlo a nápoje|Sladkosti|Čokoládové figurky|Lindt Teddy Bear 200 g";"2025-11-08";225.0
"698444196";"Lindt Teddy Bear 200 g";"Lindt";"Heureka.cz|Jídlo a nápoje|Sladkosti|Čokoládové figurky|Lindt Teddy Bear 200 g";"2025-11-08";299.0
"698444196";"Lindt Teddy Bear 200 g";"Lindt";"Heureka.cz|Jídlo a nápoje|Sladkosti|Čokoládové figurky|Lindt Teddy Bear 200 g";"2025-11-08";299.0
"698444196";"Lindt Teddy Bear 200 g";"Lindt";"Heureka.cz|Jídlo a nápoje|Sladkosti|Čokoládové figurky|Lindt Teddy Bear 200 g";"2025-11-09";225.0
"698444196";"Lindt Teddy Bear 200 g";"Lindt";"Heureka.cz|Jídlo a nápoje|Sladkosti|Čokoládové figurky|Lindt Teddy Bear 200 g";"2025-11-09";299.0
"698444196";"Lindt Teddy Bear 200 g";"Lindt";"Heureka.cz|Jídlo a nápoje|Sladkosti|Čokoládové figurky|Lindt Teddy Bear 200 g";"2025-11-09";299.0
"698444196";"Lindt Teddy Bear 200 g";"Lindt";"Heureka.cz|Jídlo a nápoje|Sladkosti|Čokoládové figurky|Lindt Teddy Bear 200 g";"2025-11-10";225.0
"698444196";"Lindt Teddy Bear 200 g";"Lindt";"Heureka.cz|Jídlo a nápoje|Sladkosti|Čokoládové figurky|Lindt Teddy Bear 200 g";"2025-11-10";299.0
"698444196";"Lindt Teddy Bear 200 g";"Lindt";"Heureka.cz|Jídlo a nápoje|Sladkosti|Čokoládové figurky|Lindt Teddy Bear 200 g";"2025-11-10";299.0
"698444196";"Lindt Teddy Bear 200 g";"Lindt";"Heureka.cz|Jídlo a nápoje|Sladkosti|Čokoládové figurky|Lindt Teddy Bear 200 g";"2025-11-11";225.0
"698444196";"Lindt Teddy Bear 200 g";"Lindt";"Heureka.cz|Jídlo a nápoje|Sladkosti|Čokoládové figurky|Lindt Teddy Bear 200 g";"2025-11-11";290.0
"698444196";"Lindt Teddy Bear 200 g";"Lindt";"Heureka.cz|Jídlo a nápoje|Sladkosti|Čokoládové figurky|Lindt Teddy Bear 200 g";"2025-11-11";299.0
"698444196";"Lindt Teddy Bear 200 g";"Lindt";"Heureka.cz|Jídlo a nápoje|Sladkosti|Čokoládové figurky|Lindt Teddy Bear 200 g";"2025-11-11";299.0
"698444196";"Lindt Teddy Bear 200 g";"Lindt";"Heureka.cz|Jídlo a nápoje|Sladkosti|Čokoládové figurky|Lindt Teddy Bear 200 g";"2025-11-12";225.0
"698444196";"Lindt Teddy Bear 200 g";"Lindt";"Heureka.cz|Jídlo a nápoje|Sladkosti|Čokoládové figurky|Lindt Teddy Bear 200 g";"2025-11-12";250.0
"698444196";"Lindt Teddy Bear 200 g";"Lindt";"Heureka.cz|Jídlo a nápoje|Sladkosti|Čokoládové figurky|Lindt Teddy Bear 200 g";"2025-11-12";272.0
"698444196";"Lindt Teddy Bear 200 g";"Lindt";"Heureka.cz|Jídlo a nápoje|Sladkosti|Čokoládové figurky|Lindt Teddy Bear 200 g";"2025-11-12";299.0
"698444196";"Lindt Teddy Bear 200 g";"Lindt";"Heureka.cz|Jídlo a nápoje|Sladkosti|Čokoládové figurky|Lindt Teddy Bear 200 g";"2025-11-12";299.0
"698444196";"Lindt Teddy Bear 200 g";"Lindt";"Heureka.cz|Jídlo a nápoje|Sladkosti|Čokoládové figurky|Lindt Teddy Bear 200 g";"2025-11-13";299.0
"698444196";"Lindt Teddy Bear 200 g";"Lindt";"Heureka.cz|Jídlo a nápoje|Sladkosti|Čokoládové figurky|Lindt Teddy Bear 200 g";"2025-11-13";199.0
"698444196";"Lindt Teddy Bear 200 g";"Lindt";"Heureka.cz|Jídlo a nápoje|Sladkosti|Čokoládové figurky|Lindt Teddy Bear 200 g";"2025-11-13";225.0
"698444196";"Lindt Teddy Bear 200 g";"Lindt";"Heureka.cz|Jídlo a nápoje|Sladkosti|Čokoládové figurky|Lindt Teddy Bear 200 g";"2025-11-13";239.0
"698444196";"Lindt Teddy Bear 200 g";"Lindt";"Heureka.cz|Jídlo a nápoje|Sladkosti|Čokoládové figurky|Lindt Teddy Bear 200 g";"2025-11-13";299.0
"698444196";"Lindt Teddy Bear 200 g";"Lindt";"Heureka.cz|Jídlo a nápoje|Sladkosti|Čokoládové figurky|Lindt Teddy Bear 200 g";"2025-11-14";300.0
"698444196";"Lindt Teddy Bear 200 g";"Lindt";"Heureka.cz|Jídlo a nápoje|Sladkosti|Čokoládové figurky|Lindt Teddy Bear 200 g";"2025-11-14";199.0
"698444196";"Lindt Teddy Bear 200 g";"Lindt";"Heureka.cz|Jídlo a nápoje|Sladkosti|Čokoládové figurky|Lindt Teddy Bear 200 g";"2025-11-14";225.0
"698444196";"Lindt Teddy Bear 200 g";"Lindt";"Heureka.cz|Jídlo a nápoje|Sladkosti|Čokoládové figurky|Lindt Teddy Bear 200 g";"2025-11-14";239.0
"698444196";"Lindt Teddy Bear 200 g";"Lindt";"Heureka.cz|Jídlo a nápoje|Sladkosti|Čokoládové figurky|Lindt Teddy Bear 200 g";"2025-11-14";299.0
"698444196";"Lindt Teddy Bear 200 g";"Lindt";"Heureka.cz|Jídlo a nápoje|Sladkosti|Čokoládové figurky|Lindt Teddy Bear 200 g";"2025-11-15";300.0
"698444196";"Lindt Teddy Bear 200 g";"Lindt";"Heureka.cz|Jídlo a nápoje|Sladkosti|Čokoládové figurky|Lindt Teddy Bear 200 g";"2025-11-15";199.0
"698444196";"Lindt Teddy Bear 200 g";"Lindt";"Heureka.cz|Jídlo a nápoje|Sladkosti|Čokoládové figurky|Lindt Teddy Bear 200 g";"2025-11-15";225.0
"698444196";"Lindt Teddy Bear 200 g";"Lindt";"Heureka.cz|Jídlo a nápoje|Sladkosti|Čokoládové figurky|Lindt Teddy Bear 200 g";"2025-11-15";239.0
"698444196";"Lindt Teddy Bear 200 g";"Lindt";"Heureka.cz|Jídlo a nápoje|Sladkosti|Čokoládové figurky|Lindt Teddy Bear 200 g";"2025-11-15";299.0
"698444196";"Lindt Teddy Bear 200 g";"Lindt";"Heureka.cz|Jídlo a nápoje|Sladkosti|Čokoládové figurky|Lindt Teddy Bear 200 g";"2025-11-16";300.0
"698444196";"Lindt Teddy Bear 200 g";"Lindt";"Heureka.cz|Jídlo a nápoje|Sladkosti|Čokoládové figurky|Lindt Teddy Bear 200 g";"2025-11-16";199.0
"698444196";"Lindt Teddy Bear 200 g";"Lindt";"Heureka.cz|Jídlo a nápoje|Sladkosti|Čokoládové figurky|Lindt Teddy Bear 200 g";"2025-11-16";225.0
"698444196";"Lindt Teddy Bear 200 g";"Lindt";"Heureka.cz|Jídlo a nápoje|Sladkosti|Čokoládové figurky|Lindt Teddy Bear 200 g";"2025-11-16";239.0
"698444196";"Lindt Teddy Bear 200 g";"Lindt";"Heureka.cz|Jídlo a nápoje|Sladkosti|Čokoládové figurky|Lindt Teddy Bear 200 g";"2025-11-16";299.0
"698444196";"Lindt Teddy Bear 200 g";"Lindt";"Heureka.cz|Jídlo a nápoje|Sladkosti|Čokoládové figurky|Lindt Teddy Bear 200 g";"2025-11-17";300.0
"698444196";"Lindt Teddy Bear 200 g";"Lindt";"Heureka.cz|Jídlo a nápoje|Sladkosti|Čokoládové figurky|Lindt Teddy Bear 200 g";"2025-11-17";199.0
"698444196";"Lindt Teddy Bear 200 g";"Lindt";"Heureka.cz|Jídlo a nápoje|Sladkosti|Čokoládové figurky|Lindt Teddy Bear 200 g";"2025-11-17";225.0
"698444196";"Lindt Teddy Bear 200 g";"Lindt";"Heureka.cz|Jídlo a nápoje|Sladkosti|Čokoládové figurky|Lindt Teddy Bear 200 g";"2025-11-17";239.0
"698444196";"Lindt Teddy Bear 200 g";"Lindt";"Heureka.cz|Jídlo a nápoje|Sladkosti|Čokoládové figurky|Lindt Teddy Bear 200 g";"2025-11-17";299.0
"698444196";"Lindt Teddy Bear 200 g";"Lindt";"Heureka.cz|Jídlo a nápoje|Sladkosti|Čokoládové figurky|Lindt Teddy Bear 200 g";"2025-11-18";300.0
"698444196";"Lindt Teddy Bear 200 g";"Lindt";"Heureka.cz|Jídlo a nápoje|Sladkosti|Čokoládové figurky|Lindt Teddy Bear 200 g";"2025-11-18";199.0
"698444196";"Lindt Teddy Bear 200 g";"Lindt";"Heureka.cz|Jídlo a nápoje|Sladkosti|Čokoládové figurky|Lindt Teddy Bear 200 g";"2025-11-18";225.0
"698444196";"Lindt Teddy Bear 200 g";"Lindt";"Heureka.cz|Jídlo a nápoje|Sladkosti|Čokoládové figurky|Lindt Teddy Bear 200 g";"2025-11-18";239.0
"698444196";"Lindt Teddy Bear 200 g";"Lindt";"Heureka.cz|Jídlo a nápoje|Sladkosti|Čokoládové figurky|Lindt Teddy Bear 200 g";"2025-11-18";299.0
"698444196";"Lindt Teddy Bear 200 g";"Lindt";"Heureka.cz|Jídlo a nápoje|Sladkosti|Čokoládové figurky|Lindt Teddy Bear 200 g";"2025-11-19";199.0
"698444196";"Lindt Teddy Bear 200 g";"Lindt";"Heureka.cz|Jídlo a nápoje|Sladkosti|Čokoládové figurky|Lindt Teddy Bear 200 g";"2025-11-19";225.0
"698444196";"Lindt Teddy Bear 200 g";"Lindt";"Heureka.cz|Jídlo a nápoje|Sladkosti|Čokoládové figurky|Lindt Teddy Bear 200 g";"2025-11-19";299.0
"698444196";"Lindt Teddy Bear 200 g";"Lindt";"Heureka.cz|Jídlo a nápoje|Sladkosti|Čokoládové figurky|Lindt Teddy Bear 200 g";"2025-11-19";300.0
"698444196";"Lindt Teddy Bear 200 g";"Lindt";"Heureka.cz|Jídlo a nápoje|Sladkosti|Čokoládové figurky|Lindt Teddy Bear 200 g";"2025-11-20";199.0
"698444196";"Lindt Teddy Bear 200 g";"Lindt";"Heureka.cz|Jídlo a nápoje|Sladkosti|Čokoládové figurky|Lindt Teddy Bear 200 g";"2025-11-20";225.0
"698444196";"Lindt Teddy Bear 200 g";"Lindt";"Heureka.cz|Jídlo a nápoje|Sladkosti|Čokoládové figurky|Lindt Teddy Bear 200 g";"2025-11-20";299.0
"698444196";"Lindt Teddy Bear 200 g";"Lindt";"Heureka.cz|Jídlo a nápoje|Sladkosti|Čokoládové figurky|Lindt Teddy Bear 200 g";"2025-11-20";300.0
"698444196";"Lindt Teddy Bear 200 g";"Lindt";"Heureka.cz|Jídlo a nápoje|Sladkosti|Čokoládové figurky|Lindt Teddy Bear 200 g";"2025-11-21";199.0
"698444196";"Lindt Teddy Bear 200 g";"Lindt";"Heureka.cz|Jídlo a nápoje|Sladkosti|Čokoládové figurky|Lindt Teddy Bear 200 g";"2025-11-21";225.0
"698444196";"Lindt Teddy Bear 200 g";"Lindt";"Heureka.cz|Jídlo a nápoje|Sladkosti|Čokoládové figurky|Lindt Teddy Bear 200 g";"2025-11-21";299.0
"698444196";"Lindt Teddy Bear 200 g";"Lindt";"Heureka.cz|Jídlo a nápoje|Sladkosti|Čokoládové figurky|Lindt Teddy Bear 200 g";"2025-11-21";300.0
"698444196";"Lindt Teddy Bear 200 g";"Lindt";"Heureka.cz|Jídlo a nápoje|Sladkosti|Čokoládové figurky|Lindt Teddy Bear 200 g";"2025-11-22";199.0
"698444196";"Lindt Teddy Bear 200 g";"Lindt";"Heureka.cz|Jídlo a nápoje|Sladkosti|Čokoládové figurky|Lindt Teddy Bear 200 g";"2025-11-22";225.0
"698444196";"Lindt Teddy Bear 200 g";"Lindt";"Heureka.cz|Jídlo a nápoje|Sladkosti|Čokoládové figurky|Lindt Teddy Bear 200 g";"2025-11-22";299.0
"698444196";"Lindt Teddy Bear 200 g";"Lindt";"Heureka.cz|Jídlo a nápoje|Sladkosti|Čokoládové figurky|Lindt Teddy Bear 200 g";"2025-11-22";300.0
"698444196";"Lindt Teddy Bear 200 g";"Lindt";"Heureka.cz|Jídlo a nápoje|Sladkosti|Čokoládové figurky|Lindt Teddy Bear 200 g";"2025-11-23";199.0
"698444196";"Lindt Teddy Bear 200 g";"Lindt";"Heureka.cz|Jídlo a nápoje|Sladkosti|Čokoládové figurky|Lindt Teddy Bear 200 g";"2025-11-23";225.0
"698444196";"Lindt Teddy Bear 200 g";"Lindt";"Heureka.cz|Jídlo a nápoje|Sladkosti|Čokoládové figurky|Lindt Teddy Bear 200 g";"2025-11-23";299.0
"698444196";"Lindt Teddy Bear 200 g";"Lindt";"Heureka.cz|Jídlo a nápoje|Sladkosti|Čokoládové figurky|Lindt Teddy Bear 200 g";"2025-11-23";300.0
"698444196";"Lindt Teddy Bear 200 g";"Lindt";"Heureka.cz|Jídlo a nápoje|Sladkosti|Čokoládové figurky|Lindt Teddy Bear 200 g";"2025-11-24";199.0
"698444196";"Lindt Teddy Bear 200 g";"Lindt";"Heureka.cz|Jídlo a nápoje|Sladkosti|Čokoládové figurky|Lindt Teddy Bear 200 g";"2025-11-24";299.0
"698444196";"Lindt Teddy Bear 200 g";"Lindt";"Heureka.cz|Jídlo a nápoje|Sladkosti|Čokoládové figurky|Lindt Teddy Bear 200 g";"2025-11-24";300.0
"698444196";"Lindt Teddy Bear 200 g";"Lindt";"Heureka.cz|Jídlo a nápoje|Sladkosti|Čokoládové figurky|Lindt Teddy Bear 200 g";"2025-11-25";199.0
"698444196";"Lindt Teddy Bear 200 g";"Lindt";"Heureka.cz|Jídlo a nápoje|Sladkosti|Čokoládové figurky|Lindt Teddy Bear 200 g";"2025-11-25";299.0
"698444196";"Lindt Teddy Bear 200 g";"Lindt";"Heureka.cz|Jídlo a nápoje|Sladkosti|Čokoládové figurky|Lindt Teddy Bear 200 g";"2025-11-25";300.0
"698444196";"Lindt Teddy Bear 200 g";"Lindt";"Heureka.cz|Jídlo a nápoje|Sladkosti|Čokoládové figurky|Lindt Teddy Bear 200 g";"2025-11-26";199.0
"698444196";"Lindt Teddy Bear 200 g";"Lindt";"Heureka.cz|Jídlo a nápoje|Sladkosti|Čokoládové figurky|Lindt Teddy Bear 200 g";"2025-11-26";199.0
"698444196";"Lindt Teddy Bear 200 g";"Lindt";"Heureka.cz|Jídlo a nápoje|Sladkosti|Čokoládové figurky|Lindt Teddy Bear 200 g";"2025-11-26";299.0
"698444196";"Lindt Teddy Bear 200 g";"Lindt";"Heureka.cz|Jídlo a nápoje|Sladkosti|Čokoládové figurky|Lindt Teddy Bear 200 g";"2025-11-26";300.0
"698444196";"Lindt Teddy Bear 200 g";"Lindt";"Heureka.cz|Jídlo a nápoje|Sladkosti|Čokoládové figurky|Lindt Teddy Bear 200 g";"2025-11-27";199.0
"698444196";"Lindt Teddy Bear 200 g";"Lindt";"Heureka.cz|Jídlo a nápoje|Sladkosti|Čokoládové figurky|Lindt Teddy Bear 200 g";"2025-11-27";199.0
"698444196";"Lindt Teddy Bear 200 g";"Lindt";"Heureka.cz|Jídlo a nápoje|Sladkosti|Čokoládové figurky|Lindt Teddy Bear 200 g";"2025-11-27";299.0
"698444196";"Lindt Teddy Bear 200 g";"Lindt";"Heureka.cz|Jídlo a nápoje|Sladkosti|Čokoládové figurky|Lindt Teddy Bear 200 g";"2025-11-27";300.0
"698444196";"Lindt Teddy Bear 200 g";"Lindt";"Heureka.cz|Jídlo a nápoje|Sladkosti|Čokoládové figurky|Lindt Teddy Bear 200 g";"2025-11-28";0.0
"698444196";"Lindt Teddy Bear 200 g";"Lindt";"Heureka.cz|Jídlo a nápoje|Sladkosti|Čokoládové figurky|Lindt Teddy Bear 200 g";"2025-11-28";0.0
"698444196";"Lindt Teddy Bear 200 g";"Lindt";"Heureka.cz|Jídlo a nápoje|Sladkosti|Čokoládové figurky|Lindt Teddy Bear 200 g";"2025-11-28";299.0
"698444196";"Lindt Teddy Bear 200 g";"Lindt";"Heureka.cz|Jídlo a nápoje|Sladkosti|Čokoládové figurky|Lindt Teddy Bear 200 g";"2025-11-28";300.0
"698444196";"Lindt Teddy Bear 200 g";"Lindt";"Heureka.cz|Jídlo a nápoje|Sladkosti|Čokoládové figurky|Lindt Teddy Bear 200 g";"2025-11-29";199.0
"698444196";"Lindt Teddy Bear 200 g";"Lindt";"Heureka.cz|Jídlo a nápoje|Sladkosti|Čokoládové figurky|Lindt Teddy Bear 200 g";"2025-11-29";250.0
"698444196";"Lindt Teddy Bear 200 g";"Lindt";"Heureka.cz|Jídlo a nápoje|Sladkosti|Čokoládové figurky|Lindt Teddy Bear 200 g";"2025-11-29";299.0
"698444196";"Lindt Teddy Bear 200 g";"Lindt";"Heureka.cz|Jídlo a nápoje|Sladkosti|Čokoládové figurky|Lindt Teddy Bear 200 g";"2025-11-29";300.0
"698444196";"Lindt Teddy Bear 200 g";"Lindt";"Heureka.cz|Jídlo a nápoje|Sladkosti|Čokoládové figurky|Lindt Teddy Bear 200 g";"2025-11-30";199.0
"698444196";"Lindt Teddy Bear 200 g";"Lindt";"Heureka.cz|Jídlo a nápoje|Sladkosti|Čokoládové figurky|Lindt Teddy Bear 200 g";"2025-11-30";250.0
"698444196";"Lindt Teddy Bear 200 g";"Lindt";"Heureka.cz|Jídlo a nápoje|Sladkosti|Čokoládové figurky|Lindt Teddy Bear 200 g";"2025-11-30";299.0
"698444196";"Lindt Teddy Bear 200 g";"Lindt";"Heureka.cz|Jídlo a nápoje|Sladkosti|Čokoládové figurky|Lindt Teddy Bear 200 g";"2025-11-30";300.0
"698444196";"Lindt Teddy Bear 200 g";"Lindt";"Heureka.cz|Jídlo a nápoje|Sladkosti|Čokoládové figurky|Lindt Teddy Bear 200 g";"2025-12-01";199.0
"698444196";"Lindt Teddy Bear 200 g";"Lindt";"Heureka.cz|Jídlo a nápoje|Sladkosti|Čokoládové figurky|Lindt Teddy Bear 200 g";"2025-12-01";250.0
"698444196";"Lindt Teddy Bear 200 g";"Lindt";"Heureka.cz|Jídlo a nápoje|Sladkosti|Čokoládové figurky|Lindt Teddy Bear 200 g";"2025-12-01";299.0
"698444196";"Lindt Teddy Bear 200 g";"Lindt";"Heureka.cz|Jídlo a nápoje|Sladkosti|Čokoládové figurky|Lindt Teddy Bear 200 g";"2025-12-01";300.0
"698444196";"Lindt Teddy Bear 200 g";"Lindt";"Heureka.cz|Jídlo a nápoje|Sladkosti|Čokoládové figurky|Lindt Teddy Bear 200 g";"2025-12-02";199.0
"698444196";"Lindt Teddy Bear 200 g";"Lindt";"Heureka.cz|Jídlo a nápoje|Sladkosti|Čokoládové figurky|Lindt Teddy Bear 200 g";"2025-12-02";250.0
"698444196";"Lindt Teddy Bear 200 g";"Lindt";"Heureka.cz|Jídlo a nápoje|Sladkosti|Čokoládové figurky|Lindt Teddy Bear 200 g";"2025-12-02";299.0
"698444196";"Lindt Teddy Bear 200 g";"Lindt";"Heureka.cz|Jídlo a nápoje|Sladkosti|Čokoládové figurky|Lindt Teddy Bear 200 g";"2025-12-02";300.0
"698444196";"Lindt Teddy Bear 200 g";"Lindt";"Heureka.cz|Jídlo a nápoje|Sladkosti|Čokoládové figurky|Lindt Teddy Bear 200 g";"2025-12-03";199.0
"698444196";"Lindt Teddy Bear 200 g";"Lindt";"Heureka.cz|Jídlo a nápoje|Sladkosti|Čokoládové figurky|Lindt Teddy Bear 200 g";"2025-12-03";250.0
"698444196";"Lindt Teddy Bear 200 g";"Lindt";"Heureka.cz|Jídlo a nápoje|Sladkosti|Čokoládové figurky|Lindt Teddy Bear 200 g";"2025-12-03";299.0
"698444196";"Lindt Teddy Bear 200 g";"Lindt";"Heureka.cz|Jídlo a nápoje|Sladkosti|Čokoládové figurky|Lindt Teddy Bear 200 g";"2025-12-03";300.0
"698444196";"Lindt Teddy Bear 200 g";"Lindt";"Heureka.cz|Jídlo a nápoje|Sladkosti|Čokoládové figurky|Lindt Teddy Bear 200 g";"2025-12-04";199.0
"698444196";"Lindt Teddy Bear 200 g";"Lindt";"Heureka.cz|Jídlo a nápoje|Sladkosti|Čokoládové figurky|Lindt Teddy Bear 200 g";"2025-12-04";250.0
"698444196";"Lindt Teddy Bear 200 g";"Lindt";"Heureka.cz|Jídlo a nápoje|Sladkosti|Čokoládové figurky|Lindt Teddy Bear 200 g";"2025-12-04";299.0
"698444196";"Lindt Teddy Bear 200 g";"Lindt";"Heureka.cz|Jídlo a nápoje|Sladkosti|Čokoládové figurky|Lindt Teddy Bear 200 g";"2025-12-04";300.0
"698444196";"Lindt Teddy Bear 200 g";"Lindt";"Heureka.cz|Jídlo a nápoje|Sladkosti|Čokoládové figurky|Lindt Teddy Bear 200 g";"2025-12-05";199.0
"698444196";"Lindt Teddy Bear 200 g";"Lindt";"Heureka.cz|Jídlo a nápoje|Sladkosti|Čokoládové figurky|Lindt Teddy Bear 200 g";"2025-12-05";250.0
"698444196";"Lindt Teddy Bear 200 g";"Lindt";"Heureka.cz|Jídlo a nápoje|Sladkosti|Čokoládové figurky|Lindt Teddy Bear 200 g";"2025-12-05";299.0
"698444196";"Lindt Teddy Bear 200 g";"Lindt";"Heureka.cz|Jídlo a nápoje|Sladkosti|Čokoládové figurky|Lindt Teddy Bear 200 g";"2025-12-05";300.0
"698444196";"Lindt Teddy Bear 200 g";"Lindt";"Heureka.cz|Jídlo a nápoje|Sladkosti|Čokoládové figurky|Lindt Teddy Bear 200 g";"2025-12-06";199.0
"698444196";"Lindt Teddy Bear 200 g";"Lindt";"Heureka.cz|Jídlo a nápoje|Sladkosti|Čokoládové figurky|Lindt Teddy Bear 200 g";"2025-12-06";250.0
"698444196";"Lindt Teddy Bear 200 g";"Lindt";"Heureka.cz|Jídlo a nápoje|Sladkosti|Čokoládové figurky|Lindt Teddy Bear 200 g";"2025-12-06";299.0
"698444196";"Lindt Teddy Bear 200 g";"Lindt";"Heureka.cz|Jídlo a nápoje|Sladkosti|Čokoládové figurky|Lindt Teddy Bear 200 g";"2025-12-06";300.0
"698444196";"Lindt Teddy Bear 200 g";"Lindt";"Heureka.cz|Jídlo a nápoje|Sladkosti|Čokoládové figurky|Lindt Teddy Bear 200 g";"2025-12-07";199.0
"698444196";"Lindt Teddy Bear 200 g";"Lindt";"Heureka.cz|Jídlo a nápoje|Sladkosti|Čokoládové figurky|Lindt Teddy Bear 200 g";"2025-12-07";250.0
"698444196";"Lindt Teddy Bear 200 g";"Lindt";"Heureka.cz|Jídlo a nápoje|Sladkosti|Čokoládové figurky|Lindt Teddy Bear 200 g";"2025-12-07";299.0
"698444196";"Lindt Teddy Bear 200 g";"Lindt";"Heureka.cz|Jídlo a nápoje|Sladkosti|Čokoládové figurky|Lindt Teddy Bear 200 g";"2025-12-07";300.0
"698444196";"Lindt Teddy Bear 200 g";"Lindt";"Heureka.cz|Jídlo a nápoje|Sladkosti|Čokoládové figurky|Lindt Teddy Bear 200 g";"2025-12-08";199.0
"698444196";"Lindt Teddy Bear 200 g";"Lindt";"Heureka.cz|Jídlo a nápoje|Sladkosti|Čokoládové figurky|Lindt Teddy Bear 200 g";"2025-12-08";250.0
"698444196";"Lindt Teddy Bear 200 g";"Lindt";"Heureka.cz|Jídlo a nápoje|Sladkosti|Čokoládové figurky|Lindt Teddy Bear 200 g";"2025-12-08";299.0
"698444196";"Lindt Teddy Bear 200 g";"Lindt";"Heureka.cz|Jídlo a nápoje|Sladkosti|Čokoládové figurky|Lindt Teddy Bear 200 g";"2025-12-08";300.0
"912729469";"Orion Mikuláš 85 g";"Orion";"Heureka.cz|Jídlo a nápoje|Sladkosti|Čokoládové figurky|Orion Mikuláš 85 g";"2025-10-23";89.0
"912729469";"Orion Mikuláš 85 g";"Orion";"Heureka.cz|Jídlo a nápoje|Sladkosti|Čokoládové figurky|Orion Mikuláš 85 g";"2025-11-05";89.0
"912729469";"Orion Mikuláš 85 g";"Orion";"Heureka.cz|Jídlo a nápoje|Sladkosti|Čokoládové figurky|Orion Mikuláš 85 g";"2025-11-06";63.0
"912729469";"Orion Mikuláš 85 g";"Orion";"Heureka.cz|Jídlo a nápoje|Sladkosti|Čokoládové figurky|Orion Mikuláš 85 g";"2025-11-06";89.0
"912729469";"Orion Mikuláš 85 g";"Orion";"Heureka.cz|Jídlo a nápoje|Sladkosti|Čokoládové figurky|Orion Mikuláš 85 g";"2025-11-07";63.0
"912729469";"Orion Mikuláš 85 g";"Orion";"Heureka.cz|Jídlo a nápoje|Sladkosti|Čokoládové figurky|Orion Mikuláš 85 g";"2025-11-07";89.0
"912729469";"Orion Mikuláš 85 g";"Orion";"Heureka.cz|Jídlo a nápoje|Sladkosti|Čokoládové figurky|Orion Mikuláš 85 g";"2025-11-08";0.0
"912729469";"Orion Mikuláš 85 g";"Orion";"Heureka.cz|Jídlo a nápoje|Sladkosti|Čokoládové figurky|Orion Mikuláš 85 g";"2025-11-08";89.0
"912729469";"Orion Mikuláš 85 g";"Orion";"Heureka.cz|Jídlo a nápoje|Sladkosti|Čokoládové figurky|Orion Mikuláš 85 g";"2025-11-09";0.0
"912729469";"Orion Mikuláš 85 g";"Orion";"Heureka.cz|Jídlo a nápoje|Sladkosti|Čokoládové figurky|Orion Mikuláš 85 g";"2025-11-09";84.0
"912729469";"Orion Mikuláš 85 g";"Orion";"Heureka.cz|Jídlo a nápoje|Sladkosti|Čokoládové figurky|Orion Mikuláš 85 g";"2025-11-09";85.0
"912729469";"Orion Mikuláš 85 g";"Orion";"Heureka.cz|Jídlo a nápoje|Sladkosti|Čokoládové figurky|Orion Mikuláš 85 g";"2025-11-09";89.0
"912729469";"Orion Mikuláš 85 g";"Orion";"Heureka.cz|Jídlo a nápoje|Sladkosti|Čokoládové figurky|Orion Mikuláš 85 g";"2025-11-10";0.0
"912729469";"Orion Mikuláš 85 g";"Orion";"Heureka.cz|Jídlo a nápoje|Sladkosti|Čokoládové figurky|Orion Mikuláš 85 g";"2025-11-10";89.0
"912729469";"Orion Mikuláš 85 g";"Orion";"Heureka.cz|Jídlo a nápoje|Sladkosti|Čokoládové figurky|Orion Mikuláš 85 g";"2025-11-11";0.0
"912729469";"Orion Mikuláš 85 g";"Orion";"Heureka.cz|Jídlo a nápoje|Sladkosti|Čokoládové figurky|Orion Mikuláš 85 g";"2025-11-11";89.0
"912729469";"Orion Mikuláš 85 g";"Orion";"Heureka.cz|Jídlo a nápoje|Sladkosti|Čokoládové figurky|Orion Mikuláš 85 g";"2025-11-12";0.0
"912729469";"Orion Mikuláš 85 g";"Orion";"Heureka.cz|Jídlo a nápoje|Sladkosti|Čokoládové figurky|Orion Mikuláš 85 g";"2025-11-12";84.0
"912729469";"Orion Mikuláš 85 g";"Orion";"Heureka.cz|Jídlo a nápoje|Sladkosti|Čokoládové figurky|Orion Mikuláš 85 g";"2025-11-12";89.0
"912729469";"Orion Mikuláš 85 g";"Orion";"Heureka.cz|Jídlo a nápoje|Sladkosti|Čokoládové figurky|Orion Mikuláš 85 g";"2025-11-13";0.0
"912729469";"Orion Mikuláš 85 g";"Orion";"Heureka.cz|Jídlo a nápoje|Sladkosti|Čokoládové figurky|Orion Mikuláš 85 g";"2025-11-13";89.0
"912729469";"Orion Mikuláš 85 g";"Orion";"Heureka.cz|Jídlo a nápoje|Sladkosti|Čokoládové figurky|Orion Mikuláš 85 g";"2025-11-14";0.0
"912729469";"Orion Mikuláš 85 g";"Orion";"Heureka.cz|Jídlo a nápoje|Sladkosti|Čokoládové figurky|Orion Mikuláš 85 g";"2025-11-14";89.0
"912729469";"Orion Mikuláš 85 g";"Orion";"Heureka.cz|Jídlo a nápoje|Sladkosti|Čokoládové figurky|Orion Mikuláš 85 g";"2025-11-15";0.0
"912729469";"Orion Mikuláš 85 g";"Orion";"Heureka.cz|Jídlo a nápoje|Sladkosti|Čokoládové figurky|Orion Mikuláš 85 g";"2025-11-15";89.0
"912729469";"Orion Mikuláš 85 g";"Orion";"Heureka.cz|Jídlo a nápoje|Sladkosti|Čokoládové figurky|Orion Mikuláš 85 g";"2025-11-16";0.0
"912729469";"Orion Mikuláš 85 g";"Orion";"Heureka.cz|Jídlo a nápoje|Sladkosti|Čokoládové figurky|Orion Mikuláš 85 g";"2025-11-16";85.0
"912729469";"Orion Mikuláš 85 g";"Orion";"Heureka.cz|Jídlo a nápoje|Sladkosti|Čokoládové figurky|Orion Mikuláš 85 g";"2025-11-16";87.0
"912729469";"Orion Mikuláš 85 g";"Orion";"Heureka.cz|Jídlo a nápoje|Sladkosti|Čokoládové figurky|Orion Mikuláš 85 g";"2025-11-16";89.0
"912729469";"Orion Mikuláš 85 g";"Orion";"Heureka.cz|Jídlo a nápoje|Sladkosti|Čokoládové figurky|Orion Mikuláš 85 g";"2025-11-17";0.0
"912729469";"Orion Mikuláš 85 g";"Orion";"Heureka.cz|Jídlo a nápoje|Sladkosti|Čokoládové figurky|Orion Mikuláš 85 g";"2025-11-17";85.0
"912729469";"Orion Mikuláš 85 g";"Orion";"Heureka.cz|Jídlo a nápoje|Sladkosti|Čokoládové figurky|Orion Mikuláš 85 g";"2025-11-17";87.0
"912729469";"Orion Mikuláš 85 g";"Orion";"Heureka.cz|Jídlo a nápoje|Sladkosti|Čokoládové figurky|Orion Mikuláš 85 g";"2025-11-17";89.0
"912729469";"Orion Mikuláš 85 g";"Orion";"Heureka.cz|Jídlo a nápoje|Sladkosti|Čokoládové figurky|Orion Mikuláš 85 g";"2025-11-18";0.0
"912729469";"Orion Mikuláš 85 g";"Orion";"Heureka.cz|Jídlo a nápoje|Sladkosti|Čokoládové figurky|Orion Mikuláš 85 g";"2025-11-18";89.0
"912729469";"Orion Mikuláš 85 g";"Orion";"Heureka.cz|Jídlo a nápoje|Sladkosti|Čokoládové figurky|Orion Mikuláš 85 g";"2025-11-19";0.0
"912729469";"Orion Mikuláš 85 g";"Orion";"Heureka.cz|Jídlo a nápoje|Sladkosti|Čokoládové figurky|Orion Mikuláš 85 g";"2025-11-19";89.0
"912729469";"Orion Mikuláš 85 g";"Orion";"Heureka.cz|Jídlo a nápoje|Sladkosti|Čokoládové figurky|Orion Mikuláš 85 g";"2025-11-20";0.0
"912729469";"Orion Mikuláš 85 g";"Orion";"Heureka.cz|Jídlo a nápoje|Sladkosti|Čokoládové figurky|Orion Mikuláš 85 g";"2025-11-20";89.0
"912729469";"Orion Mikuláš 85 g";"Orion";"Heureka.cz|Jídlo a nápoje|Sladkosti|Čokoládové figurky|Orion Mikuláš 85 g";"2025-11-21";0.0
"912729469";"Orion Mikuláš 85 g";"Orion";"Heureka.cz|Jídlo a nápoje|Sladkosti|Čokoládové figurky|Orion Mikuláš 85 g";"2025-11-21";89.0
"912729469";"Orion Mikuláš 85 g";"Orion";"Heureka.cz|Jídlo a nápoje|Sladkosti|Čokoládové figurky|Orion Mikuláš 85 g";"2025-11-22";0.0
"912729469";"Orion Mikuláš 85 g";"Orion";"Heureka.cz|Jídlo a nápoje|Sladkosti|Čokoládové figurky|Orion Mikuláš 85 g";"2025-11-22";89.0
"912729469";"Orion Mikuláš 85 g";"Orion";"Heureka.cz|Jídlo a nápoje|Sladkosti|Čokoládové figurky|Orion Mikuláš 85 g";"2025-11-23";0.0
"912729469";"Orion Mikuláš 85 g";"Orion";"Heureka.cz|Jídlo a nápoje|Sladkosti|Čokoládové figurky|Orion Mikuláš 85 g";"2025-11-23";89.0
"912729469";"Orion Mikuláš 85 g";"Orion";"Heureka.cz|Jídlo a nápoje|Sladkosti|Čokoládové figurky|Orion Mikuláš 85 g";"2025-11-24";89.0
"912729469";"Orion Mikuláš 85 g";"Orion";"Heureka.cz|Jídlo a nápoje|Sladkosti|Čokoládové figurky|Orion Mikuláš 85 g";"2025-11-25";89.0
"912729469";"Orion Mikuláš 85 g";"Orion";"Heureka.cz|Jídlo a nápoje|Sladkosti|Čokoládové figurky|Orion Mikuláš 85 g";"2025-11-26";89.0
"912729469";"Orion Mikuláš 85 g";"Orion";"Heureka.cz|Jídlo a nápoje|Sladkosti|Čokoládové figurky|Orion Mikuláš 85 g";"2025-11-27";89.0
"912729469";"Orion Mikuláš 85 g";"Orion";"Heureka.cz|Jídlo a nápoje|Sladkosti|Čokoládové figurky|Orion Mikuláš 85 g";"2025-11-28";89.0
"912729469";"Orion Mikuláš 85 g";"Orion";"Heureka.cz|Jídlo a nápoje|Sladkosti|Čokoládové figurky|Orion Mikuláš 85 g";"2025-11-30";89.0
"912729469";"Orion Mikuláš 85 g";"Orion";"Heureka.cz|Jídlo a nápoje|Sladkosti|Čokoládové figurky|Orion Mikuláš 85 g";"2025-12-01";89.0
"912729469";"Orion Mikuláš 85 g";"Orion";"Heureka.cz|Jídlo a nápoje|Sladkosti|Čokoládové figurky|Orion Mikuláš 85 g";"2025-12-02";89.0
"912729469";"Orion Mikuláš 85 g";"Orion";"Heureka.cz|Jídlo a nápoje|Sladkosti|Čokoládové figurky|Orion Mikuláš 85 g";"2025-12-03";89.0
"912729469";"Orion Mikuláš 85 g";"Orion";"Heureka.cz|Jídlo a nápoje|Sladkosti|Čokoládové figurky|Orion Mikuláš 85 g";"2025-12-04";89.0
"912729469";"Orion Mikuláš 85 g";"Orion";"Heureka.cz|Jídlo a nápoje|Sladkosti|Čokoládové figurky|Orion Mikuláš 85 g";"2025-12-05";89.0
"912729469";"Orion Mikuláš 85 g";"Orion";"Heureka.cz|Jídlo a nápoje|Sladkosti|Čokoládové figurky|Orion Mikuláš 85 g";"2025-12-06";89.0
"912729469";"Orion Mikuláš 85 g";"Orion";"Heureka.cz|Jídlo a nápoje|Sladkosti|Čokoládové figurky|Orion Mikuláš 85 g";"2025-12-07";89.0
"912729469";"Orion Mikuláš 85 g";"Orion";"Heureka.cz|Jídlo a nápoje|Sladkosti|Čokoládové figurky|Orion Mikuláš 85 g";"2025-12-08";89.0
"989847675";"Orion Lentilky Vánoční kamarádi 65 g";"Orion";"Heureka.cz|Jídlo a nápoje|Sladkosti|Čokoládové figurky|Orion Lentilky Vánoční kamarádi 65 g";"2025-10-23";63.0
"989847675";"Orion Lentilky Vánoční kamarádi 65 g";"Orion";"Heureka.cz|Jídlo a nápoje|Sladkosti|Čokoládové figurky|Orion Lentilky Vánoční kamarádi 65 g";"2025-10-23";80.0
"989847675";"Orion Lentilky Vánoční kamarádi 65 g";"Orion";"Heureka.cz|Jídlo a nápoje|Sladkosti|Čokoládové figurky|Orion Lentilky Vánoční kamarádi 65 g";"2025-11-05";63.0
"989847675";"Orion Lentilky Vánoční kamarádi 65 g";"Orion";"Heureka.cz|Jídlo a nápoje|Sladkosti|Čokoládové figurky|Orion Lentilky Vánoční kamarádi 65 g";"2025-11-05";73.0
"989847675";"Orion Lentilky Vánoční kamarádi 65 g";"Orion";"Heureka.cz|Jídlo a nápoje|Sladkosti|Čokoládové figurky|Orion Lentilky Vánoční kamarádi 65 g";"2025-11-06";63.0
"989847675";"Orion Lentilky Vánoční kamarádi 65 g";"Orion";"Heureka.cz|Jídlo a nápoje|Sladkosti|Čokoládové figurky|Orion Lentilky Vánoční kamarádi 65 g";"2025-11-06";73.0
"989847675";"Orion Lentilky Vánoční kamarádi 65 g";"Orion";"Heureka.cz|Jídlo a nápoje|Sladkosti|Čokoládové figurky|Orion Lentilky Vánoční kamarádi 65 g";"2025-11-07";63.0
"989847675";"Orion Lentilky Vánoční kamarádi 65 g";"Orion";"Heureka.cz|Jídlo a nápoje|Sladkosti|Čokoládové figurky|Orion Lentilky Vánoční kamarádi 65 g";"2025-11-07";73.0
"989847675";"Orion Lentilky Vánoční kamarádi 65 g";"Orion";"Heureka.cz|Jídlo a nápoje|Sladkosti|Čokoládové figurky|Orion Lentilky Vánoční kamarádi 65 g";"2025-11-08";63.0
"989847675";"Orion Lentilky Vánoční kamarádi 65 g";"Orion";"Heureka.cz|Jídlo a nápoje|Sladkosti|Čokoládové figurky|Orion Lentilky Vánoční kamarádi 65 g";"2025-11-08";73.0
"989847675";"Orion Lentilky Vánoční kamarádi 65 g";"Orion";"Heureka.cz|Jídlo a nápoje|Sladkosti|Čokoládové figurky|Orion Lentilky Vánoční kamarádi 65 g";"2025-11-09";63.0
"989847675";"Orion Lentilky Vánoční kamarádi 65 g";"Orion";"Heureka.cz|Jídlo a nápoje|Sladkosti|Čokoládové figurky|Orion Lentilky Vánoční kamarádi 65 g";"2025-11-09";73.0
"989847675";"Orion Lentilky Vánoční kamarádi 65 g";"Orion";"Heureka.cz|Jídlo a nápoje|Sladkosti|Čokoládové figurky|Orion Lentilky Vánoční kamarádi 65 g";"2025-11-09";84.0
"989847675";"Orion Lentilky Vánoční kamarádi 65 g";"Orion";"Heureka.cz|Jídlo a nápoje|Sladkosti|Čokoládové figurky|Orion Lentilky Vánoční kamarádi 65 g";"2025-11-09";85.0
"989847675";"Orion Lentilky Vánoční kamarádi 65 g";"Orion";"Heureka.cz|Jídlo a nápoje|Sladkosti|Čokoládové figurky|Orion Lentilky Vánoční kamarádi 65 g";"2025-11-10";63.0
"989847675";"Orion Lentilky Vánoční kamarádi 65 g";"Orion";"Heureka.cz|Jídlo a nápoje|Sladkosti|Čokoládové figurky|Orion Lentilky Vánoční kamarádi 65 g";"2025-11-10";73.0
"989847675";"Orion Lentilky Vánoční kamarádi 65 g";"Orion";"Heureka.cz|Jídlo a nápoje|Sladkosti|Čokoládové figurky|Orion Lentilky Vánoční kamarádi 65 g";"2025-11-11";63.0
"989847675";"Orion Lentilky Vánoční kamarádi 65 g";"Orion";"Heureka.cz|Jídlo a nápoje|Sladkosti|Čokoládové figurky|Orion Lentilky Vánoční kamarádi 65 g";"2025-11-11";70.0
"989847675";"Orion Lentilky Vánoční kamarádi 65 g";"Orion";"Heureka.cz|Jídlo a nápoje|Sladkosti|Čokoládové figurky|Orion Lentilky Vánoční kamarádi 65 g";"2025-11-12";63.0
"989847675";"Orion Lentilky Vánoční kamarádi 65 g";"Orion";"Heureka.cz|Jídlo a nápoje|Sladkosti|Čokoládové figurky|Orion Lentilky Vánoční kamarádi 65 g";"2025-11-12";70.0
"989847675";"Orion Lentilky Vánoční kamarádi 65 g";"Orion";"Heureka.cz|Jídlo a nápoje|Sladkosti|Čokoládové figurky|Orion Lentilky Vánoční kamarádi 65 g";"2025-11-12";84.0
"989847675";"Orion Lentilky Vánoční kamarádi 65 g";"Orion";"Heureka.cz|Jídlo a nápoje|Sladkosti|Čokoládové figurky|Orion Lentilky Vánoční kamarádi 65 g";"2025-11-13";63.0
"989847675";"Orion Lentilky Vánoční kamarádi 65 g";"Orion";"Heureka.cz|Jídlo a nápoje|Sladkosti|Čokoládové figurky|Orion Lentilky Vánoční kamarádi 65 g";"2025-11-13";70.0
"989847675";"Orion Lentilky Vánoční kamarádi 65 g";"Orion";"Heureka.cz|Jídlo a nápoje|Sladkosti|Čokoládové figurky|Orion Lentilky Vánoční kamarádi 65 g";"2025-11-14";63.0
"989847675";"Orion Lentilky Vánoční kamarádi 65 g";"Orion";"Heureka.cz|Jídlo a nápoje|Sladkosti|Čokoládové figurky|Orion Lentilky Vánoční kamarádi 65 g";"2025-11-14";70.0
"989847675";"Orion Lentilky Vánoční kamarádi 65 g";"Orion";"Heureka.cz|Jídlo a nápoje|Sladkosti|Čokoládové figurky|Orion Lentilky Vánoční kamarádi 65 g";"2025-11-15";63.0
"989847675";"Orion Lentilky Vánoční kamarádi 65 g";"Orion";"Heureka.cz|Jídlo a nápoje|Sladkosti|Čokoládové figurky|Orion Lentilky Vánoční kamarádi 65 g";"2025-11-15";70.0
"989847675";"Orion Lentilky Vánoční kamarádi 65 g";"Orion";"Heureka.cz|Jídlo a nápoje|Sladkosti|Čokoládové figurky|Orion Lentilky Vánoční kamarádi 65 g";"2025-11-16";63.0
"989847675";"Orion Lentilky Vánoční kamarádi 65 g";"Orion";"Heureka.cz|Jídlo a nápoje|Sladkosti|Čokoládové figurky|Orion Lentilky Vánoční kamarádi 65 g";"2025-11-16";70.0
"989847675";"Orion Lentilky Vánoční kamarádi 65 g";"Orion";"Heureka.cz|Jídlo a nápoje|Sladkosti|Čokoládové figurky|Orion Lentilky Vánoční kamarádi 65 g";"2025-11-16";85.0
"989847675";"Orion Lentilky Vánoční kamarádi 65 g";"Orion";"Heureka.cz|Jídlo a nápoje|Sladkosti|Čokoládové figurky|Orion Lentilky Vánoční kamarádi 65 g";"2025-11-16";87.0
"989847675";"Orion Lentilky Vánoční kamarádi 65 g";"Orion";"Heureka.cz|Jídlo a nápoje|Sladkosti|Čokoládové figurky|Orion Lentilky Vánoční kamarádi 65 g";"2025-11-17";63.0
"989847675";"Orion Lentilky Vánoční kamarádi 65 g";"Orion";"Heureka.cz|Jídlo a nápoje|Sladkosti|Čokoládové figurky|Orion Lentilky Vánoční kamarádi 65 g";"2025-11-17";70.0
"989847675";"Orion Lentilky Vánoční kamarádi 65 g";"Orion";"Heureka.cz|Jídlo a nápoje|Sladkosti|Čokoládové figurky|Orion Lentilky Vánoční kamarádi 65 g";"2025-11-17";85.0
"989847675";"Orion Lentilky Vánoční kamarádi 65 g";"Orion";"Heureka.cz|Jídlo a nápoje|Sladkosti|Čokoládové figurky|Orion Lentilky Vánoční kamarádi 65 g";"2025-11-17";87.0
"989847675";"Orion Lentilky Vánoční kamarádi 65 g";"Orion";"Heureka.cz|Jídlo a nápoje|Sladkosti|Čokoládové figurky|Orion Lentilky Vánoční kamarádi 65 g";"2025-11-18";63.0
"989847675";"Orion Lentilky Vánoční kamarádi 65 g";"Orion";"Heureka.cz|Jídlo a nápoje|Sladkosti|Čokoládové figurky|Orion Lentilky Vánoční kamarádi 65 g";"2025-11-18";70.0
"989847675";"Orion Lentilky Vánoční kamarádi 65 g";"Orion";"Heureka.cz|Jídlo a nápoje|Sladkosti|Čokoládové figurky|Orion Lentilky Vánoční kamarádi 65 g";"2025-11-19";63.0
"989847675";"Orion Lentilky Vánoční kamarádi 65 g";"Orion";"Heureka.cz|Jídlo a nápoje|Sladkosti|Čokoládové figurky|Orion Lentilky Vánoční kamarádi 65 g";"2025-11-19";70.0
"989847675";"Orion Lentilky Vánoční kamarádi 65 g";"Orion";"Heureka.cz|Jídlo a nápoje|Sladkosti|Čokoládové figurky|Orion Lentilky Vánoční kamarádi 65 g";"2025-11-20";63.0
"989847675";"Orion Lentilky Vánoční kamarádi 65 g";"Orion";"Heureka.cz|Jídlo a nápoje|Sladkosti|Čokoládové figurky|Orion Lentilky Vánoční kamarádi 65 g";"2025-11-20";70.0
"989847675";"Orion Lentilky Vánoční kamarádi 65 g";"Orion";"Heureka.cz|Jídlo a nápoje|Sladkosti|Čokoládové figurky|Orion Lentilky Vánoční kamarádi 65 g";"2025-11-21";63.0
"989847675";"Orion Lentilky Vánoční kamarádi 65 g";"Orion";"Heureka.cz|Jídlo a nápoje|Sladkosti|Čokoládové figurky|Orion Lentilky Vánoční kamarádi 65 g";"2025-11-21";70.0
"989847675";"Orion Lentilky Vánoční kamarádi 65 g";"Orion";"Heureka.cz|Jídlo a nápoje|Sladkosti|Čokoládové figurky|Orion Lentilky Vánoční kamarádi 65 g";"2025-11-22";63.0
"989847675";"Orion Lentilky Vánoční kamarádi 65 g";"Orion";"Heureka.cz|Jídlo a nápoje|Sladkosti|Čokoládové figurky|Orion Lentilky Vánoční kamarádi 65 g";"2025-11-22";70.0
"989847675";"Orion Lentilky Vánoční kamarádi 65 g";"Orion";"Heureka.cz|Jídlo a nápoje|Sladkosti|Čokoládové figurky|Orion Lentilky Vánoční kamarádi 65 g";"2025-11-23";63.0
"989847675";"Orion Lentilky Vánoční kamarádi 65 g";"Orion";"Heureka.cz|Jídlo a nápoje|Sladkosti|Čokoládové figurky|Orion Lentilky Vánoční kamarádi 65 g";"2025-11-23";70.0
"989847675";"Orion Lentilky Vánoční kamarádi 65 g";"Orion";"Heureka.cz|Jídlo a nápoje|Sladkosti|Čokoládové figurky|Orion Lentilky Vánoční kamarádi 65 g";"2025-11-24";63.0
"989847675";"Orion Lentilky Vánoční kamarádi 65 g";"Orion";"Heureka.cz|Jídlo a nápoje|Sladkosti|Čokoládové figurky|Orion Lentilky Vánoční kamarádi 65 g";"2025-11-24";70.0
"989847675";"Orion Lentilky Vánoční kamarádi 65 g";"Orion";"Heureka.cz|Jídlo a nápoje|Sladkosti|Čokoládové figurky|Orion Lentilky Vánoční kamarádi 65 g";"2025-11-25";63.0
"989847675";"Orion Lentilky Vánoční kamarádi 65 g";"Orion";"Heureka.cz|Jídlo a nápoje|Sladkosti|Čokoládové figurky|Orion Lentilky Vánoční kamarádi 65 g";"2025-11-25";70.0
"989847675";"Orion Lentilky Vánoční kamarádi 65 g";"Orion";"Heureka.cz|Jídlo a nápoje|Sladkosti|Čokoládové figurky|Orion Lentilky Vánoční kamarádi 65 g";"2025-11-26";63.0
"989847675";"Orion Lentilky Vánoční kamarádi 65 g";"Orion";"Heureka.cz|Jídlo a nápoje|Sladkosti|Čokoládové figurky|Orion Lentilky Vánoční kamarádi 65 g";"2025-11-26";70.0
"989847675";"Orion Lentilky Vánoční kamarádi 65 g";"Orion";"Heureka.cz|Jídlo a nápoje|Sladkosti|Čokoládové figurky|Orion Lentilky Vánoční kamarádi 65 g";"2025-11-27";63.0
"989847675";"Orion Lentilky Vánoční kamarádi 65 g";"Orion";"Heureka.cz|Jídlo a nápoje|Sladkosti|Čokoládové figurky|Orion Lentilky Vánoční kamarádi 65 g";"2025-11-27";70.0
"989847675";"Orion Lentilky Vánoční kamarádi 65 g";"Orion";"Heureka.cz|Jídlo a nápoje|Sladkosti|Čokoládové figurky|Orion Lentilky Vánoční kamarádi 65 g";"2025-11-28";63.0
"989847675";"Orion Lentilky Vánoční kamarádi 65 g";"Orion";"Heureka.cz|Jídlo a nápoje|Sladkosti|Čokoládové figurky|Orion Lentilky Vánoční kamarádi 65 g";"2025-11-28";70.0
"989847675";"Orion Lentilky Vánoční kamarádi 65 g";"Orion";"Heureka.cz|Jídlo a nápoje|Sladkosti|Čokoládové figurky|Orion Lentilky Vánoční kamarádi 65 g";"2025-11-29";63.0
"989847675";"Orion Lentilky Vánoční kamarádi 65 g";"Orion";"Heureka.cz|Jídlo a nápoje|Sladkosti|Čokoládové figurky|Orion Lentilky Vánoční kamarádi 65 g";"2025-11-29";70.0
"989847675";"Orion Lentilky Vánoční kamarádi 65 g";"Orion";"Heureka.cz|Jídlo a nápoje|Sladkosti|Čokoládové figurky|Orion Lentilky Vánoční kamarádi 65 g";"2025-11-30";63.0
"989847675";"Orion Lentilky Vánoční kamarádi 65 g";"Orion";"Heureka.cz|Jídlo a nápoje|Sladkosti|Čokoládové figurky|Orion Lentilky Vánoční kamarádi 65 g";"2025-11-30";70.0
"989847675";"Orion Lentilky Vánoční kamarádi 65 g";"Orion";"Heureka.cz|Jídlo a nápoje|Sladkosti|Čokoládové figurky|Orion Lentilky Vánoční kamarádi 65 g";"2025-12-01";63.0
"989847675";"Orion Lentilky Vánoční kamarádi 65 g";"Orion";"Heureka.cz|Jídlo a nápoje|Sladkosti|Čokoládové figurky|Orion Lentilky Vánoční kamarádi 65 g";"2025-12-01";70.0
"989847675";"Orion Lentilky Vánoční kamarádi 65 g";"Orion";"Heureka.cz|Jídlo a nápoje|Sladkosti|Čokoládové figurky|Orion Lentilky Vánoční kamarádi 65 g";"2025-12-02";60.0
"989847675";"Orion Lentilky Vánoční kamarádi 65 g";"Orion";"Heureka.cz|Jídlo a nápoje|Sladkosti|Čokoládové figurky|Orion Lentilky Vánoční kamarádi 65 g";"2025-12-03";60.0
"989847675";"Orion Lentilky Vánoční kamarádi 65 g";"Orion";"Heureka.cz|Jídlo a nápoje|Sladkosti|Čokoládové figurky|Orion Lentilky Vánoční kamarádi 65 g";"2025-12-04";60.0
"989847675";"Orion Lentilky Vánoční kamarádi 65 g";"Orion";"Heureka.cz|Jídlo a nápoje|Sladkosti|Čokoládové figurky|Orion Lentilky Vánoční kamarádi 65 g";"2025-12-05";60.0
"989847675";"Orion Lentilky Vánoční kamarádi 65 g";"Orion";"Heureka.cz|Jídlo a nápoje|Sladkosti|Čokoládové figurky|Orion Lentilky Vánoční kamarádi 65 g";"2025-12-06";60.0
"989847675";"Orion Lentilky Vánoční kamarádi 65 g";"Orion";"Heureka.cz|Jídlo a nápoje|Sladkosti|Čokoládové figurky|Orion Lentilky Vánoční kamarádi 65 g";"2025-12-07";60.0
"989847675";"Orion Lentilky Vánoční kamarádi 65 g";"Orion";"Heureka.cz|Jídlo a nápoje|Sladkosti|Čokoládové figurky|Orion Lentilky Vánoční kamarádi 65 g";"2025-12-08";60.0
